movieId,title,genres,year,title_text,year_text,genres_text,tags,content_features
1,Toy Story (1995),Adventure|Animation|Children|Comedy|Fantasy,1995,toy story,year_1995 decade_1990s,Adventure Adventure Adventure Animation Animation Animation Children Children Children Comedy Comedy Comedy Fantasy Fantasy Fantasy,pixar fun,toy story year_1995 decade_1990s Adventure Adventure Adventure Animation Animation Animation Children Children Children Comedy Comedy Comedy Fantasy Fantasy Fantasy pixar fun
2,Jumanji (1995),Adventure|Children|Fantasy,1995,jumanji,year_1995 decade_1990s,Adventure Adventure Adventure Children Children Children Fantasy Fantasy Fantasy,robin williams fantasy,jumanji year_1995 decade_1990s Adventure Adventure Adventure Children Children Children Fantasy Fantasy Fantasy robin williams fantasy
3,Grumpier Old Men (1995),Comedy|Romance,1995,grumpier old men,year_1995 decade_1990s,Comedy Comedy Comedy Romance Romance Romance,,grumpier old men year_1995 decade_1990s Comedy Comedy Comedy Romance Romance Romance
4,Waiting to Exhale (1995),Comedy|Drama|Romance,1995,waiting to exhale,year_1995 decade_1990s,Comedy Comedy Comedy Drama Drama Drama Romance Romance Romance,,waiting to exhale year_1995 decade_1990s Comedy Comedy Comedy Drama Drama Drama Romance Romance Romance
5,Father of the Bride Part II (1995),Comedy,1995,father of the bride part ii,year_1995 decade_1990s,Comedy Comedy Comedy,remake pregnancy,father of the bride part ii year_1995 decade_1990s Comedy Comedy Comedy remake pregnancy
6,Heat (1995),Action|Crime|Thriller,1995,heat,year_1995 decade_1990s,Action Action Action Crime Crime Crime Thriller Thriller Thriller,,heat year_1995 decade_1990s Action Action Action Crime Crime Crime Thriller Thriller Thriller
7,Sabrina (1995),Comedy|Romance,1995,sabrina,year_1995 decade_1990s,Comedy Comedy Comedy Romance Romance Romance,remake,sabrina year_1995 decade_1990s Comedy Comedy Comedy Romance Romance Romance remake
8,Tom and Huck (1995),Adventure|Children,1995,tom and huck,year_1995 decade_1990s,Adventure Adventure Adventure Children Children Children,,tom and huck year_1995 decade_1990s Adventure Adventure Adventure Children Children Children
9,Sudden Death (1995),Action,1995,sudden death,year_1995 decade_1990s,Action Action Action,,sudden death year_1995 decade_1990s Action Action Action
10,GoldenEye (1995),Action|Adventure|Thriller,1995,goldeneye,year_1995 decade_1990s,Action Action Action Adventure Adventure Adventure Thriller Thriller Thriller,,goldeneye year_1995 decade_1990s Action Action Action Adventure Adventure Adventure Thriller Thriller Thriller
11,"American President, The (1995)",Comedy|Drama|Romance,1995,american president the,year_1995 decade_1990s,Comedy Comedy Comedy Drama Drama Drama Romance Romance Romance,president politics,american president the year_1995 decade_1990s Comedy Comedy Comedy Drama Drama Drama Romance Romance Romance president politics
12,Dracula: Dead and Loving It (1995),Comedy|Horror,1995,dracula dead and loving it,year_1995 decade_1990s,Comedy Comedy Comedy Horror Horror Horror,,dracula dead and loving it year_1995 decade_1990s Comedy Comedy Comedy Horror Horror Horror
13,Balto (1995),Adventure|Animation|Children,1995,balto,year_1995 decade_1990s,Adventure Adventure Adventure Animation Animation Animation Children Children Children,,balto year_1995 decade_1990s Adventure Adventure Adventure Animation Animation Animation Children Children Children
14,Nixon (1995),Drama,1995,nixon,year_1995 decade_1990s,Drama Drama Drama,president politics,nixon year_1995 decade_1990s Drama Drama Drama president politics
15,Cutthroat Island (1995),Action|Adventure|Romance,1995,cutthroat island,year_1995 decade_1990s,Action Action Action Adventure Adventure Adventure Romance Romance Romance,,cutthroat island year_1995 decade_1990s Action Action Action Adventure Adventure Adventure Romance Romance Romance
16,Casino (1995),Crime|Drama,1995,casino,year_1995 decade_1990s,Crime Crime Crime Drama Drama Drama,mafia,casino year_1995 decade_1990s Crime Crime Crime Drama Drama Drama mafia
17,Sense and Sensibility (1995),Drama|Romance,1995,sense and sensibility,year_1995 decade_1990s,Drama Drama Drama Romance Romance Romance,jane austen,sense and sensibility year_1995 decade_1990s Drama Drama Drama Romance Romance Romance jane austen
18,Four Rooms (1995),Comedy,1995,four rooms,year_1995 decade_1990s,Comedy Comedy Comedy,,four rooms year_1995 decade_1990s Comedy Comedy Comedy
19,Ace Ventura: When Nature Calls (1995),Comedy,1995,ace ventura when nature calls,year_1995 decade_1990s,Comedy Comedy Comedy,,ace ventura when nature calls year_1995 decade_1990s Comedy Comedy Comedy
20,Money Train (1995),Action|Comedy|Crime|Drama|Thriller,1995,money train,year_1995 decade_1990s,Action Action Action Comedy Comedy Comedy Crime Crime Crime Drama Drama Drama Thriller Thriller Thriller,,money train year_1995 decade_1990s Action Action Action Comedy Comedy Comedy Crime Crime Crime Drama Drama Drama Thriller Thriller Thriller
21,Get Shorty (1995),Comedy|Crime|Thriller,1995,get shorty,year_1995 decade_1990s,Comedy Comedy Comedy Crime Crime Crime Thriller Thriller Thriller,hollywood,get shorty year_1995 decade_1990s Comedy Comedy Comedy Crime Crime Crime Thriller Thriller Thriller hollywood
22,Copycat (1995),Crime|Drama|Horror|Mystery|Thriller,1995,copycat,year_1995 decade_1990s,Crime Crime Crime Drama Drama Drama Horror Horror Horror Mystery Mystery Mystery Thriller Thriller Thriller,serial killer,copycat year_1995 decade_1990s Crime Crime Crime Drama Drama Drama Horror Horror Horror Mystery Mystery Mystery Thriller Thriller Thriller serial killer
23,Assassins (1995),Action|Crime|Thriller,1995,assassins,year_1995 decade_1990s,Action Action Action Crime Crime Crime Thriller Thriller Thriller,,assassins year_1995 decade_1990s Action Action Action Crime Crime Crime Thriller Thriller Thriller
24,Powder (1995),Drama|Sci-Fi,1995,powder,year_1995 decade_1990s,Drama Drama Drama SciFi SciFi SciFi,,powder year_1995 decade_1990s Drama Drama Drama SciFi SciFi SciFi
25,Leaving Las Vegas (1995),Drama|Romance,1995,leaving las vegas,year_1995 decade_1990s,Drama Drama Drama Romance Romance Romance,alcoholism,leaving las vegas year_1995 decade_1990s Drama Drama Drama Romance Romance Romance alcoholism
26,Othello (1995),Drama,1995,othello,year_1995 decade_1990s,Drama Drama Drama,shakespeare,othello year_1995 decade_1990s Drama Drama Drama shakespeare
27,Now and Then (1995),Children|Drama,1995,now and then,year_1995 decade_1990s,Children Children Children Drama Drama Drama,,now and then year_1995 decade_1990s Children Children Children Drama Drama Drama
28,Persuasion (1995),Drama|Romance,1995,persuasion,year_1995 decade_1990s,Drama Drama Drama Romance Romance Romance,jane austen,persuasion year_1995 decade_1990s Drama Drama Drama Romance Romance Romance jane austen
29,"City of Lost Children, The (Cité des enfants perdus, La) (1995)",Adventure|Drama|Fantasy|Mystery|Sci-Fi,1995,city of lost children the cit des enfants perdus la,year_1995 decade_1990s,Adventure Adventure Adventure Drama Drama Drama Fantasy Fantasy Fantasy Mystery Mystery Mystery SciFi SciFi SciFi,kidnapping,city of lost children the cit des enfants perdus la year_1995 decade_1990s Adventure Adventure Adventure Drama Drama Drama Fantasy Fantasy Fantasy Mystery Mystery Mystery SciFi SciFi SciFi kidnapping
31,Dangerous Minds (1995),Drama,1995,dangerous minds,year_1995 decade_1990s,Drama Drama Drama,high school,dangerous minds year_1995 decade_1990s Drama Drama Drama high school
32,Twelve Monkeys (a.k.a. 12 Monkeys) (1995),Mystery|Sci-Fi|Thriller,1995,twelve monkeys a k a 12 monkeys,year_1995 decade_1990s,Mystery Mystery Mystery SciFi SciFi SciFi Thriller Thriller Thriller,time travel post apocalyptic twist ending bruce willis brad pitt remake mindfuck,twelve monkeys a k a 12 monkeys year_1995 decade_1990s Mystery Mystery Mystery SciFi SciFi SciFi Thriller Thriller Thriller time travel post apocalyptic twist ending bruce willis brad pitt remake mindfuck
34,Babe (1995),Children|Drama,1995,babe,year_1995 decade_1990s,Children Children Children Drama Drama Drama,animal movie,babe year_1995 decade_1990s Children Children Children Drama Drama Drama animal movie
36,Dead Man Walking (1995),Crime|Drama,1995,dead man walking,year_1995 decade_1990s,Crime Crime Crime Drama Drama Drama,death penalty,dead man walking year_1995 decade_1990s Crime Crime Crime Drama Drama Drama death penalty
39,Clueless (1995),Comedy|Romance,1995,clueless,year_1995 decade_1990s,Comedy Comedy Comedy Romance Romance Romance,jane austen chick flick funny paul rudd quotable seen more than once,clueless year_1995 decade_1990s Comedy Comedy Comedy Romance Romance Romance jane austen chick flick funny paul rudd quotable seen more than once
41,Richard III (1995),Drama|War,1995,richard iii,year_1995 decade_1990s,Drama Drama Drama War War War,shakespeare,richard iii year_1995 decade_1990s Drama Drama Drama War War War shakespeare
42,Dead Presidents (1995),Action|Crime|Drama,1995,dead presidents,year_1995 decade_1990s,Action Action Action Crime Crime Crime Drama Drama Drama,,dead presidents year_1995 decade_1990s Action Action Action Crime Crime Crime Drama Drama Drama
43,Restoration (1995),Drama,1995,restoration,year_1995 decade_1990s,Drama Drama Drama,england,restoration year_1995 decade_1990s Drama Drama Drama england
44,Mortal Kombat (1995),Action|Adventure|Fantasy,1995,mortal kombat,year_1995 decade_1990s,Action Action Action Adventure Adventure Adventure Fantasy Fantasy Fantasy,,mortal kombat year_1995 decade_1990s Action Action Action Adventure Adventure Adventure Fantasy Fantasy Fantasy
45,To Die For (1995),Comedy|Drama|Thriller,1995,to die for,year_1995 decade_1990s,Comedy Comedy Comedy Drama Drama Drama Thriller Thriller Thriller,journalism,to die for year_1995 decade_1990s Comedy Comedy Comedy Drama Drama Drama Thriller Thriller Thriller journalism
46,How to Make an American Quilt (1995),Drama|Romance,1995,how to make an american quilt,year_1995 decade_1990s,Drama Drama Drama Romance Romance Romance,wedding,how to make an american quilt year_1995 decade_1990s Drama Drama Drama Romance Romance Romance wedding
47,Seven (a.k.a. Se7en) (1995),Mystery|Thriller,1995,seven a k a se7en,year_1995 decade_1990s,Mystery Mystery Mystery Thriller Thriller Thriller,serial killer twist ending mystery,seven a k a se7en year_1995 decade_1990s Mystery Mystery Mystery Thriller Thriller Thriller serial killer twist ending mystery
48,Pocahontas (1995),Animation|Children|Drama|Musical|Romance,1995,pocahontas,year_1995 decade_1990s,Animation Animation Animation Children Children Children Drama Drama Drama Musical Musical Musical Romance Romance Romance,,pocahontas year_1995 decade_1990s Animation Animation Animation Children Children Children Drama Drama Drama Musical Musical Musical Romance Romance Romance
50,"Usual Suspects, The (1995)",Crime|Mystery|Thriller,1995,usual suspects the,year_1995 decade_1990s,Crime Crime Crime Mystery Mystery Mystery Thriller Thriller Thriller,heist twist ending suspense mindfuck thriller,usual suspects the year_1995 decade_1990s Crime Crime Crime Mystery Mystery Mystery Thriller Thriller Thriller heist twist ending suspense mindfuck thriller
52,Mighty Aphrodite (1995),Comedy|Drama|Romance,1995,mighty aphrodite,year_1995 decade_1990s,Comedy Comedy Comedy Drama Drama Drama Romance Romance Romance,prostitution,mighty aphrodite year_1995 decade_1990s Comedy Comedy Comedy Drama Drama Drama Romance Romance Romance prostitution
57,Home for the Holidays (1995),Drama,1995,home for the holidays,year_1995 decade_1990s,Drama Drama Drama,,home for the holidays year_1995 decade_1990s Drama Drama Drama
58,"Postman, The (Postino, Il) (1994)",Comedy|Drama|Romance,1994,postman the postino il,year_1994 decade_1990s,Comedy Comedy Comedy Drama Drama Drama Romance Romance Romance,writing,postman the postino il year_1994 decade_1990s Comedy Comedy Comedy Drama Drama Drama Romance Romance Romance writing
60,"Indian in the Cupboard, The (1995)",Adventure|Children|Fantasy,1995,indian in the cupboard the,year_1995 decade_1990s,Adventure Adventure Adventure Children Children Children Fantasy Fantasy Fantasy,,indian in the cupboard the year_1995 decade_1990s Adventure Adventure Adventure Children Children Children Fantasy Fantasy Fantasy
61,Eye for an Eye (1996),Drama|Thriller,1996,eye for an eye,year_1996 decade_1990s,Drama Drama Drama Thriller Thriller Thriller,,eye for an eye year_1996 decade_1990s Drama Drama Drama Thriller Thriller Thriller
62,Mr. Holland's Opus (1995),Drama,1995,mr holland s opus,year_1995 decade_1990s,Drama Drama Drama,music,mr holland s opus year_1995 decade_1990s Drama Drama Drama music
63,Don't Be a Menace to South Central While Drinking Your Juice in the Hood (1996),Comedy|Crime,1996,don t be a menace to south central while drinking your juice in the hood,year_1996 decade_1990s,Comedy Comedy Comedy Crime Crime Crime,,don t be a menace to south central while drinking your juice in the hood year_1996 decade_1990s Comedy Comedy Comedy Crime Crime Crime
64,Two if by Sea (1996),Comedy|Romance,1996,two if by sea,year_1996 decade_1990s,Comedy Comedy Comedy Romance Romance Romance,,two if by sea year_1996 decade_1990s Comedy Comedy Comedy Romance Romance Romance
65,Bio-Dome (1996),Comedy,1996,bio dome,year_1996 decade_1990s,Comedy Comedy Comedy,,bio dome year_1996 decade_1990s Comedy Comedy Comedy
66,Lawnmower Man 2: Beyond Cyberspace (1996),Action|Sci-Fi|Thriller,1996,lawnmower man 2 beyond cyberspace,year_1996 decade_1990s,Action Action Action SciFi SciFi SciFi Thriller Thriller Thriller,,lawnmower man 2 beyond cyberspace year_1996 decade_1990s Action Action Action SciFi SciFi SciFi Thriller Thriller Thriller
69,Friday (1995),Comedy,1995,friday,year_1995 decade_1990s,Comedy Comedy Comedy,,friday year_1995 decade_1990s Comedy Comedy Comedy
70,From Dusk Till Dawn (1996),Action|Comedy|Horror|Thriller,1996,from dusk till dawn,year_1996 decade_1990s,Action Action Action Comedy Comedy Comedy Horror Horror Horror Thriller Thriller Thriller,,from dusk till dawn year_1996 decade_1990s Action Action Action Comedy Comedy Comedy Horror Horror Horror Thriller Thriller Thriller
71,Fair Game (1995),Action,1995,fair game,year_1995 decade_1990s,Action Action Action,,fair game year_1995 decade_1990s Action Action Action
72,Kicking and Screaming (1995),Comedy|Drama,1995,kicking and screaming,year_1995 decade_1990s,Comedy Comedy Comedy Drama Drama Drama,,kicking and screaming year_1995 decade_1990s Comedy Comedy Comedy Drama Drama Drama
73,"Misérables, Les (1995)",Drama|War,1995,mis rables les,year_1995 decade_1990s,Drama Drama Drama War War War,,mis rables les year_1995 decade_1990s Drama Drama Drama War War War
74,Bed of Roses (1996),Drama|Romance,1996,bed of roses,year_1996 decade_1990s,Drama Drama Drama Romance Romance Romance,,bed of roses year_1996 decade_1990s Drama Drama Drama Romance Romance Romance
75,Big Bully (1996),Comedy|Drama,1996,big bully,year_1996 decade_1990s,Comedy Comedy Comedy Drama Drama Drama,,big bully year_1996 decade_1990s Comedy Comedy Comedy Drama Drama Drama
76,Screamers (1995),Action|Sci-Fi|Thriller,1995,screamers,year_1995 decade_1990s,Action Action Action SciFi SciFi SciFi Thriller Thriller Thriller,,screamers year_1995 decade_1990s Action Action Action SciFi SciFi SciFi Thriller Thriller Thriller
79,"Juror, The (1996)",Drama|Thriller,1996,juror the,year_1996 decade_1990s,Drama Drama Drama Thriller Thriller Thriller,,juror the year_1996 decade_1990s Drama Drama Drama Thriller Thriller Thriller
81,Things to Do in Denver When You're Dead (1995),Crime|Drama|Romance,1995,things to do in denver when you re dead,year_1995 decade_1990s,Crime Crime Crime Drama Drama Drama Romance Romance Romance,,things to do in denver when you re dead year_1995 decade_1990s Crime Crime Crime Drama Drama Drama Romance Romance Romance
82,Antonia's Line (Antonia) (1995),Comedy|Drama,1995,antonia s line antonia,year_1995 decade_1990s,Comedy Comedy Comedy Drama Drama Drama,,antonia s line antonia year_1995 decade_1990s Comedy Comedy Comedy Drama Drama Drama
85,Angels and Insects (1995),Drama|Romance,1995,angels and insects,year_1995 decade_1990s,Drama Drama Drama Romance Romance Romance,,angels and insects year_1995 decade_1990s Drama Drama Drama Romance Romance Romance
86,White Squall (1996),Action|Adventure|Drama,1996,white squall,year_1996 decade_1990s,Action Action Action Adventure Adventure Adventure Drama Drama Drama,,white squall year_1996 decade_1990s Action Action Action Adventure Adventure Adventure Drama Drama Drama
87,Dunston Checks In (1996),Children|Comedy,1996,dunston checks in,year_1996 decade_1990s,Children Children Children Comedy Comedy Comedy,,dunston checks in year_1996 decade_1990s Children Children Children Comedy Comedy Comedy
88,Black Sheep (1996),Comedy,1996,black sheep,year_1996 decade_1990s,Comedy Comedy Comedy,,black sheep year_1996 decade_1990s Comedy Comedy Comedy
89,Nick of Time (1995),Action|Thriller,1995,nick of time,year_1995 decade_1990s,Action Action Action Thriller Thriller Thriller,,nick of time year_1995 decade_1990s Action Action Action Thriller Thriller Thriller
92,Mary Reilly (1996),Drama|Horror|Thriller,1996,mary reilly,year_1996 decade_1990s,Drama Drama Drama Horror Horror Horror Thriller Thriller Thriller,,mary reilly year_1996 decade_1990s Drama Drama Drama Horror Horror Horror Thriller Thriller Thriller
93,Vampire in Brooklyn (1995),Comedy|Horror|Romance,1995,vampire in brooklyn,year_1995 decade_1990s,Comedy Comedy Comedy Horror Horror Horror Romance Romance Romance,,vampire in brooklyn year_1995 decade_1990s Comedy Comedy Comedy Horror Horror Horror Romance Romance Romance
94,Beautiful Girls (1996),Comedy|Drama|Romance,1996,beautiful girls,year_1996 decade_1990s,Comedy Comedy Comedy Drama Drama Drama Romance Romance Romance,,beautiful girls year_1996 decade_1990s Comedy Comedy Comedy Drama Drama Drama Romance Romance Romance
95,Broken Arrow (1996),Action|Adventure|Thriller,1996,broken arrow,year_1996 decade_1990s,Action Action Action Adventure Adventure Adventure Thriller Thriller Thriller,,broken arrow year_1996 decade_1990s Action Action Action Adventure Adventure Adventure Thriller Thriller Thriller
97,"Hate (Haine, La) (1995)",Crime|Drama,1995,hate haine la,year_1995 decade_1990s,Crime Crime Crime Drama Drama Drama,,hate haine la year_1995 decade_1990s Crime Crime Crime Drama Drama Drama
100,City Hall (1996),Drama|Thriller,1996,city hall,year_1996 decade_1990s,Drama Drama Drama Thriller Thriller Thriller,,city hall year_1996 decade_1990s Drama Drama Drama Thriller Thriller Thriller
101,Bottle Rocket (1996),Adventure|Comedy|Crime|Romance,1996,bottle rocket,year_1996 decade_1990s,Adventure Adventure Adventure Comedy Comedy Comedy Crime Crime Crime Romance Romance Romance,crime quirky off beat comedy,bottle rocket year_1996 decade_1990s Adventure Adventure Adventure Comedy Comedy Comedy Crime Crime Crime Romance Romance Romance crime quirky off beat comedy
102,Mr. Wrong (1996),Comedy,1996,mr wrong,year_1996 decade_1990s,Comedy Comedy Comedy,,mr wrong year_1996 decade_1990s Comedy Comedy Comedy
104,Happy Gilmore (1996),Comedy,1996,happy gilmore,year_1996 decade_1990s,Comedy Comedy Comedy,golf adam sandler,happy gilmore year_1996 decade_1990s Comedy Comedy Comedy golf adam sandler
105,"Bridges of Madison County, The (1995)",Drama|Romance,1995,bridges of madison county the,year_1995 decade_1990s,Drama Drama Drama Romance Romance Romance,,bridges of madison county the year_1995 decade_1990s Drama Drama Drama Romance Romance Romance
107,Muppet Treasure Island (1996),Adventure|Children|Comedy|Musical,1996,muppet treasure island,year_1996 decade_1990s,Adventure Adventure Adventure Children Children Children Comedy Comedy Comedy Musical Musical Musical,,muppet treasure island year_1996 decade_1990s Adventure Adventure Adventure Children Children Children Comedy Comedy Comedy Musical Musical Musical
110,Braveheart (1995),Action|Drama|War,1995,braveheart,year_1995 decade_1990s,Action Action Action Drama Drama Drama War War War,mel gibson inspirational revenge epic beautiful scenery,braveheart year_1995 decade_1990s Action Action Action Drama Drama Drama War War War mel gibson inspirational revenge epic beautiful scenery
111,Taxi Driver (1976),Crime|Drama|Thriller,1976,taxi driver,year_1976 decade_1970s,Crime Crime Crime Drama Drama Drama Thriller Thriller Thriller,assassination,taxi driver year_1976 decade_1970s Crime Crime Crime Drama Drama Drama Thriller Thriller Thriller assassination
112,Rumble in the Bronx (Hont faan kui) (1995),Action|Adventure|Comedy|Crime,1995,rumble in the bronx hont faan kui,year_1995 decade_1990s,Action Action Action Adventure Adventure Adventure Comedy Comedy Comedy Crime Crime Crime,,rumble in the bronx hont faan kui year_1995 decade_1990s Action Action Action Adventure Adventure Adventure Comedy Comedy Comedy Crime Crime Crime
122,Boomerang (1992),Comedy|Romance,1992,boomerang,year_1992 decade_1990s,Comedy Comedy Comedy Romance Romance Romance,dating,boomerang year_1992 decade_1990s Comedy Comedy Comedy Romance Romance Romance dating
125,Flirting With Disaster (1996),Comedy,1996,flirting with disaster,year_1996 decade_1990s,Comedy Comedy Comedy,,flirting with disaster year_1996 decade_1990s Comedy Comedy Comedy
126,"NeverEnding Story III, The (1994)",Adventure|Children|Fantasy,1994,neverending story iii the,year_1994 decade_1990s,Adventure Adventure Adventure Children Children Children Fantasy Fantasy Fantasy,,neverending story iii the year_1994 decade_1990s Adventure Adventure Adventure Children Children Children Fantasy Fantasy Fantasy
132,Jade (1995),Thriller,1995,jade,year_1995 decade_1990s,Thriller Thriller Thriller,,jade year_1995 decade_1990s Thriller Thriller Thriller
135,Down Periscope (1996),Comedy,1996,down periscope,year_1996 decade_1990s,Comedy Comedy Comedy,,down periscope year_1996 decade_1990s Comedy Comedy Comedy
140,Up Close and Personal (1996),Drama|Romance,1996,up close and personal,year_1996 decade_1990s,Drama Drama Drama Romance Romance Romance,journalism,up close and personal year_1996 decade_1990s Drama Drama Drama Romance Romance Romance journalism
141,"Birdcage, The (1996)",Comedy,1996,birdcage the,year_1996 decade_1990s,Comedy Comedy Comedy,,birdcage the year_1996 decade_1990s Comedy Comedy Comedy
144,"Brothers McMullen, The (1995)",Comedy,1995,brothers mcmullen the,year_1995 decade_1990s,Comedy Comedy Comedy,,brothers mcmullen the year_1995 decade_1990s Comedy Comedy Comedy
145,Bad Boys (1995),Action|Comedy|Crime|Drama|Thriller,1995,bad boys,year_1995 decade_1990s,Action Action Action Comedy Comedy Comedy Crime Crime Crime Drama Drama Drama Thriller Thriller Thriller,,bad boys year_1995 decade_1990s Action Action Action Comedy Comedy Comedy Crime Crime Crime Drama Drama Drama Thriller Thriller Thriller
147,"Basketball Diaries, The (1995)",Drama,1995,basketball diaries the,year_1995 decade_1990s,Drama Drama Drama,leonardo dicaprio heroin,basketball diaries the year_1995 decade_1990s Drama Drama Drama leonardo dicaprio heroin
150,Apollo 13 (1995),Adventure|Drama,1995,apollo 13,year_1995 decade_1990s,Adventure Adventure Adventure Drama Drama Drama,nasa space moon,apollo 13 year_1995 decade_1990s Adventure Adventure Adventure Drama Drama Drama nasa space moon
151,Rob Roy (1995),Action|Drama|Romance|War,1995,rob roy,year_1995 decade_1990s,Action Action Action Drama Drama Drama Romance Romance Romance War War War,,rob roy year_1995 decade_1990s Action Action Action Drama Drama Drama Romance Romance Romance War War War
153,Batman Forever (1995),Action|Adventure|Comedy|Crime,1995,batman forever,year_1995 decade_1990s,Action Action Action Adventure Adventure Adventure Comedy Comedy Comedy Crime Crime Crime,superhero,batman forever year_1995 decade_1990s Action Action Action Adventure Adventure Adventure Comedy Comedy Comedy Crime Crime Crime superhero
154,Beauty of the Day (Belle de jour) (1967),Drama,1967,beauty of the day belle de jour,year_1967 decade_1960s,Drama Drama Drama,,beauty of the day belle de jour year_1967 decade_1960s Drama Drama Drama
155,Beyond Rangoon (1995),Adventure|Drama|War,1995,beyond rangoon,year_1995 decade_1990s,Adventure Adventure Adventure Drama Drama Drama War War War,,beyond rangoon year_1995 decade_1990s Adventure Adventure Adventure Drama Drama Drama War War War
157,Canadian Bacon (1995),Comedy|War,1995,canadian bacon,year_1995 decade_1990s,Comedy Comedy Comedy War War War,,canadian bacon year_1995 decade_1990s Comedy Comedy Comedy War War War
158,Casper (1995),Adventure|Children,1995,casper,year_1995 decade_1990s,Adventure Adventure Adventure Children Children Children,,casper year_1995 decade_1990s Adventure Adventure Adventure Children Children Children
159,Clockers (1995),Crime|Drama|Mystery,1995,clockers,year_1995 decade_1990s,Crime Crime Crime Drama Drama Drama Mystery Mystery Mystery,,clockers year_1995 decade_1990s Crime Crime Crime Drama Drama Drama Mystery Mystery Mystery
160,Congo (1995),Action|Adventure|Mystery|Sci-Fi,1995,congo,year_1995 decade_1990s,Action Action Action Adventure Adventure Adventure Mystery Mystery Mystery SciFi SciFi SciFi,,congo year_1995 decade_1990s Action Action Action Adventure Adventure Adventure Mystery Mystery Mystery SciFi SciFi SciFi
161,Crimson Tide (1995),Drama|Thriller|War,1995,crimson tide,year_1995 decade_1990s,Drama Drama Drama Thriller Thriller Thriller War War War,submarine,crimson tide year_1995 decade_1990s Drama Drama Drama Thriller Thriller Thriller War War War submarine
162,Crumb (1994),Documentary,1994,crumb,year_1994 decade_1990s,Documentary Documentary Documentary,,crumb year_1994 decade_1990s Documentary Documentary Documentary
163,Desperado (1995),Action|Romance|Western,1995,desperado,year_1995 decade_1990s,Action Action Action Romance Romance Romance Western Western Western,,desperado year_1995 decade_1990s Action Action Action Romance Romance Romance Western Western Western
164,Devil in a Blue Dress (1995),Crime|Film-Noir|Mystery|Thriller,1995,devil in a blue dress,year_1995 decade_1990s,Crime Crime Crime FilmNoir FilmNoir FilmNoir Mystery Mystery Mystery Thriller Thriller Thriller,,devil in a blue dress year_1995 decade_1990s Crime Crime Crime FilmNoir FilmNoir FilmNoir Mystery Mystery Mystery Thriller Thriller Thriller
165,Die Hard: With a Vengeance (1995),Action|Crime|Thriller,1995,die hard with a vengeance,year_1995 decade_1990s,Action Action Action Crime Crime Crime Thriller Thriller Thriller,,die hard with a vengeance year_1995 decade_1990s Action Action Action Crime Crime Crime Thriller Thriller Thriller
168,First Knight (1995),Action|Drama|Romance,1995,first knight,year_1995 decade_1990s,Action Action Action Drama Drama Drama Romance Romance Romance,,first knight year_1995 decade_1990s Action Action Action Drama Drama Drama Romance Romance Romance
169,Free Willy 2: The Adventure Home (1995),Adventure|Children|Drama,1995,free willy 2 the adventure home,year_1995 decade_1990s,Adventure Adventure Adventure Children Children Children Drama Drama Drama,,free willy 2 the adventure home year_1995 decade_1990s Adventure Adventure Adventure Children Children Children Drama Drama Drama
170,Hackers (1995),Action|Adventure|Crime|Thriller,1995,hackers,year_1995 decade_1990s,Action Action Action Adventure Adventure Adventure Crime Crime Crime Thriller Thriller Thriller,,hackers year_1995 decade_1990s Action Action Action Adventure Adventure Adventure Crime Crime Crime Thriller Thriller Thriller
171,Jeffrey (1995),Comedy|Drama,1995,jeffrey,year_1995 decade_1990s,Comedy Comedy Comedy Drama Drama Drama,,jeffrey year_1995 decade_1990s Comedy Comedy Comedy Drama Drama Drama
172,Johnny Mnemonic (1995),Action|Sci-Fi|Thriller,1995,johnny mnemonic,year_1995 decade_1990s,Action Action Action SciFi SciFi SciFi Thriller Thriller Thriller,,johnny mnemonic year_1995 decade_1990s Action Action Action SciFi SciFi SciFi Thriller Thriller Thriller
173,Judge Dredd (1995),Action|Crime|Sci-Fi,1995,judge dredd,year_1995 decade_1990s,Action Action Action Crime Crime Crime SciFi SciFi SciFi,,judge dredd year_1995 decade_1990s Action Action Action Crime Crime Crime SciFi SciFi SciFi
174,Jury Duty (1995),Comedy,1995,jury duty,year_1995 decade_1990s,Comedy Comedy Comedy,,jury duty year_1995 decade_1990s Comedy Comedy Comedy
175,Kids (1995),Drama,1995,kids,year_1995 decade_1990s,Drama Drama Drama,controversial nudity full frontal new york city,kids year_1995 decade_1990s Drama Drama Drama controversial nudity full frontal new york city
176,Living in Oblivion (1995),Comedy,1995,living in oblivion,year_1995 decade_1990s,Comedy Comedy Comedy,,living in oblivion year_1995 decade_1990s Comedy Comedy Comedy
177,Lord of Illusions (1995),Horror,1995,lord of illusions,year_1995 decade_1990s,Horror Horror Horror,,lord of illusions year_1995 decade_1990s Horror Horror Horror
180,Mallrats (1995),Comedy|Romance,1995,mallrats,year_1995 decade_1990s,Comedy Comedy Comedy Romance Romance Romance,,mallrats year_1995 decade_1990s Comedy Comedy Comedy Romance Romance Romance
181,Mighty Morphin Power Rangers: The Movie (1995),Action|Children,1995,mighty morphin power rangers the movie,year_1995 decade_1990s,Action Action Action Children Children Children,,mighty morphin power rangers the movie year_1995 decade_1990s Action Action Action Children Children Children
185,"Net, The (1995)",Action|Crime|Thriller,1995,net the,year_1995 decade_1990s,Action Action Action Crime Crime Crime Thriller Thriller Thriller,,net the year_1995 decade_1990s Action Action Action Crime Crime Crime Thriller Thriller Thriller
186,Nine Months (1995),Comedy|Romance,1995,nine months,year_1995 decade_1990s,Comedy Comedy Comedy Romance Romance Romance,,nine months year_1995 decade_1990s Comedy Comedy Comedy Romance Romance Romance
188,"Prophecy, The (1995)",Fantasy|Horror|Mystery,1995,prophecy the,year_1995 decade_1990s,Fantasy Fantasy Fantasy Horror Horror Horror Mystery Mystery Mystery,,prophecy the year_1995 decade_1990s Fantasy Fantasy Fantasy Horror Horror Horror Mystery Mystery Mystery
190,Safe (1995),Thriller,1995,safe,year_1995 decade_1990s,Thriller Thriller Thriller,,safe year_1995 decade_1990s Thriller Thriller Thriller
191,"Scarlet Letter, The (1995)",Drama|Romance,1995,scarlet letter the,year_1995 decade_1990s,Drama Drama Drama Romance Romance Romance,,scarlet letter the year_1995 decade_1990s Drama Drama Drama Romance Romance Romance
193,Showgirls (1995),Drama,1995,showgirls,year_1995 decade_1990s,Drama Drama Drama,,showgirls year_1995 decade_1990s Drama Drama Drama
194,Smoke (1995),Comedy|Drama,1995,smoke,year_1995 decade_1990s,Comedy Comedy Comedy Drama Drama Drama,,smoke year_1995 decade_1990s Comedy Comedy Comedy Drama Drama Drama
195,Something to Talk About (1995),Comedy|Drama|Romance,1995,something to talk about,year_1995 decade_1990s,Comedy Comedy Comedy Drama Drama Drama Romance Romance Romance,,something to talk about year_1995 decade_1990s Comedy Comedy Comedy Drama Drama Drama Romance Romance Romance
196,Species (1995),Horror|Sci-Fi,1995,species,year_1995 decade_1990s,Horror Horror Horror SciFi SciFi SciFi,,species year_1995 decade_1990s Horror Horror Horror SciFi SciFi SciFi
198,Strange Days (1995),Action|Crime|Drama|Mystery|Sci-Fi|Thriller,1995,strange days,year_1995 decade_1990s,Action Action Action Crime Crime Crime Drama Drama Drama Mystery Mystery Mystery SciFi SciFi SciFi Thriller Thriller Thriller,,strange days year_1995 decade_1990s Action Action Action Crime Crime Crime Drama Drama Drama Mystery Mystery Mystery SciFi SciFi SciFi Thriller Thriller Thriller
203,"To Wong Foo, Thanks for Everything! Julie Newmar (1995)",Comedy,1995,to wong foo thanks for everything julie newmar,year_1995 decade_1990s,Comedy Comedy Comedy,,to wong foo thanks for everything julie newmar year_1995 decade_1990s Comedy Comedy Comedy
204,Under Siege 2: Dark Territory (1995),Action,1995,under siege 2 dark territory,year_1995 decade_1990s,Action Action Action,,under siege 2 dark territory year_1995 decade_1990s Action Action Action
205,Unstrung Heroes (1995),Comedy|Drama,1995,unstrung heroes,year_1995 decade_1990s,Comedy Comedy Comedy Drama Drama Drama,,unstrung heroes year_1995 decade_1990s Comedy Comedy Comedy Drama Drama Drama
207,"Walk in the Clouds, A (1995)",Drama|Romance,1995,walk in the clouds a,year_1995 decade_1990s,Drama Drama Drama Romance Romance Romance,,walk in the clouds a year_1995 decade_1990s Drama Drama Drama Romance Romance Romance
208,Waterworld (1995),Action|Adventure|Sci-Fi,1995,waterworld,year_1995 decade_1990s,Action Action Action Adventure Adventure Adventure SciFi SciFi SciFi,,waterworld year_1995 decade_1990s Action Action Action Adventure Adventure Adventure SciFi SciFi SciFi
213,Burnt by the Sun (Utomlyonnye solntsem) (1994),Drama,1994,burnt by the sun utomlyonnye solntsem,year_1994 decade_1990s,Drama Drama Drama,,burnt by the sun utomlyonnye solntsem year_1994 decade_1990s Drama Drama Drama
215,Before Sunrise (1995),Drama|Romance,1995,before sunrise,year_1995 decade_1990s,Drama Drama Drama Romance Romance Romance,generation x,before sunrise year_1995 decade_1990s Drama Drama Drama Romance Romance Romance generation x
216,Billy Madison (1995),Comedy,1995,billy madison,year_1995 decade_1990s,Comedy Comedy Comedy,school adam sandler,billy madison year_1995 decade_1990s Comedy Comedy Comedy school adam sandler
217,"Babysitter, The (1995)",Drama|Thriller,1995,babysitter the,year_1995 decade_1990s,Drama Drama Drama Thriller Thriller Thriller,,babysitter the year_1995 decade_1990s Drama Drama Drama Thriller Thriller Thriller
218,Boys on the Side (1995),Comedy|Drama,1995,boys on the side,year_1995 decade_1990s,Comedy Comedy Comedy Drama Drama Drama,,boys on the side year_1995 decade_1990s Comedy Comedy Comedy Drama Drama Drama
222,Circle of Friends (1995),Drama|Romance,1995,circle of friends,year_1995 decade_1990s,Drama Drama Drama Romance Romance Romance,ireland,circle of friends year_1995 decade_1990s Drama Drama Drama Romance Romance Romance ireland
223,Clerks (1994),Comedy,1994,clerks,year_1994 decade_1990s,Comedy Comedy Comedy,generation x cynical quirky witty hilarious,clerks year_1994 decade_1990s Comedy Comedy Comedy generation x cynical quirky witty hilarious
224,Don Juan DeMarco (1995),Comedy|Drama|Romance,1995,don juan demarco,year_1995 decade_1990s,Comedy Comedy Comedy Drama Drama Drama Romance Romance Romance,mental illness psychology,don juan demarco year_1995 decade_1990s Comedy Comedy Comedy Drama Drama Drama Romance Romance Romance mental illness psychology
225,Disclosure (1994),Drama|Thriller,1994,disclosure,year_1994 decade_1990s,Drama Drama Drama Thriller Thriller Thriller,,disclosure year_1994 decade_1990s Drama Drama Drama Thriller Thriller Thriller
227,Drop Zone (1994),Action|Thriller,1994,drop zone,year_1994 decade_1990s,Action Action Action Thriller Thriller Thriller,,drop zone year_1994 decade_1990s Action Action Action Thriller Thriller Thriller
229,Death and the Maiden (1994),Drama|Thriller,1994,death and the maiden,year_1994 decade_1990s,Drama Drama Drama Thriller Thriller Thriller,,death and the maiden year_1994 decade_1990s Drama Drama Drama Thriller Thriller Thriller
230,Dolores Claiborne (1995),Drama|Thriller,1995,dolores claiborne,year_1995 decade_1990s,Drama Drama Drama Thriller Thriller Thriller,stephen king,dolores claiborne year_1995 decade_1990s Drama Drama Drama Thriller Thriller Thriller stephen king
231,Dumb & Dumber (Dumb and Dumber) (1994),Adventure|Comedy,1994,dumb dumber dumb and dumber,year_1994 decade_1990s,Adventure Adventure Adventure Comedy Comedy Comedy,,dumb dumber dumb and dumber year_1994 decade_1990s Adventure Adventure Adventure Comedy Comedy Comedy
232,Eat Drink Man Woman (Yin shi nan nu) (1994),Comedy|Drama|Romance,1994,eat drink man woman yin shi nan nu,year_1994 decade_1990s,Comedy Comedy Comedy Drama Drama Drama Romance Romance Romance,,eat drink man woman yin shi nan nu year_1994 decade_1990s Comedy Comedy Comedy Drama Drama Drama Romance Romance Romance
233,Exotica (1994),Drama,1994,exotica,year_1994 decade_1990s,Drama Drama Drama,,exotica year_1994 decade_1990s Drama Drama Drama
234,Exit to Eden (1994),Comedy,1994,exit to eden,year_1994 decade_1990s,Comedy Comedy Comedy,,exit to eden year_1994 decade_1990s Comedy Comedy Comedy
235,Ed Wood (1994),Comedy|Drama,1994,ed wood,year_1994 decade_1990s,Comedy Comedy Comedy Drama Drama Drama,movie business,ed wood year_1994 decade_1990s Comedy Comedy Comedy Drama Drama Drama movie business
236,French Kiss (1995),Action|Comedy|Romance,1995,french kiss,year_1995 decade_1990s,Action Action Action Comedy Comedy Comedy Romance Romance Romance,,french kiss year_1995 decade_1990s Action Action Action Comedy Comedy Comedy Romance Romance Romance
237,Forget Paris (1995),Comedy|Romance,1995,forget paris,year_1995 decade_1990s,Comedy Comedy Comedy Romance Romance Romance,basketball france,forget paris year_1995 decade_1990s Comedy Comedy Comedy Romance Romance Romance basketball france
239,"Goofy Movie, A (1995)",Animation|Children|Comedy|Romance,1995,goofy movie a,year_1995 decade_1990s,Animation Animation Animation Children Children Children Comedy Comedy Comedy Romance Romance Romance,,goofy movie a year_1995 decade_1990s Animation Animation Animation Children Children Children Comedy Comedy Comedy Romance Romance Romance
242,Farinelli: il castrato (1994),Drama|Musical,1994,farinelli il castrato,year_1994 decade_1990s,Drama Drama Drama Musical Musical Musical,,farinelli il castrato year_1994 decade_1990s Drama Drama Drama Musical Musical Musical
246,Hoop Dreams (1994),Documentary,1994,hoop dreams,year_1994 decade_1990s,Documentary Documentary Documentary,basketball,hoop dreams year_1994 decade_1990s Documentary Documentary Documentary basketball
247,Heavenly Creatures (1994),Crime|Drama,1994,heavenly creatures,year_1994 decade_1990s,Crime Crime Crime Drama Drama Drama,australia,heavenly creatures year_1994 decade_1990s Crime Crime Crime Drama Drama Drama australia
248,Houseguest (1994),Comedy,1994,houseguest,year_1994 decade_1990s,Comedy Comedy Comedy,bad,houseguest year_1994 decade_1990s Comedy Comedy Comedy bad
249,Immortal Beloved (1994),Drama|Romance,1994,immortal beloved,year_1994 decade_1990s,Drama Drama Drama Romance Romance Romance,,immortal beloved year_1994 decade_1990s Drama Drama Drama Romance Romance Romance
250,Heavyweights (Heavy Weights) (1995),Children|Comedy,1995,heavyweights heavy weights,year_1995 decade_1990s,Children Children Children Comedy Comedy Comedy,,heavyweights heavy weights year_1995 decade_1990s Children Children Children Comedy Comedy Comedy
252,I.Q. (1994),Comedy|Romance,1994,i q,year_1994 decade_1990s,Comedy Comedy Comedy Romance Romance Romance,,i q year_1994 decade_1990s Comedy Comedy Comedy Romance Romance Romance
253,Interview with the Vampire: The Vampire Chronicles (1994),Drama|Horror,1994,interview with the vampire the vampire chronicles,year_1994 decade_1990s,Drama Drama Drama Horror Horror Horror,,interview with the vampire the vampire chronicles year_1994 decade_1990s Drama Drama Drama Horror Horror Horror
255,"Jerky Boys, The (1995)",Comedy,1995,jerky boys the,year_1995 decade_1990s,Comedy Comedy Comedy,,jerky boys the year_1995 decade_1990s Comedy Comedy Comedy
256,Junior (1994),Comedy|Sci-Fi,1994,junior,year_1994 decade_1990s,Comedy Comedy Comedy SciFi SciFi SciFi,,junior year_1994 decade_1990s Comedy Comedy Comedy SciFi SciFi SciFi
257,Just Cause (1995),Mystery|Thriller,1995,just cause,year_1995 decade_1990s,Mystery Mystery Mystery Thriller Thriller Thriller,court,just cause year_1995 decade_1990s Mystery Mystery Mystery Thriller Thriller Thriller court
258,"Kid in King Arthur's Court, A (1995)",Adventure|Children|Comedy|Fantasy|Romance,1995,kid in king arthur s court a,year_1995 decade_1990s,Adventure Adventure Adventure Children Children Children Comedy Comedy Comedy Fantasy Fantasy Fantasy Romance Romance Romance,,kid in king arthur s court a year_1995 decade_1990s Adventure Adventure Adventure Children Children Children Comedy Comedy Comedy Fantasy Fantasy Fantasy Romance Romance Romance
259,Kiss of Death (1995),Crime|Drama|Thriller,1995,kiss of death,year_1995 decade_1990s,Crime Crime Crime Drama Drama Drama Thriller Thriller Thriller,,kiss of death year_1995 decade_1990s Crime Crime Crime Drama Drama Drama Thriller Thriller Thriller
260,Star Wars: Episode IV - A New Hope (1977),Action|Adventure|Sci-Fi,1977,star wars episode iv a new hope,year_1977 decade_1970s,Action Action Action Adventure Adventure Adventure SciFi SciFi SciFi,darth vader luke skywalker space opera epic great soundtrack classic sci fi space action classic sci fi action space star wars,star wars episode iv a new hope year_1977 decade_1970s Action Action Action Adventure Adventure Adventure SciFi SciFi SciFi darth vader luke skywalker space opera epic great soundtrack classic sci fi space action classic sci fi action space star wars
261,Little Women (1994),Drama,1994,little women,year_1994 decade_1990s,Drama Drama Drama,,little women year_1994 decade_1990s Drama Drama Drama
262,"Little Princess, A (1995)",Children|Drama,1995,little princess a,year_1995 decade_1990s,Children Children Children Drama Drama Drama,england india girl power,little princess a year_1995 decade_1990s Children Children Children Drama Drama Drama england india girl power
265,Like Water for Chocolate (Como agua para chocolate) (1992),Drama|Fantasy|Romance,1992,like water for chocolate como agua para chocolate,year_1992 decade_1990s,Drama Drama Drama Fantasy Fantasy Fantasy Romance Romance Romance,,like water for chocolate como agua para chocolate year_1992 decade_1990s Drama Drama Drama Fantasy Fantasy Fantasy Romance Romance Romance
266,Legends of the Fall (1994),Drama|Romance|War|Western,1994,legends of the fall,year_1994 decade_1990s,Drama Drama Drama Romance Romance Romance War War War Western Western Western,,legends of the fall year_1994 decade_1990s Drama Drama Drama Romance Romance Romance War War War Western Western Western
267,Major Payne (1995),Comedy,1995,major payne,year_1995 decade_1990s,Comedy Comedy Comedy,,major payne year_1995 decade_1990s Comedy Comedy Comedy
270,Love Affair (1994),Drama|Romance,1994,love affair,year_1994 decade_1990s,Drama Drama Drama Romance Romance Romance,,love affair year_1994 decade_1990s Drama Drama Drama Romance Romance Romance
272,"Madness of King George, The (1994)",Comedy|Drama,1994,madness of king george the,year_1994 decade_1990s,Comedy Comedy Comedy Drama Drama Drama,england mental illness,madness of king george the year_1994 decade_1990s Comedy Comedy Comedy Drama Drama Drama england mental illness
273,Mary Shelley's Frankenstein (Frankenstein) (1994),Drama|Horror|Sci-Fi,1994,mary shelley s frankenstein frankenstein,year_1994 decade_1990s,Drama Drama Drama Horror Horror Horror SciFi SciFi SciFi,gothic,mary shelley s frankenstein frankenstein year_1994 decade_1990s Drama Drama Drama Horror Horror Horror SciFi SciFi SciFi gothic
274,Man of the House (1995),Comedy,1995,man of the house,year_1995 decade_1990s,Comedy Comedy Comedy,,man of the house year_1995 decade_1990s Comedy Comedy Comedy
275,Mixed Nuts (1994),Comedy,1994,mixed nuts,year_1994 decade_1990s,Comedy Comedy Comedy,,mixed nuts year_1994 decade_1990s Comedy Comedy Comedy
276,Milk Money (1994),Comedy|Romance,1994,milk money,year_1994 decade_1990s,Comedy Comedy Comedy Romance Romance Romance,,milk money year_1994 decade_1990s Comedy Comedy Comedy Romance Romance Romance
277,Miracle on 34th Street (1994),Drama,1994,miracle on 34th street,year_1994 decade_1990s,Drama Drama Drama,christmas,miracle on 34th street year_1994 decade_1990s Drama Drama Drama christmas
280,Murder in the First (1995),Drama|Thriller,1995,murder in the first,year_1995 decade_1990s,Drama Drama Drama Thriller Thriller Thriller,prison,murder in the first year_1995 decade_1990s Drama Drama Drama Thriller Thriller Thriller prison
281,Nobody's Fool (1994),Comedy|Drama|Romance,1994,nobody s fool,year_1994 decade_1990s,Comedy Comedy Comedy Drama Drama Drama Romance Romance Romance,,nobody s fool year_1994 decade_1990s Comedy Comedy Comedy Drama Drama Drama Romance Romance Romance
282,Nell (1994),Drama,1994,nell,year_1994 decade_1990s,Drama Drama Drama,disability twins,nell year_1994 decade_1990s Drama Drama Drama disability twins
288,Natural Born Killers (1994),Action|Crime|Thriller,1994,natural born killers,year_1994 decade_1990s,Action Action Action Crime Crime Crime Thriller Thriller Thriller,dark comedy brutality stylized controversial satire,natural born killers year_1994 decade_1990s Action Action Action Crime Crime Crime Thriller Thriller Thriller dark comedy brutality stylized controversial satire
289,Only You (1994),Comedy|Romance,1994,only you,year_1994 decade_1990s,Comedy Comedy Comedy Romance Romance Romance,,only you year_1994 decade_1990s Comedy Comedy Comedy Romance Romance Romance
290,Once Were Warriors (1994),Crime|Drama,1994,once were warriors,year_1994 decade_1990s,Crime Crime Crime Drama Drama Drama,,once were warriors year_1994 decade_1990s Crime Crime Crime Drama Drama Drama
292,Outbreak (1995),Action|Drama|Sci-Fi|Thriller,1995,outbreak,year_1995 decade_1990s,Action Action Action Drama Drama Drama SciFi SciFi SciFi Thriller Thriller Thriller,,outbreak year_1995 decade_1990s Action Action Action Drama Drama Drama SciFi SciFi SciFi Thriller Thriller Thriller
293,Léon: The Professional (a.k.a. The Professional) (Léon) (1994),Action|Crime|Drama|Thriller,1994,l on the professional a k a the professional l on,year_1994 decade_1990s,Action Action Action Crime Crime Crime Drama Drama Drama Thriller Thriller Thriller,hit men assassin jean reno hitman great acting love story quirky friendship crime action disturbing touching drama organized crime corruption unique imdb top 250 humorous guns police sniper loneliness tense assassination,l on the professional a k a the professional l on year_1994 decade_1990s Action Action Action Crime Crime Crime Drama Drama Drama Thriller Thriller Thriller hit men assassin jean reno hitman great acting love story quirky friendship crime action disturbing touching drama organized crime corruption unique imdb top 250 humorous guns police sniper loneliness tense assassination
296,Pulp Fiction (1994),Comedy|Crime|Drama|Thriller,1994,pulp fiction,year_1994 decade_1990s,Comedy Comedy Comedy Crime Crime Crime Drama Drama Drama Thriller Thriller Thriller,hit men great soundtrack non linear good dialogue quentin tarantino cult film drugs tarantino dark comedy nonlinear samuel l jackson multiple storylines violence black comedy bruce willis crime stylized action classic organized crime quirky violent masterpiece atmospheric comedy assassin funny dark humor imdb top 250 gangster cult notable soundtrack dialogue stylish highly quotable great dialogue dark gangsters intense mafia thriller rape ensemble cast fun gritty bloody very funny fast paced witty soundtrack retro quotable guns original plot intelligent characters bad ass original heroin neo noir ironic philosophical hitman great acting disturbing cult classic interesting brutality awesome drama humour intellectual parody psychological sarcasm satire film noir thought provoking twist ending unique dance bible suspense steve buscemi,pulp fiction year_1994 decade_1990s Comedy Comedy Comedy Crime Crime Crime Drama Drama Drama Thriller Thriller Thriller hit men great soundtrack non linear good dialogue quentin tarantino cult film drugs tarantino dark comedy nonlinear samuel l jackson multiple storylines violence black comedy bruce willis crime stylized action classic organized crime quirky violent masterpiece atmospheric comedy assassin funny dark humor imdb top 250 gangster cult notable soundtrack dialogue stylish highly quotable great dialogue dark gangsters intense mafia thriller rape ensemble cast fun gritty bloody very funny fast paced witty soundtrack retro quotable guns original plot intelligent characters bad ass original heroin neo noir ironic philosophical hitman great acting disturbing cult classic interesting brutality awesome drama humour intellectual parody psychological sarcasm satire film noir thought provoking twist ending unique dance bible suspense steve buscemi
300,Quiz Show (1994),Drama,1994,quiz show,year_1994 decade_1990s,Drama Drama Drama,tv,quiz show year_1994 decade_1990s Drama Drama Drama tv
302,"Queen Margot (Reine Margot, La) (1994)",Drama|Romance,1994,queen margot reine margot la,year_1994 decade_1990s,Drama Drama Drama Romance Romance Romance,,queen margot reine margot la year_1994 decade_1990s Drama Drama Drama Romance Romance Romance
303,"Quick and the Dead, The (1995)",Action|Thriller|Western,1995,quick and the dead the,year_1995 decade_1990s,Action Action Action Thriller Thriller Thriller Western Western Western,,quick and the dead the year_1995 decade_1990s Action Action Action Thriller Thriller Thriller Western Western Western
305,Ready to Wear (Pret-A-Porter) (1994),Comedy,1994,ready to wear pret a porter,year_1994 decade_1990s,Comedy Comedy Comedy,,ready to wear pret a porter year_1994 decade_1990s Comedy Comedy Comedy
306,Three Colors: Red (Trois couleurs: Rouge) (1994),Drama,1994,three colors red trois couleurs rouge,year_1994 decade_1990s,Drama Drama Drama,,three colors red trois couleurs rouge year_1994 decade_1990s Drama Drama Drama
307,Three Colors: Blue (Trois couleurs: Bleu) (1993),Drama,1993,three colors blue trois couleurs bleu,year_1993 decade_1990s,Drama Drama Drama,death,three colors blue trois couleurs bleu year_1993 decade_1990s Drama Drama Drama death
308,Three Colors: White (Trzy kolory: Bialy) (1994),Comedy|Drama,1994,three colors white trzy kolory bialy,year_1994 decade_1990s,Comedy Comedy Comedy Drama Drama Drama,cynical,three colors white trzy kolory bialy year_1994 decade_1990s Comedy Comedy Comedy Drama Drama Drama cynical
312,Stuart Saves His Family (1995),Comedy,1995,stuart saves his family,year_1995 decade_1990s,Comedy Comedy Comedy,,stuart saves his family year_1995 decade_1990s Comedy Comedy Comedy
314,"Secret of Roan Inish, The (1994)",Children|Drama|Fantasy|Mystery,1994,secret of roan inish the,year_1994 decade_1990s,Children Children Children Drama Drama Drama Fantasy Fantasy Fantasy Mystery Mystery Mystery,,secret of roan inish the year_1994 decade_1990s Children Children Children Drama Drama Drama Fantasy Fantasy Fantasy Mystery Mystery Mystery
315,"Specialist, The (1994)",Action|Drama|Thriller,1994,specialist the,year_1994 decade_1990s,Action Action Action Drama Drama Drama Thriller Thriller Thriller,,specialist the year_1994 decade_1990s Action Action Action Drama Drama Drama Thriller Thriller Thriller
316,Stargate (1994),Action|Adventure|Sci-Fi,1994,stargate,year_1994 decade_1990s,Action Action Action Adventure Adventure Adventure SciFi SciFi SciFi,time travel,stargate year_1994 decade_1990s Action Action Action Adventure Adventure Adventure SciFi SciFi SciFi time travel
317,"Santa Clause, The (1994)",Comedy|Drama|Fantasy,1994,santa clause the,year_1994 decade_1990s,Comedy Comedy Comedy Drama Drama Drama Fantasy Fantasy Fantasy,christmas,santa clause the year_1994 decade_1990s Comedy Comedy Comedy Drama Drama Drama Fantasy Fantasy Fantasy christmas
318,"Shawshank Redemption, The (1994)",Crime|Drama,1994,shawshank redemption the,year_1994 decade_1990s,Crime Crime Crime Drama Drama Drama,stephen king prison morgan freeman,shawshank redemption the year_1994 decade_1990s Crime Crime Crime Drama Drama Drama stephen king prison morgan freeman
319,Shallow Grave (1994),Comedy|Drama|Thriller,1994,shallow grave,year_1994 decade_1990s,Comedy Comedy Comedy Drama Drama Drama Thriller Thriller Thriller,,shallow grave year_1994 decade_1990s Comedy Comedy Comedy Drama Drama Drama Thriller Thriller Thriller
322,Swimming with Sharks (1995),Comedy|Drama,1995,swimming with sharks,year_1995 decade_1990s,Comedy Comedy Comedy Drama Drama Drama,,swimming with sharks year_1995 decade_1990s Comedy Comedy Comedy Drama Drama Drama
325,National Lampoon's Senior Trip (1995),Comedy,1995,national lampoon s senior trip,year_1995 decade_1990s,Comedy Comedy Comedy,,national lampoon s senior trip year_1995 decade_1990s Comedy Comedy Comedy
327,Tank Girl (1995),Action|Comedy|Sci-Fi,1995,tank girl,year_1995 decade_1990s,Action Action Action Comedy Comedy Comedy SciFi SciFi SciFi,,tank girl year_1995 decade_1990s Action Action Action Comedy Comedy Comedy SciFi SciFi SciFi
328,Tales from the Crypt Presents: Demon Knight (1995),Horror|Thriller,1995,tales from the crypt presents demon knight,year_1995 decade_1990s,Horror Horror Horror Thriller Thriller Thriller,,tales from the crypt presents demon knight year_1995 decade_1990s Horror Horror Horror Thriller Thriller Thriller
329,Star Trek: Generations (1994),Adventure|Drama|Sci-Fi,1994,star trek generations,year_1994 decade_1990s,Adventure Adventure Adventure Drama Drama Drama SciFi SciFi SciFi,,star trek generations year_1994 decade_1990s Adventure Adventure Adventure Drama Drama Drama SciFi SciFi SciFi
330,Tales from the Hood (1995),Action|Crime|Horror,1995,tales from the hood,year_1995 decade_1990s,Action Action Action Crime Crime Crime Horror Horror Horror,,tales from the hood year_1995 decade_1990s Action Action Action Crime Crime Crime Horror Horror Horror
332,Village of the Damned (1995),Horror|Sci-Fi,1995,village of the damned,year_1995 decade_1990s,Horror Horror Horror SciFi SciFi SciFi,,village of the damned year_1995 decade_1990s Horror Horror Horror SciFi SciFi SciFi
333,Tommy Boy (1995),Comedy,1995,tommy boy,year_1995 decade_1990s,Comedy Comedy Comedy,,tommy boy year_1995 decade_1990s Comedy Comedy Comedy
334,Vanya on 42nd Street (1994),Drama,1994,vanya on 42nd street,year_1994 decade_1990s,Drama Drama Drama,,vanya on 42nd street year_1994 decade_1990s Drama Drama Drama
337,What's Eating Gilbert Grape (1993),Drama,1993,what s eating gilbert grape,year_1993 decade_1990s,Drama Drama Drama,mental illness,what s eating gilbert grape year_1993 decade_1990s Drama Drama Drama mental illness
338,Virtuosity (1995),Action|Sci-Fi|Thriller,1995,virtuosity,year_1995 decade_1990s,Action Action Action SciFi SciFi SciFi Thriller Thriller Thriller,serial killer,virtuosity year_1995 decade_1990s Action Action Action SciFi SciFi SciFi Thriller Thriller Thriller serial killer
339,While You Were Sleeping (1995),Comedy|Romance,1995,while you were sleeping,year_1995 decade_1990s,Comedy Comedy Comedy Romance Romance Romance,coma,while you were sleeping year_1995 decade_1990s Comedy Comedy Comedy Romance Romance Romance coma
340,"War, The (1994)",Adventure|Drama|War,1994,war the,year_1994 decade_1990s,Adventure Adventure Adventure Drama Drama Drama War War War,,war the year_1994 decade_1990s Adventure Adventure Adventure Drama Drama Drama War War War
342,Muriel's Wedding (1994),Comedy,1994,muriel s wedding,year_1994 decade_1990s,Comedy Comedy Comedy,weddings australia,muriel s wedding year_1994 decade_1990s Comedy Comedy Comedy weddings australia
343,"Baby-Sitters Club, The (1995)",Children,1995,baby sitters club the,year_1995 decade_1990s,Children Children Children,,baby sitters club the year_1995 decade_1990s Children Children Children
344,Ace Ventura: Pet Detective (1994),Comedy,1994,ace ventura pet detective,year_1994 decade_1990s,Comedy Comedy Comedy,,ace ventura pet detective year_1994 decade_1990s Comedy Comedy Comedy
345,"Adventures of Priscilla, Queen of the Desert, The (1994)",Comedy|Drama,1994,adventures of priscilla queen of the desert the,year_1994 decade_1990s,Comedy Comedy Comedy Drama Drama Drama,remade cross dressing men in drag,adventures of priscilla queen of the desert the year_1994 decade_1990s Comedy Comedy Comedy Drama Drama Drama remade cross dressing men in drag
346,Backbeat (1993),Drama|Musical,1993,backbeat,year_1993 decade_1990s,Drama Drama Drama Musical Musical Musical,,backbeat year_1993 decade_1990s Drama Drama Drama Musical Musical Musical
347,Bitter Moon (1992),Drama|Film-Noir|Romance,1992,bitter moon,year_1992 decade_1990s,Drama Drama Drama FilmNoir FilmNoir FilmNoir Romance Romance Romance,,bitter moon year_1992 decade_1990s Drama Drama Drama FilmNoir FilmNoir FilmNoir Romance Romance Romance
348,Bullets Over Broadway (1994),Comedy,1994,bullets over broadway,year_1994 decade_1990s,Comedy Comedy Comedy,,bullets over broadway year_1994 decade_1990s Comedy Comedy Comedy
349,Clear and Present Danger (1994),Action|Crime|Drama|Thriller,1994,clear and present danger,year_1994 decade_1990s,Action Action Action Crime Crime Crime Drama Drama Drama Thriller Thriller Thriller,tom clancy,clear and present danger year_1994 decade_1990s Action Action Action Crime Crime Crime Drama Drama Drama Thriller Thriller Thriller tom clancy
350,"Client, The (1994)",Drama|Mystery|Thriller,1994,client the,year_1994 decade_1990s,Drama Drama Drama Mystery Mystery Mystery Thriller Thriller Thriller,john grisham,client the year_1994 decade_1990s Drama Drama Drama Mystery Mystery Mystery Thriller Thriller Thriller john grisham
351,"Corrina, Corrina (1994)",Comedy|Drama|Romance,1994,corrina corrina,year_1994 decade_1990s,Comedy Comedy Comedy Drama Drama Drama Romance Romance Romance,,corrina corrina year_1994 decade_1990s Comedy Comedy Comedy Drama Drama Drama Romance Romance Romance
353,"Crow, The (1994)",Action|Crime|Fantasy|Thriller,1994,crow the,year_1994 decade_1990s,Action Action Action Crime Crime Crime Fantasy Fantasy Fantasy Thriller Thriller Thriller,,crow the year_1994 decade_1990s Action Action Action Crime Crime Crime Fantasy Fantasy Fantasy Thriller Thriller Thriller
354,Cobb (1994),Drama,1994,cobb,year_1994 decade_1990s,Drama Drama Drama,,cobb year_1994 decade_1990s Drama Drama Drama
355,"Flintstones, The (1994)",Children|Comedy|Fantasy,1994,flintstones the,year_1994 decade_1990s,Children Children Children Comedy Comedy Comedy Fantasy Fantasy Fantasy,,flintstones the year_1994 decade_1990s Children Children Children Comedy Comedy Comedy Fantasy Fantasy Fantasy
356,Forrest Gump (1994),Comedy|Drama|Romance|War,1994,forrest gump,year_1994 decade_1990s,Comedy Comedy Comedy Drama Drama Drama Romance Romance Romance War War War,vietnam emotional touching heartwarming bittersweet,forrest gump year_1994 decade_1990s Comedy Comedy Comedy Drama Drama Drama Romance Romance Romance War War War vietnam emotional touching heartwarming bittersweet
357,Four Weddings and a Funeral (1994),Comedy|Romance,1994,four weddings and a funeral,year_1994 decade_1990s,Comedy Comedy Comedy Romance Romance Romance,wedding,four weddings and a funeral year_1994 decade_1990s Comedy Comedy Comedy Romance Romance Romance wedding
358,Higher Learning (1995),Drama,1995,higher learning,year_1995 decade_1990s,Drama Drama Drama,,higher learning year_1995 decade_1990s Drama Drama Drama
360,I Love Trouble (1994),Action|Comedy,1994,i love trouble,year_1994 decade_1990s,Action Action Action Comedy Comedy Comedy,,i love trouble year_1994 decade_1990s Action Action Action Comedy Comedy Comedy
361,It Could Happen to You (1994),Comedy|Drama|Romance,1994,it could happen to you,year_1994 decade_1990s,Comedy Comedy Comedy Drama Drama Drama Romance Romance Romance,gambling,it could happen to you year_1994 decade_1990s Comedy Comedy Comedy Drama Drama Drama Romance Romance Romance gambling
362,"Jungle Book, The (1994)",Adventure|Children|Romance,1994,jungle book the,year_1994 decade_1990s,Adventure Adventure Adventure Children Children Children Romance Romance Romance,,jungle book the year_1994 decade_1990s Adventure Adventure Adventure Children Children Children Romance Romance Romance
364,"Lion King, The (1994)",Adventure|Animation|Children|Drama|Musical,1994,lion king the,year_1994 decade_1990s,Adventure Adventure Adventure Animation Animation Animation Children Children Children Drama Drama Drama Musical Musical Musical,disney soundtrack,lion king the year_1994 decade_1990s Adventure Adventure Adventure Animation Animation Animation Children Children Children Drama Drama Drama Musical Musical Musical disney soundtrack
366,"Wes Craven's New Nightmare (Nightmare on Elm Street Part 7: Freddy's Finale, A) (1994)",Drama|Horror|Mystery|Thriller,1994,wes craven s new nightmare nightmare on elm street part 7 freddy s finale a,year_1994 decade_1990s,Drama Drama Drama Horror Horror Horror Mystery Mystery Mystery Thriller Thriller Thriller,,wes craven s new nightmare nightmare on elm street part 7 freddy s finale a year_1994 decade_1990s Drama Drama Drama Horror Horror Horror Mystery Mystery Mystery Thriller Thriller Thriller
367,"Mask, The (1994)",Action|Comedy|Crime|Fantasy,1994,mask the,year_1994 decade_1990s,Action Action Action Comedy Comedy Comedy Crime Crime Crime Fantasy Fantasy Fantasy,,mask the year_1994 decade_1990s Action Action Action Comedy Comedy Comedy Crime Crime Crime Fantasy Fantasy Fantasy
368,Maverick (1994),Adventure|Comedy|Western,1994,maverick,year_1994 decade_1990s,Adventure Adventure Adventure Comedy Comedy Comedy Western Western Western,,maverick year_1994 decade_1990s Adventure Adventure Adventure Comedy Comedy Comedy Western Western Western
370,Naked Gun 33 1/3: The Final Insult (1994),Action|Comedy,1994,naked gun 33 1 3 the final insult,year_1994 decade_1990s,Action Action Action Comedy Comedy Comedy,,naked gun 33 1 3 the final insult year_1994 decade_1990s Action Action Action Comedy Comedy Comedy
371,"Paper, The (1994)",Comedy|Drama,1994,paper the,year_1994 decade_1990s,Comedy Comedy Comedy Drama Drama Drama,journalism,paper the year_1994 decade_1990s Comedy Comedy Comedy Drama Drama Drama journalism
372,Reality Bites (1994),Comedy|Drama|Romance,1994,reality bites,year_1994 decade_1990s,Comedy Comedy Comedy Drama Drama Drama Romance Romance Romance,,reality bites year_1994 decade_1990s Comedy Comedy Comedy Drama Drama Drama Romance Romance Romance
373,Red Rock West (1992),Thriller,1992,red rock west,year_1992 decade_1990s,Thriller Thriller Thriller,,red rock west year_1992 decade_1990s Thriller Thriller Thriller
374,Richie Rich (1994),Children|Comedy,1994,richie rich,year_1994 decade_1990s,Children Children Children Comedy Comedy Comedy,,richie rich year_1994 decade_1990s Children Children Children Comedy Comedy Comedy
376,"River Wild, The (1994)",Action|Thriller,1994,river wild the,year_1994 decade_1990s,Action Action Action Thriller Thriller Thriller,,river wild the year_1994 decade_1990s Action Action Action Thriller Thriller Thriller
377,Speed (1994),Action|Romance|Thriller,1994,speed,year_1994 decade_1990s,Action Action Action Romance Romance Romance Thriller Thriller Thriller,,speed year_1994 decade_1990s Action Action Action Romance Romance Romance Thriller Thriller Thriller
378,Speechless (1994),Comedy|Romance,1994,speechless,year_1994 decade_1990s,Comedy Comedy Comedy Romance Romance Romance,,speechless year_1994 decade_1990s Comedy Comedy Comedy Romance Romance Romance
379,Timecop (1994),Action|Sci-Fi|Thriller,1994,timecop,year_1994 decade_1990s,Action Action Action SciFi SciFi SciFi Thriller Thriller Thriller,,timecop year_1994 decade_1990s Action Action Action SciFi SciFi SciFi Thriller Thriller Thriller
380,True Lies (1994),Action|Adventure|Comedy|Romance|Thriller,1994,true lies,year_1994 decade_1990s,Action Action Action Adventure Adventure Adventure Comedy Comedy Comedy Romance Romance Romance Thriller Thriller Thriller,,true lies year_1994 decade_1990s Action Action Action Adventure Adventure Adventure Comedy Comedy Comedy Romance Romance Romance Thriller Thriller Thriller
381,When a Man Loves a Woman (1994),Drama|Romance,1994,when a man loves a woman,year_1994 decade_1990s,Drama Drama Drama Romance Romance Romance,alcoholism,when a man loves a woman year_1994 decade_1990s Drama Drama Drama Romance Romance Romance alcoholism
382,Wolf (1994),Drama|Horror|Romance|Thriller,1994,wolf,year_1994 decade_1990s,Drama Drama Drama Horror Horror Horror Romance Romance Romance Thriller Thriller Thriller,,wolf year_1994 decade_1990s Drama Drama Drama Horror Horror Horror Romance Romance Romance Thriller Thriller Thriller
383,Wyatt Earp (1994),Western,1994,wyatt earp,year_1994 decade_1990s,Western Western Western,,wyatt earp year_1994 decade_1990s Western Western Western
390,Faster Pussycat! Kill! Kill! (1965),Action|Crime|Drama,1965,faster pussycat kill kill,year_1965 decade_1960s,Action Action Action Crime Crime Crime Drama Drama Drama,,faster pussycat kill kill year_1965 decade_1960s Action Action Action Crime Crime Crime Drama Drama Drama
393,Street Fighter (1994),Action|Adventure|Fantasy,1994,street fighter,year_1994 decade_1990s,Action Action Action Adventure Adventure Adventure Fantasy Fantasy Fantasy,,street fighter year_1994 decade_1990s Action Action Action Adventure Adventure Adventure Fantasy Fantasy Fantasy
405,Highlander III: The Sorcerer (a.k.a. Highlander: The Final Dimension) (1994),Action|Fantasy,1994,highlander iii the sorcerer a k a highlander the final dimension,year_1994 decade_1990s,Action Action Action Fantasy Fantasy Fantasy,,highlander iii the sorcerer a k a highlander the final dimension year_1994 decade_1990s Action Action Action Fantasy Fantasy Fantasy
407,In the Mouth of Madness (1995),Horror|Thriller,1995,in the mouth of madness,year_1995 decade_1990s,Horror Horror Horror Thriller Thriller Thriller,,in the mouth of madness year_1995 decade_1990s Horror Horror Horror Thriller Thriller Thriller
410,Addams Family Values (1993),Children|Comedy|Fantasy,1993,addams family values,year_1993 decade_1990s,Children Children Children Comedy Comedy Comedy Fantasy Fantasy Fantasy,black comedy gothic dark comedy christopher lloyd christina ricci family,addams family values year_1993 decade_1990s Children Children Children Comedy Comedy Comedy Fantasy Fantasy Fantasy black comedy gothic dark comedy christopher lloyd christina ricci family
412,"Age of Innocence, The (1993)",Drama,1993,age of innocence the,year_1993 decade_1990s,Drama Drama Drama,,age of innocence the year_1993 decade_1990s Drama Drama Drama
413,Airheads (1994),Comedy,1994,airheads,year_1994 decade_1990s,Comedy Comedy Comedy,comedy,airheads year_1994 decade_1990s Comedy Comedy Comedy comedy
414,"Air Up There, The (1994)",Comedy,1994,air up there the,year_1994 decade_1990s,Comedy Comedy Comedy,,air up there the year_1994 decade_1990s Comedy Comedy Comedy
415,Another Stakeout (1993),Comedy|Thriller,1993,another stakeout,year_1993 decade_1990s,Comedy Comedy Comedy Thriller Thriller Thriller,,another stakeout year_1993 decade_1990s Comedy Comedy Comedy Thriller Thriller Thriller
416,Bad Girls (1994),Western,1994,bad girls,year_1994 decade_1990s,Western Western Western,,bad girls year_1994 decade_1990s Western Western Western
417,Barcelona (1994),Comedy|Romance,1994,barcelona,year_1994 decade_1990s,Comedy Comedy Comedy Romance Romance Romance,,barcelona year_1994 decade_1990s Comedy Comedy Comedy Romance Romance Romance
419,"Beverly Hillbillies, The (1993)",Comedy,1993,beverly hillbillies the,year_1993 decade_1990s,Comedy Comedy Comedy,,beverly hillbillies the year_1993 decade_1990s Comedy Comedy Comedy
420,Beverly Hills Cop III (1994),Action|Comedy|Crime|Thriller,1994,beverly hills cop iii,year_1994 decade_1990s,Action Action Action Comedy Comedy Comedy Crime Crime Crime Thriller Thriller Thriller,,beverly hills cop iii year_1994 decade_1990s Action Action Action Comedy Comedy Comedy Crime Crime Crime Thriller Thriller Thriller
421,Black Beauty (1994),Adventure|Children|Drama,1994,black beauty,year_1994 decade_1990s,Adventure Adventure Adventure Children Children Children Drama Drama Drama,horses,black beauty year_1994 decade_1990s Adventure Adventure Adventure Children Children Children Drama Drama Drama horses
422,Blink (1994),Thriller,1994,blink,year_1994 decade_1990s,Thriller Thriller Thriller,,blink year_1994 decade_1990s Thriller Thriller Thriller
423,Blown Away (1994),Action|Thriller,1994,blown away,year_1994 decade_1990s,Action Action Action Thriller Thriller Thriller,,blown away year_1994 decade_1990s Action Action Action Thriller Thriller Thriller
426,Body Snatchers (1993),Horror|Sci-Fi|Thriller,1993,body snatchers,year_1993 decade_1990s,Horror Horror Horror SciFi SciFi SciFi Thriller Thriller Thriller,,body snatchers year_1993 decade_1990s Horror Horror Horror SciFi SciFi SciFi Thriller Thriller Thriller
427,Boxing Helena (1993),Drama|Mystery|Romance|Thriller,1993,boxing helena,year_1993 decade_1990s,Drama Drama Drama Mystery Mystery Mystery Romance Romance Romance Thriller Thriller Thriller,,boxing helena year_1993 decade_1990s Drama Drama Drama Mystery Mystery Mystery Romance Romance Romance Thriller Thriller Thriller
428,"Bronx Tale, A (1993)",Drama,1993,bronx tale a,year_1993 decade_1990s,Drama Drama Drama,,bronx tale a year_1993 decade_1990s Drama Drama Drama
429,Cabin Boy (1994),Comedy,1994,cabin boy,year_1994 decade_1990s,Comedy Comedy Comedy,,cabin boy year_1994 decade_1990s Comedy Comedy Comedy
431,Carlito's Way (1993),Crime|Drama,1993,carlito s way,year_1993 decade_1990s,Crime Crime Crime Drama Drama Drama,gangster mafia al pacino,carlito s way year_1993 decade_1990s Crime Crime Crime Drama Drama Drama gangster mafia al pacino
432,City Slickers II: The Legend of Curly's Gold (1994),Adventure|Comedy|Western,1994,city slickers ii the legend of curly s gold,year_1994 decade_1990s,Adventure Adventure Adventure Comedy Comedy Comedy Western Western Western,,city slickers ii the legend of curly s gold year_1994 decade_1990s Adventure Adventure Adventure Comedy Comedy Comedy Western Western Western
433,Clean Slate (1994),Comedy,1994,clean slate,year_1994 decade_1990s,Comedy Comedy Comedy,,clean slate year_1994 decade_1990s Comedy Comedy Comedy
434,Cliffhanger (1993),Action|Adventure|Thriller,1993,cliffhanger,year_1993 decade_1990s,Action Action Action Adventure Adventure Adventure Thriller Thriller Thriller,,cliffhanger year_1993 decade_1990s Action Action Action Adventure Adventure Adventure Thriller Thriller Thriller
435,Coneheads (1993),Comedy|Sci-Fi,1993,coneheads,year_1993 decade_1990s,Comedy Comedy Comedy SciFi SciFi SciFi,,coneheads year_1993 decade_1990s Comedy Comedy Comedy SciFi SciFi SciFi
436,Color of Night (1994),Drama|Thriller,1994,color of night,year_1994 decade_1990s,Drama Drama Drama Thriller Thriller Thriller,,color of night year_1994 decade_1990s Drama Drama Drama Thriller Thriller Thriller
437,Cops and Robbersons (1994),Comedy,1994,cops and robbersons,year_1994 decade_1990s,Comedy Comedy Comedy,,cops and robbersons year_1994 decade_1990s Comedy Comedy Comedy
438,"Cowboy Way, The (1994)",Action|Comedy|Drama,1994,cowboy way the,year_1994 decade_1990s,Action Action Action Comedy Comedy Comedy Drama Drama Drama,,cowboy way the year_1994 decade_1990s Action Action Action Comedy Comedy Comedy Drama Drama Drama
440,Dave (1993),Comedy|Romance,1993,dave,year_1993 decade_1990s,Comedy Comedy Comedy Romance Romance Romance,president,dave year_1993 decade_1990s Comedy Comedy Comedy Romance Romance Romance president
441,Dazed and Confused (1993),Comedy,1993,dazed and confused,year_1993 decade_1990s,Comedy Comedy Comedy,,dazed and confused year_1993 decade_1990s Comedy Comedy Comedy
442,Demolition Man (1993),Action|Adventure|Sci-Fi,1993,demolition man,year_1993 decade_1990s,Action Action Action Adventure Adventure Adventure SciFi SciFi SciFi,,demolition man year_1993 decade_1990s Action Action Action Adventure Adventure Adventure SciFi SciFi SciFi
444,Even Cowgirls Get the Blues (1993),Comedy|Romance,1993,even cowgirls get the blues,year_1993 decade_1990s,Comedy Comedy Comedy Romance Romance Romance,,even cowgirls get the blues year_1993 decade_1990s Comedy Comedy Comedy Romance Romance Romance
445,Fatal Instinct (1993),Comedy,1993,fatal instinct,year_1993 decade_1990s,Comedy Comedy Comedy,,fatal instinct year_1993 decade_1990s Comedy Comedy Comedy
446,Farewell My Concubine (Ba wang bie ji) (1993),Drama|Romance,1993,farewell my concubine ba wang bie ji,year_1993 decade_1990s,Drama Drama Drama Romance Romance Romance,,farewell my concubine ba wang bie ji year_1993 decade_1990s Drama Drama Drama Romance Romance Romance
448,Fearless (1993),Drama,1993,fearless,year_1993 decade_1990s,Drama Drama Drama,,fearless year_1993 decade_1990s Drama Drama Drama
450,With Honors (1994),Comedy|Drama,1994,with honors,year_1994 decade_1990s,Comedy Comedy Comedy Drama Drama Drama,,with honors year_1994 decade_1990s Comedy Comedy Comedy Drama Drama Drama
453,For Love or Money (1993),Comedy|Romance,1993,for love or money,year_1993 decade_1990s,Comedy Comedy Comedy Romance Romance Romance,,for love or money year_1993 decade_1990s Comedy Comedy Comedy Romance Romance Romance
454,"Firm, The (1993)",Drama|Thriller,1993,firm the,year_1993 decade_1990s,Drama Drama Drama Thriller Thriller Thriller,john grisham,firm the year_1993 decade_1990s Drama Drama Drama Thriller Thriller Thriller john grisham
455,Free Willy (1993),Adventure|Children|Drama,1993,free willy,year_1993 decade_1990s,Adventure Adventure Adventure Children Children Children Drama Drama Drama,,free willy year_1993 decade_1990s Adventure Adventure Adventure Children Children Children Drama Drama Drama
457,"Fugitive, The (1993)",Thriller,1993,fugitive the,year_1993 decade_1990s,Thriller Thriller Thriller,based on a tv show,fugitive the year_1993 decade_1990s Thriller Thriller Thriller based on a tv show
458,Geronimo: An American Legend (1993),Drama|Western,1993,geronimo an american legend,year_1993 decade_1990s,Drama Drama Drama Western Western Western,,geronimo an american legend year_1993 decade_1990s Drama Drama Drama Western Western Western
459,"Getaway, The (1994)",Action|Adventure|Crime|Drama|Romance|Thriller,1994,getaway the,year_1994 decade_1990s,Action Action Action Adventure Adventure Adventure Crime Crime Crime Drama Drama Drama Romance Romance Romance Thriller Thriller Thriller,,getaway the year_1994 decade_1990s Action Action Action Adventure Adventure Adventure Crime Crime Crime Drama Drama Drama Romance Romance Romance Thriller Thriller Thriller
464,Hard Target (1993),Action|Adventure|Crime|Thriller,1993,hard target,year_1993 decade_1990s,Action Action Action Adventure Adventure Adventure Crime Crime Crime Thriller Thriller Thriller,,hard target year_1993 decade_1990s Action Action Action Adventure Adventure Adventure Crime Crime Crime Thriller Thriller Thriller
466,Hot Shots! Part Deux (1993),Action|Comedy|War,1993,hot shots part deux,year_1993 decade_1990s,Action Action Action Comedy Comedy Comedy War War War,,hot shots part deux year_1993 decade_1990s Action Action Action Comedy Comedy Comedy War War War
468,"Englishman Who Went Up a Hill But Came Down a Mountain, The (1995)",Comedy|Romance,1995,englishman who went up a hill but came down a mountain the,year_1995 decade_1990s,Comedy Comedy Comedy Romance Romance Romance,,englishman who went up a hill but came down a mountain the year_1995 decade_1990s Comedy Comedy Comedy Romance Romance Romance
469,"House of the Spirits, The (1993)",Drama|Romance,1993,house of the spirits the,year_1993 decade_1990s,Drama Drama Drama Romance Romance Romance,,house of the spirits the year_1993 decade_1990s Drama Drama Drama Romance Romance Romance
471,"Hudsucker Proxy, The (1994)",Comedy,1994,hudsucker proxy the,year_1994 decade_1990s,Comedy Comedy Comedy,,hudsucker proxy the year_1994 decade_1990s Comedy Comedy Comedy
472,I'll Do Anything (1994),Comedy|Drama,1994,i ll do anything,year_1994 decade_1990s,Comedy Comedy Comedy Drama Drama Drama,,i ll do anything year_1994 decade_1990s Comedy Comedy Comedy Drama Drama Drama
473,In the Army Now (1994),Comedy|War,1994,in the army now,year_1994 decade_1990s,Comedy Comedy Comedy War War War,,in the army now year_1994 decade_1990s Comedy Comedy Comedy War War War
474,In the Line of Fire (1993),Action|Thriller,1993,in the line of fire,year_1993 decade_1990s,Action Action Action Thriller Thriller Thriller,assassination,in the line of fire year_1993 decade_1990s Action Action Action Thriller Thriller Thriller assassination
475,In the Name of the Father (1993),Drama,1993,in the name of the father,year_1993 decade_1990s,Drama Drama Drama,ireland,in the name of the father year_1993 decade_1990s Drama Drama Drama ireland
477,What's Love Got to Do with It? (1993),Drama|Musical,1993,what s love got to do with it,year_1993 decade_1990s,Drama Drama Drama Musical Musical Musical,biopic,what s love got to do with it year_1993 decade_1990s Drama Drama Drama Musical Musical Musical biopic
480,Jurassic Park (1993),Action|Adventure|Sci-Fi|Thriller,1993,jurassic park,year_1993 decade_1990s,Action Action Action Adventure Adventure Adventure SciFi SciFi SciFi Thriller Thriller Thriller,,jurassic park year_1993 decade_1990s Action Action Action Adventure Adventure Adventure SciFi SciFi SciFi Thriller Thriller Thriller
481,Kalifornia (1993),Drama|Thriller,1993,kalifornia,year_1993 decade_1990s,Drama Drama Drama Thriller Thriller Thriller,,kalifornia year_1993 decade_1990s Drama Drama Drama Thriller Thriller Thriller
482,Killing Zoe (1994),Crime|Drama|Thriller,1994,killing zoe,year_1994 decade_1990s,Crime Crime Crime Drama Drama Drama Thriller Thriller Thriller,,killing zoe year_1994 decade_1990s Crime Crime Crime Drama Drama Drama Thriller Thriller Thriller
485,Last Action Hero (1993),Action|Adventure|Comedy|Fantasy,1993,last action hero,year_1993 decade_1990s,Action Action Action Adventure Adventure Adventure Comedy Comedy Comedy Fantasy Fantasy Fantasy,,last action hero year_1993 decade_1990s Action Action Action Adventure Adventure Adventure Comedy Comedy Comedy Fantasy Fantasy Fantasy
489,Made in America (1993),Comedy,1993,made in america,year_1993 decade_1990s,Comedy Comedy Comedy,,made in america year_1993 decade_1990s Comedy Comedy Comedy
490,Malice (1993),Thriller,1993,malice,year_1993 decade_1990s,Thriller Thriller Thriller,,malice year_1993 decade_1990s Thriller Thriller Thriller
491,"Man Without a Face, The (1993)",Drama,1993,man without a face the,year_1993 decade_1990s,Drama Drama Drama,,man without a face the year_1993 decade_1990s Drama Drama Drama
492,Manhattan Murder Mystery (1993),Comedy|Mystery,1993,manhattan murder mystery,year_1993 decade_1990s,Comedy Comedy Comedy Mystery Mystery Mystery,,manhattan murder mystery year_1993 decade_1990s Comedy Comedy Comedy Mystery Mystery Mystery
493,Menace II Society (1993),Action|Crime|Drama,1993,menace ii society,year_1993 decade_1990s,Action Action Action Crime Crime Crime Drama Drama Drama,,menace ii society year_1993 decade_1990s Action Action Action Crime Crime Crime Drama Drama Drama
494,Executive Decision (1996),Action|Adventure|Thriller,1996,executive decision,year_1996 decade_1990s,Action Action Action Adventure Adventure Adventure Thriller Thriller Thriller,,executive decision year_1996 decade_1990s Action Action Action Adventure Adventure Adventure Thriller Thriller Thriller
497,Much Ado About Nothing (1993),Comedy|Romance,1993,much ado about nothing,year_1993 decade_1990s,Comedy Comedy Comedy Romance Romance Romance,shakespeare,much ado about nothing year_1993 decade_1990s Comedy Comedy Comedy Romance Romance Romance shakespeare
500,Mrs. Doubtfire (1993),Comedy|Drama,1993,mrs doubtfire,year_1993 decade_1990s,Comedy Comedy Comedy Drama Drama Drama,cross dressing divorce men in drag,mrs doubtfire year_1993 decade_1990s Comedy Comedy Comedy Drama Drama Drama cross dressing divorce men in drag
501,Naked (1993),Drama,1993,naked,year_1993 decade_1990s,Drama Drama Drama,,naked year_1993 decade_1990s Drama Drama Drama
502,"Next Karate Kid, The (1994)",Action|Children|Romance,1994,next karate kid the,year_1994 decade_1990s,Action Action Action Children Children Children Romance Romance Romance,,next karate kid the year_1994 decade_1990s Action Action Action Children Children Children Romance Romance Romance
505,North (1994),Comedy,1994,north,year_1994 decade_1990s,Comedy Comedy Comedy,,north year_1994 decade_1990s Comedy Comedy Comedy
507,"Perfect World, A (1993)",Crime|Drama|Thriller,1993,perfect world a,year_1993 decade_1990s,Crime Crime Crime Drama Drama Drama Thriller Thriller Thriller,,perfect world a year_1993 decade_1990s Crime Crime Crime Drama Drama Drama Thriller Thriller Thriller
508,Philadelphia (1993),Drama,1993,philadelphia,year_1993 decade_1990s,Drama Drama Drama,,philadelphia year_1993 decade_1990s Drama Drama Drama
509,"Piano, The (1993)",Drama|Romance,1993,piano the,year_1993 decade_1990s,Drama Drama Drama Romance Romance Romance,,piano the year_1993 decade_1990s Drama Drama Drama Romance Romance Romance
514,"Ref, The (1994)",Comedy,1994,ref the,year_1994 decade_1990s,Comedy Comedy Comedy,,ref the year_1994 decade_1990s Comedy Comedy Comedy
515,"Remains of the Day, The (1993)",Drama|Romance,1993,remains of the day the,year_1993 decade_1990s,Drama Drama Drama Romance Romance Romance,,remains of the day the year_1993 decade_1990s Drama Drama Drama Romance Romance Romance
516,Renaissance Man (1994),Comedy|Drama,1994,renaissance man,year_1994 decade_1990s,Comedy Comedy Comedy Drama Drama Drama,military,renaissance man year_1994 decade_1990s Comedy Comedy Comedy Drama Drama Drama military
517,Rising Sun (1993),Action|Drama|Mystery,1993,rising sun,year_1993 decade_1990s,Action Action Action Drama Drama Drama Mystery Mystery Mystery,,rising sun year_1993 decade_1990s Action Action Action Drama Drama Drama Mystery Mystery Mystery
519,RoboCop 3 (1993),Action|Crime|Drama|Sci-Fi|Thriller,1993,robocop 3,year_1993 decade_1990s,Action Action Action Crime Crime Crime Drama Drama Drama SciFi SciFi SciFi Thriller Thriller Thriller,,robocop 3 year_1993 decade_1990s Action Action Action Crime Crime Crime Drama Drama Drama SciFi SciFi SciFi Thriller Thriller Thriller
520,Robin Hood: Men in Tights (1993),Comedy,1993,robin hood men in tights,year_1993 decade_1990s,Comedy Comedy Comedy,,robin hood men in tights year_1993 decade_1990s Comedy Comedy Comedy
522,Romper Stomper (1992),Action|Drama,1992,romper stomper,year_1992 decade_1990s,Action Action Action Drama Drama Drama,racism violence australia,romper stomper year_1992 decade_1990s Action Action Action Drama Drama Drama racism violence australia
524,Rudy (1993),Drama,1993,rudy,year_1993 decade_1990s,Drama Drama Drama,football,rudy year_1993 decade_1990s Drama Drama Drama football
527,Schindler's List (1993),Drama|War,1993,schindler s list,year_1993 decade_1990s,Drama Drama Drama War War War,holocaust moving based on a true story disturbing thought provoking,schindler s list year_1993 decade_1990s Drama Drama Drama War War War holocaust moving based on a true story disturbing thought provoking
529,Searching for Bobby Fischer (1993),Drama,1993,searching for bobby fischer,year_1993 decade_1990s,Drama Drama Drama,chess,searching for bobby fischer year_1993 decade_1990s Drama Drama Drama chess
531,"Secret Garden, The (1993)",Children|Drama,1993,secret garden the,year_1993 decade_1990s,Children Children Children Drama Drama Drama,,secret garden the year_1993 decade_1990s Children Children Children Drama Drama Drama
532,Serial Mom (1994),Comedy|Crime|Horror,1994,serial mom,year_1994 decade_1990s,Comedy Comedy Comedy Crime Crime Crime Horror Horror Horror,,serial mom year_1994 decade_1990s Comedy Comedy Comedy Crime Crime Crime Horror Horror Horror
533,"Shadow, The (1994)",Action|Adventure|Fantasy|Mystery,1994,shadow the,year_1994 decade_1990s,Action Action Action Adventure Adventure Adventure Fantasy Fantasy Fantasy Mystery Mystery Mystery,,shadow the year_1994 decade_1990s Action Action Action Adventure Adventure Adventure Fantasy Fantasy Fantasy Mystery Mystery Mystery
534,Shadowlands (1993),Drama|Romance,1993,shadowlands,year_1993 decade_1990s,Drama Drama Drama Romance Romance Romance,c s lewis,shadowlands year_1993 decade_1990s Drama Drama Drama Romance Romance Romance c s lewis
535,Short Cuts (1993),Drama,1993,short cuts,year_1993 decade_1990s,Drama Drama Drama,,short cuts year_1993 decade_1990s Drama Drama Drama
537,Sirens (1994),Drama,1994,sirens,year_1994 decade_1990s,Drama Drama Drama,,sirens year_1994 decade_1990s Drama Drama Drama
538,Six Degrees of Separation (1993),Drama,1993,six degrees of separation,year_1993 decade_1990s,Drama Drama Drama,race,six degrees of separation year_1993 decade_1990s Drama Drama Drama race
539,Sleepless in Seattle (1993),Comedy|Drama|Romance,1993,sleepless in seattle,year_1993 decade_1990s,Comedy Comedy Comedy Drama Drama Drama Romance Romance Romance,,sleepless in seattle year_1993 decade_1990s Comedy Comedy Comedy Drama Drama Drama Romance Romance Romance
540,Sliver (1993),Thriller,1993,sliver,year_1993 decade_1990s,Thriller Thriller Thriller,bad,sliver year_1993 decade_1990s Thriller Thriller Thriller bad
541,Blade Runner (1982),Action|Sci-Fi|Thriller,1982,blade runner,year_1982 decade_1980s,Action Action Action SciFi SciFi SciFi Thriller Thriller Thriller,robots atmospheric artificial intelligence cyberpunk future mindfuck sci fi existentialism philosophical dreamlike,blade runner year_1982 decade_1980s Action Action Action SciFi SciFi SciFi Thriller Thriller Thriller robots atmospheric artificial intelligence cyberpunk future mindfuck sci fi existentialism philosophical dreamlike
542,Son in Law (1993),Comedy|Drama|Romance,1993,son in law,year_1993 decade_1990s,Comedy Comedy Comedy Drama Drama Drama Romance Romance Romance,,son in law year_1993 decade_1990s Comedy Comedy Comedy Drama Drama Drama Romance Romance Romance
543,So I Married an Axe Murderer (1993),Comedy|Romance|Thriller,1993,so i married an axe murderer,year_1993 decade_1990s,Comedy Comedy Comedy Romance Romance Romance Thriller Thriller Thriller,,so i married an axe murderer year_1993 decade_1990s Comedy Comedy Comedy Romance Romance Romance Thriller Thriller Thriller
544,Striking Distance (1993),Action|Crime,1993,striking distance,year_1993 decade_1990s,Action Action Action Crime Crime Crime,,striking distance year_1993 decade_1990s Action Action Action Crime Crime Crime
546,Super Mario Bros. (1993),Action|Adventure|Children|Comedy|Fantasy|Sci-Fi,1993,super mario bros,year_1993 decade_1990s,Action Action Action Adventure Adventure Adventure Children Children Children Comedy Comedy Comedy Fantasy Fantasy Fantasy SciFi SciFi SciFi,,super mario bros year_1993 decade_1990s Action Action Action Adventure Adventure Adventure Children Children Children Comedy Comedy Comedy Fantasy Fantasy Fantasy SciFi SciFi SciFi
548,Terminal Velocity (1994),Action|Mystery|Thriller,1994,terminal velocity,year_1994 decade_1990s,Action Action Action Mystery Mystery Mystery Thriller Thriller Thriller,,terminal velocity year_1994 decade_1990s Action Action Action Mystery Mystery Mystery Thriller Thriller Thriller
550,Threesome (1994),Comedy|Romance,1994,threesome,year_1994 decade_1990s,Comedy Comedy Comedy Romance Romance Romance,,threesome year_1994 decade_1990s Comedy Comedy Comedy Romance Romance Romance
551,"Nightmare Before Christmas, The (1993)",Animation|Children|Fantasy|Musical,1993,nightmare before christmas the,year_1993 decade_1990s,Animation Animation Animation Children Children Children Fantasy Fantasy Fantasy Musical Musical Musical,christmas halloween,nightmare before christmas the year_1993 decade_1990s Animation Animation Animation Children Children Children Fantasy Fantasy Fantasy Musical Musical Musical christmas halloween
552,"Three Musketeers, The (1993)",Action|Adventure|Comedy|Romance,1993,three musketeers the,year_1993 decade_1990s,Action Action Action Adventure Adventure Adventure Comedy Comedy Comedy Romance Romance Romance,,three musketeers the year_1993 decade_1990s Action Action Action Adventure Adventure Adventure Comedy Comedy Comedy Romance Romance Romance
553,Tombstone (1993),Action|Drama|Western,1993,tombstone,year_1993 decade_1990s,Action Action Action Drama Drama Drama Western Western Western,,tombstone year_1993 decade_1990s Action Action Action Drama Drama Drama Western Western Western
555,True Romance (1993),Crime|Thriller,1993,true romance,year_1993 decade_1990s,Crime Crime Crime Thriller Thriller Thriller,,true romance year_1993 decade_1990s Crime Crime Crime Thriller Thriller Thriller
556,"War Room, The (1993)",Documentary,1993,war room the,year_1993 decade_1990s,Documentary Documentary Documentary,politics,war room the year_1993 decade_1990s Documentary Documentary Documentary politics
558,"Pagemaster, The (1994)",Action|Adventure|Animation|Children|Fantasy,1994,pagemaster the,year_1994 decade_1990s,Action Action Action Adventure Adventure Adventure Animation Animation Animation Children Children Children Fantasy Fantasy Fantasy,,pagemaster the year_1994 decade_1990s Action Action Action Adventure Adventure Adventure Animation Animation Animation Children Children Children Fantasy Fantasy Fantasy
562,Welcome to the Dollhouse (1995),Comedy|Drama,1995,welcome to the dollhouse,year_1995 decade_1990s,Comedy Comedy Comedy Drama Drama Drama,adolescence,welcome to the dollhouse year_1995 decade_1990s Comedy Comedy Comedy Drama Drama Drama adolescence
569,Little Big League (1994),Comedy|Drama,1994,little big league,year_1994 decade_1990s,Comedy Comedy Comedy Drama Drama Drama,,little big league year_1994 decade_1990s Comedy Comedy Comedy Drama Drama Drama
575,"Little Rascals, The (1994)",Children|Comedy,1994,little rascals the,year_1994 decade_1990s,Children Children Children Comedy Comedy Comedy,,little rascals the year_1994 decade_1990s Children Children Children Comedy Comedy Comedy
580,Princess Caraboo (1994),Drama,1994,princess caraboo,year_1994 decade_1990s,Drama Drama Drama,,princess caraboo year_1994 decade_1990s Drama Drama Drama
585,"Brady Bunch Movie, The (1995)",Comedy,1995,brady bunch movie the,year_1995 decade_1990s,Comedy Comedy Comedy,,brady bunch movie the year_1995 decade_1990s Comedy Comedy Comedy
586,Home Alone (1990),Children|Comedy,1990,home alone,year_1990 decade_1990s,Children Children Children Comedy Comedy Comedy,christmas,home alone year_1990 decade_1990s Children Children Children Comedy Comedy Comedy christmas
587,Ghost (1990),Comedy|Drama|Fantasy|Romance|Thriller,1990,ghost,year_1990 decade_1990s,Comedy Comedy Comedy Drama Drama Drama Fantasy Fantasy Fantasy Romance Romance Romance Thriller Thriller Thriller,overrated,ghost year_1990 decade_1990s Comedy Comedy Comedy Drama Drama Drama Fantasy Fantasy Fantasy Romance Romance Romance Thriller Thriller Thriller overrated
588,Aladdin (1992),Adventure|Animation|Children|Comedy|Musical,1992,aladdin,year_1992 decade_1990s,Adventure Adventure Adventure Animation Animation Animation Children Children Children Comedy Comedy Comedy Musical Musical Musical,disney,aladdin year_1992 decade_1990s Adventure Adventure Adventure Animation Animation Animation Children Children Children Comedy Comedy Comedy Musical Musical Musical disney
589,Terminator 2: Judgment Day (1991),Action|Sci-Fi,1991,terminator 2 judgment day,year_1991 decade_1990s,Action Action Action SciFi SciFi SciFi,robots arnold schwarzenegger time travel sci fi apocalypse suspense,terminator 2 judgment day year_1991 decade_1990s Action Action Action SciFi SciFi SciFi robots arnold schwarzenegger time travel sci fi apocalypse suspense
590,Dances with Wolves (1990),Adventure|Drama|Western,1990,dances with wolves,year_1990 decade_1990s,Adventure Adventure Adventure Drama Drama Drama Western Western Western,,dances with wolves year_1990 decade_1990s Adventure Adventure Adventure Drama Drama Drama Western Western Western
592,Batman (1989),Action|Crime|Thriller,1989,batman,year_1989 decade_1980s,Action Action Action Crime Crime Crime Thriller Thriller Thriller,superhero,batman year_1989 decade_1980s Action Action Action Crime Crime Crime Thriller Thriller Thriller superhero
593,"Silence of the Lambs, The (1991)",Crime|Horror|Thriller,1991,silence of the lambs the,year_1991 decade_1990s,Crime Crime Crime Horror Horror Horror Thriller Thriller Thriller,disturbing psychology gothic suspense drama,silence of the lambs the year_1991 decade_1990s Crime Crime Crime Horror Horror Horror Thriller Thriller Thriller disturbing psychology gothic suspense drama
594,Snow White and the Seven Dwarfs (1937),Animation|Children|Drama|Fantasy|Musical,1937,snow white and the seven dwarfs,year_1937 decade_1930s,Animation Animation Animation Children Children Children Drama Drama Drama Fantasy Fantasy Fantasy Musical Musical Musical,disney,snow white and the seven dwarfs year_1937 decade_1930s Animation Animation Animation Children Children Children Drama Drama Drama Fantasy Fantasy Fantasy Musical Musical Musical disney
595,Beauty and the Beast (1991),Animation|Children|Fantasy|Musical|Romance,1991,beauty and the beast,year_1991 decade_1990s,Animation Animation Animation Children Children Children Fantasy Fantasy Fantasy Musical Musical Musical Romance Romance Romance,disney,beauty and the beast year_1991 decade_1990s Animation Animation Animation Children Children Children Fantasy Fantasy Fantasy Musical Musical Musical Romance Romance Romance disney
596,Pinocchio (1940),Animation|Children|Fantasy|Musical,1940,pinocchio,year_1940 decade_1940s,Animation Animation Animation Children Children Children Fantasy Fantasy Fantasy Musical Musical Musical,disney,pinocchio year_1940 decade_1940s Animation Animation Animation Children Children Children Fantasy Fantasy Fantasy Musical Musical Musical disney
597,Pretty Woman (1990),Comedy|Romance,1990,pretty woman,year_1990 decade_1990s,Comedy Comedy Comedy Romance Romance Romance,prostitution,pretty woman year_1990 decade_1990s Comedy Comedy Comedy Romance Romance Romance prostitution
599,"Wild Bunch, The (1969)",Adventure|Western,1969,wild bunch the,year_1969 decade_1960s,Adventure Adventure Adventure Western Western Western,,wild bunch the year_1969 decade_1960s Adventure Adventure Adventure Western Western Western
605,One Fine Day (1996),Drama|Romance,1996,one fine day,year_1996 decade_1990s,Drama Drama Drama Romance Romance Romance,,one fine day year_1996 decade_1990s Drama Drama Drama Romance Romance Romance
608,Fargo (1996),Comedy|Crime|Drama|Thriller,1996,fargo,year_1996 decade_1990s,Comedy Comedy Comedy Crime Crime Crime Drama Drama Drama Thriller Thriller Thriller,coen brothers steve buscemi dark comedy kidnapping based on a true story,fargo year_1996 decade_1990s Comedy Comedy Comedy Crime Crime Crime Drama Drama Drama Thriller Thriller Thriller coen brothers steve buscemi dark comedy kidnapping based on a true story
609,Homeward Bound II: Lost in San Francisco (1996),Adventure|Children,1996,homeward bound ii lost in san francisco,year_1996 decade_1990s,Adventure Adventure Adventure Children Children Children,,homeward bound ii lost in san francisco year_1996 decade_1990s Adventure Adventure Adventure Children Children Children
610,Heavy Metal (1981),Action|Adventure|Animation|Horror|Sci-Fi,1981,heavy metal,year_1981 decade_1980s,Action Action Action Adventure Adventure Adventure Animation Animation Animation Horror Horror Horror SciFi SciFi SciFi,,heavy metal year_1981 decade_1980s Action Action Action Adventure Adventure Adventure Animation Animation Animation Horror Horror Horror SciFi SciFi SciFi
611,Hellraiser: Bloodline (1996),Action|Horror|Sci-Fi,1996,hellraiser bloodline,year_1996 decade_1990s,Action Action Action Horror Horror Horror SciFi SciFi SciFi,,hellraiser bloodline year_1996 decade_1990s Action Action Action Horror Horror Horror SciFi SciFi SciFi
612,"Pallbearer, The (1996)",Comedy,1996,pallbearer the,year_1996 decade_1990s,Comedy Comedy Comedy,,pallbearer the year_1996 decade_1990s Comedy Comedy Comedy
613,Jane Eyre (1996),Drama|Romance,1996,jane eyre,year_1996 decade_1990s,Drama Drama Drama Romance Romance Romance,,jane eyre year_1996 decade_1990s Drama Drama Drama Romance Romance Romance
616,"Aristocats, The (1970)",Animation|Children,1970,aristocats the,year_1970 decade_1970s,Animation Animation Animation Children Children Children,disney,aristocats the year_1970 decade_1970s Animation Animation Animation Children Children Children disney
627,"Last Supper, The (1995)",Drama|Thriller,1995,last supper the,year_1995 decade_1990s,Drama Drama Drama Thriller Thriller Thriller,,last supper the year_1995 decade_1990s Drama Drama Drama Thriller Thriller Thriller
628,Primal Fear (1996),Crime|Drama|Mystery|Thriller,1996,primal fear,year_1996 decade_1990s,Crime Crime Crime Drama Drama Drama Mystery Mystery Mystery Thriller Thriller Thriller,priest twist ending edward norton psychology thought provoking suspense,primal fear year_1996 decade_1990s Crime Crime Crime Drama Drama Drama Mystery Mystery Mystery Thriller Thriller Thriller priest twist ending edward norton psychology thought provoking suspense
631,All Dogs Go to Heaven 2 (1996),Adventure|Animation|Children|Fantasy|Musical|Romance,1996,all dogs go to heaven 2,year_1996 decade_1990s,Adventure Adventure Adventure Animation Animation Animation Children Children Children Fantasy Fantasy Fantasy Musical Musical Musical Romance Romance Romance,,all dogs go to heaven 2 year_1996 decade_1990s Adventure Adventure Adventure Animation Animation Animation Children Children Children Fantasy Fantasy Fantasy Musical Musical Musical Romance Romance Romance
637,Sgt. Bilko (1996),Comedy,1996,sgt bilko,year_1996 decade_1990s,Comedy Comedy Comedy,,sgt bilko year_1996 decade_1990s Comedy Comedy Comedy
640,Diabolique (1996),Drama|Thriller,1996,diabolique,year_1996 decade_1990s,Drama Drama Drama Thriller Thriller Thriller,,diabolique year_1996 decade_1990s Drama Drama Drama Thriller Thriller Thriller
647,Courage Under Fire (1996),Action|Crime|Drama|War,1996,courage under fire,year_1996 decade_1990s,Action Action Action Crime Crime Crime Drama Drama Drama War War War,,courage under fire year_1996 decade_1990s Action Action Action Crime Crime Crime Drama Drama Drama War War War
648,Mission: Impossible (1996),Action|Adventure|Mystery|Thriller,1996,mission impossible,year_1996 decade_1990s,Action Action Action Adventure Adventure Adventure Mystery Mystery Mystery Thriller Thriller Thriller,based on a tv show,mission impossible year_1996 decade_1990s Action Action Action Adventure Adventure Adventure Mystery Mystery Mystery Thriller Thriller Thriller based on a tv show
653,Dragonheart (1996),Action|Adventure|Fantasy,1996,dragonheart,year_1996 decade_1990s,Action Action Action Adventure Adventure Adventure Fantasy Fantasy Fantasy,,dragonheart year_1996 decade_1990s Action Action Action Adventure Adventure Adventure Fantasy Fantasy Fantasy
656,Eddie (1996),Comedy,1996,eddie,year_1996 decade_1990s,Comedy Comedy Comedy,,eddie year_1996 decade_1990s Comedy Comedy Comedy
661,James and the Giant Peach (1996),Adventure|Animation|Children|Fantasy|Musical,1996,james and the giant peach,year_1996 decade_1990s,Adventure Adventure Adventure Animation Animation Animation Children Children Children Fantasy Fantasy Fantasy Musical Musical Musical,,james and the giant peach year_1996 decade_1990s Adventure Adventure Adventure Animation Animation Animation Children Children Children Fantasy Fantasy Fantasy Musical Musical Musical
662,Fear (1996),Thriller,1996,fear,year_1996 decade_1990s,Thriller Thriller Thriller,,fear year_1996 decade_1990s Thriller Thriller Thriller
663,Kids in the Hall: Brain Candy (1996),Comedy,1996,kids in the hall brain candy,year_1996 decade_1990s,Comedy Comedy Comedy,,kids in the hall brain candy year_1996 decade_1990s Comedy Comedy Comedy
667,Bloodsport 2 (a.k.a. Bloodsport II: The Next Kumite) (1996),Action,1996,bloodsport 2 a k a bloodsport ii the next kumite,year_1996 decade_1990s,Action Action Action,,bloodsport 2 a k a bloodsport ii the next kumite year_1996 decade_1990s Action Action Action
671,Mystery Science Theater 3000: The Movie (1996),Comedy|Sci-Fi,1996,mystery science theater 3000 the movie,year_1996 decade_1990s,Comedy Comedy Comedy SciFi SciFi SciFi,spoof,mystery science theater 3000 the movie year_1996 decade_1990s Comedy Comedy Comedy SciFi SciFi SciFi spoof
673,Space Jam (1996),Adventure|Animation|Children|Comedy|Fantasy|Sci-Fi,1996,space jam,year_1996 decade_1990s,Adventure Adventure Adventure Animation Animation Animation Children Children Children Comedy Comedy Comedy Fantasy Fantasy Fantasy SciFi SciFi SciFi,,space jam year_1996 decade_1990s Adventure Adventure Adventure Animation Animation Animation Children Children Children Comedy Comedy Comedy Fantasy Fantasy Fantasy SciFi SciFi SciFi
674,Barbarella (1968),Adventure|Comedy|Sci-Fi,1968,barbarella,year_1968 decade_1960s,Adventure Adventure Adventure Comedy Comedy Comedy SciFi SciFi SciFi,,barbarella year_1968 decade_1960s Adventure Adventure Adventure Comedy Comedy Comedy SciFi SciFi SciFi
678,Some Folks Call It a Sling Blade (1993),Drama|Thriller,1993,some folks call it a sling blade,year_1993 decade_1990s,Drama Drama Drama Thriller Thriller Thriller,,some folks call it a sling blade year_1993 decade_1990s Drama Drama Drama Thriller Thriller Thriller
688,Operation Dumbo Drop (1995),Action|Adventure|Comedy|War,1995,operation dumbo drop,year_1995 decade_1990s,Action Action Action Adventure Adventure Adventure Comedy Comedy Comedy War War War,,operation dumbo drop year_1995 decade_1990s Action Action Action Adventure Adventure Adventure Comedy Comedy Comedy War War War
694,"Substitute, The (1996)",Action|Crime|Drama,1996,substitute the,year_1996 decade_1990s,Action Action Action Crime Crime Crime Drama Drama Drama,,substitute the year_1996 decade_1990s Action Action Action Crime Crime Crime Drama Drama Drama
697,Feeling Minnesota (1996),Drama|Romance,1996,feeling minnesota,year_1996 decade_1990s,Drama Drama Drama Romance Romance Romance,,feeling minnesota year_1996 decade_1990s Drama Drama Drama Romance Romance Romance
700,Angus (1995),Comedy,1995,angus,year_1995 decade_1990s,Comedy Comedy Comedy,,angus year_1995 decade_1990s Comedy Comedy Comedy
704,"Quest, The (1996)",Action|Adventure,1996,quest the,year_1996 decade_1990s,Action Action Action Adventure Adventure Adventure,,quest the year_1996 decade_1990s Action Action Action Adventure Adventure Adventure
707,Mulholland Falls (1996),Crime|Drama|Thriller,1996,mulholland falls,year_1996 decade_1990s,Crime Crime Crime Drama Drama Drama Thriller Thriller Thriller,bad,mulholland falls year_1996 decade_1990s Crime Crime Crime Drama Drama Drama Thriller Thriller Thriller bad
708,"Truth About Cats & Dogs, The (1996)",Comedy|Romance,1996,truth about cats dogs the,year_1996 decade_1990s,Comedy Comedy Comedy Romance Romance Romance,,truth about cats dogs the year_1996 decade_1990s Comedy Comedy Comedy Romance Romance Romance
709,Oliver & Company (1988),Adventure|Animation|Children|Comedy|Musical,1988,oliver company,year_1988 decade_1980s,Adventure Adventure Adventure Animation Animation Animation Children Children Children Comedy Comedy Comedy Musical Musical Musical,,oliver company year_1988 decade_1980s Adventure Adventure Adventure Animation Animation Animation Children Children Children Comedy Comedy Comedy Musical Musical Musical
710,Celtic Pride (1996),Comedy,1996,celtic pride,year_1996 decade_1990s,Comedy Comedy Comedy,,celtic pride year_1996 decade_1990s Comedy Comedy Comedy
711,Flipper (1996),Adventure|Children,1996,flipper,year_1996 decade_1990s,Adventure Adventure Adventure Children Children Children,,flipper year_1996 decade_1990s Adventure Adventure Adventure Children Children Children
714,Dead Man (1995),Drama|Mystery|Western,1995,dead man,year_1995 decade_1990s,Drama Drama Drama Mystery Mystery Mystery Western Western Western,,dead man year_1995 decade_1990s Drama Drama Drama Mystery Mystery Mystery Western Western Western
719,Multiplicity (1996),Comedy,1996,multiplicity,year_1996 decade_1990s,Comedy Comedy Comedy,,multiplicity year_1996 decade_1990s Comedy Comedy Comedy
720,Wallace & Gromit: The Best of Aardman Animation (1996),Adventure|Animation|Comedy,1996,wallace gromit the best of aardman animation,year_1996 decade_1990s,Adventure Adventure Adventure Animation Animation Animation Comedy Comedy Comedy,aardman,wallace gromit the best of aardman animation year_1996 decade_1990s Adventure Adventure Adventure Animation Animation Animation Comedy Comedy Comedy aardman
724,"Craft, The (1996)",Drama|Fantasy|Horror|Thriller,1996,craft the,year_1996 decade_1990s,Drama Drama Drama Fantasy Fantasy Fantasy Horror Horror Horror Thriller Thriller Thriller,,craft the year_1996 decade_1990s Drama Drama Drama Fantasy Fantasy Fantasy Horror Horror Horror Thriller Thriller Thriller
725,"Great White Hype, The (1996)",Comedy,1996,great white hype the,year_1996 decade_1990s,Comedy Comedy Comedy,,great white hype the year_1996 decade_1990s Comedy Comedy Comedy
728,Cold Comfort Farm (1995),Comedy,1995,cold comfort farm,year_1995 decade_1990s,Comedy Comedy Comedy,,cold comfort farm year_1995 decade_1990s Comedy Comedy Comedy
733,"Rock, The (1996)",Action|Adventure|Thriller,1996,rock the,year_1996 decade_1990s,Action Action Action Adventure Adventure Adventure Thriller Thriller Thriller,terrorism michael bay,rock the year_1996 decade_1990s Action Action Action Adventure Adventure Adventure Thriller Thriller Thriller terrorism michael bay
735,Cemetery Man (Dellamorte Dellamore) (1994),Horror,1994,cemetery man dellamorte dellamore,year_1994 decade_1990s,Horror Horror Horror,,cemetery man dellamorte dellamore year_1994 decade_1990s Horror Horror Horror
736,Twister (1996),Action|Adventure|Romance|Thriller,1996,twister,year_1996 decade_1990s,Action Action Action Adventure Adventure Adventure Romance Romance Romance Thriller Thriller Thriller,,twister year_1996 decade_1990s Action Action Action Adventure Adventure Adventure Romance Romance Romance Thriller Thriller Thriller
737,Barb Wire (1996),Action|Sci-Fi,1996,barb wire,year_1996 decade_1990s,Action Action Action SciFi SciFi SciFi,,barb wire year_1996 decade_1990s Action Action Action SciFi SciFi SciFi
741,Ghost in the Shell (Kôkaku kidôtai) (1995),Animation|Sci-Fi,1995,ghost in the shell k kaku kid tai,year_1995 decade_1990s,Animation Animation Animation SciFi SciFi SciFi,,ghost in the shell k kaku kid tai year_1995 decade_1990s Animation Animation Animation SciFi SciFi SciFi
742,Thinner (1996),Horror|Thriller,1996,thinner,year_1996 decade_1990s,Horror Horror Horror Thriller Thriller Thriller,,thinner year_1996 decade_1990s Horror Horror Horror Thriller Thriller Thriller
743,Spy Hard (1996),Comedy,1996,spy hard,year_1996 decade_1990s,Comedy Comedy Comedy,,spy hard year_1996 decade_1990s Comedy Comedy Comedy
745,Wallace & Gromit: A Close Shave (1995),Animation|Children|Comedy,1995,wallace gromit a close shave,year_1995 decade_1990s,Animation Animation Animation Children Children Children Comedy Comedy Comedy,aardman,wallace gromit a close shave year_1995 decade_1990s Animation Animation Animation Children Children Children Comedy Comedy Comedy aardman
748,"Arrival, The (1996)",Action|Sci-Fi|Thriller,1996,arrival the,year_1996 decade_1990s,Action Action Action SciFi SciFi SciFi Thriller Thriller Thriller,aliens,arrival the year_1996 decade_1990s Action Action Action SciFi SciFi SciFi Thriller Thriller Thriller aliens
750,Dr. Strangelove or: How I Learned to Stop Worrying and Love the Bomb (1964),Comedy|War,1964,dr strangelove or how i learned to stop worrying and love the bomb,year_1964 decade_1960s,Comedy Comedy Comedy War War War,satire dark comedy black comedy quirky,dr strangelove or how i learned to stop worrying and love the bomb year_1964 decade_1960s Comedy Comedy Comedy War War War satire dark comedy black comedy quirky
761,"Phantom, The (1996)",Action|Adventure,1996,phantom the,year_1996 decade_1990s,Action Action Action Adventure Adventure Adventure,,phantom the year_1996 decade_1990s Action Action Action Adventure Adventure Adventure
762,Striptease (1996),Comedy|Crime,1996,striptease,year_1996 decade_1990s,Comedy Comedy Comedy Crime Crime Crime,,striptease year_1996 decade_1990s Comedy Comedy Comedy Crime Crime Crime
765,Jack (1996),Comedy|Drama,1996,jack,year_1996 decade_1990s,Comedy Comedy Comedy Drama Drama Drama,,jack year_1996 decade_1990s Comedy Comedy Comedy Drama Drama Drama
778,Trainspotting (1996),Comedy|Crime|Drama,1996,trainspotting,year_1996 decade_1990s,Comedy Comedy Comedy Crime Crime Crime Drama Drama Drama,drug abuse narrated dark comedy based on a book,trainspotting year_1996 decade_1990s Comedy Comedy Comedy Crime Crime Crime Drama Drama Drama drug abuse narrated dark comedy based on a book
780,Independence Day (a.k.a. ID4) (1996),Action|Adventure|Sci-Fi|Thriller,1996,independence day a k a id4,year_1996 decade_1990s,Action Action Action Adventure Adventure Adventure SciFi SciFi SciFi Thriller Thriller Thriller,aliens,independence day a k a id4 year_1996 decade_1990s Action Action Action Adventure Adventure Adventure SciFi SciFi SciFi Thriller Thriller Thriller aliens
781,Stealing Beauty (1996),Drama,1996,stealing beauty,year_1996 decade_1990s,Drama Drama Drama,,stealing beauty year_1996 decade_1990s Drama Drama Drama
782,"Fan, The (1996)",Drama|Thriller,1996,fan the,year_1996 decade_1990s,Drama Drama Drama Thriller Thriller Thriller,,fan the year_1996 decade_1990s Drama Drama Drama Thriller Thriller Thriller
783,"Hunchback of Notre Dame, The (1996)",Animation|Children|Drama|Musical|Romance,1996,hunchback of notre dame the,year_1996 decade_1990s,Animation Animation Animation Children Children Children Drama Drama Drama Musical Musical Musical Romance Romance Romance,,hunchback of notre dame the year_1996 decade_1990s Animation Animation Animation Children Children Children Drama Drama Drama Musical Musical Musical Romance Romance Romance
784,"Cable Guy, The (1996)",Comedy|Thriller,1996,cable guy the,year_1996 decade_1990s,Comedy Comedy Comedy Thriller Thriller Thriller,,cable guy the year_1996 decade_1990s Comedy Comedy Comedy Thriller Thriller Thriller
785,Kingpin (1996),Comedy,1996,kingpin,year_1996 decade_1990s,Comedy Comedy Comedy,,kingpin year_1996 decade_1990s Comedy Comedy Comedy
786,Eraser (1996),Action|Drama|Thriller,1996,eraser,year_1996 decade_1990s,Action Action Action Drama Drama Drama Thriller Thriller Thriller,,eraser year_1996 decade_1990s Action Action Action Drama Drama Drama Thriller Thriller Thriller
788,"Nutty Professor, The (1996)",Comedy|Fantasy|Romance|Sci-Fi,1996,nutty professor the,year_1996 decade_1990s,Comedy Comedy Comedy Fantasy Fantasy Fantasy Romance Romance Romance SciFi SciFi SciFi,,nutty professor the year_1996 decade_1990s Comedy Comedy Comedy Fantasy Fantasy Fantasy Romance Romance Romance SciFi SciFi SciFi
798,Daylight (1996),Action|Adventure|Drama|Thriller,1996,daylight,year_1996 decade_1990s,Action Action Action Adventure Adventure Adventure Drama Drama Drama Thriller Thriller Thriller,,daylight year_1996 decade_1990s Action Action Action Adventure Adventure Adventure Drama Drama Drama Thriller Thriller Thriller
799,"Frighteners, The (1996)",Comedy|Horror|Thriller,1996,frighteners the,year_1996 decade_1990s,Comedy Comedy Comedy Horror Horror Horror Thriller Thriller Thriller,,frighteners the year_1996 decade_1990s Comedy Comedy Comedy Horror Horror Horror Thriller Thriller Thriller
800,Lone Star (1996),Drama|Mystery|Western,1996,lone star,year_1996 decade_1990s,Drama Drama Drama Mystery Mystery Mystery Western Western Western,,lone star year_1996 decade_1990s Drama Drama Drama Mystery Mystery Mystery Western Western Western
801,Harriet the Spy (1996),Children|Comedy,1996,harriet the spy,year_1996 decade_1990s,Children Children Children Comedy Comedy Comedy,,harriet the spy year_1996 decade_1990s Children Children Children Comedy Comedy Comedy
802,Phenomenon (1996),Drama|Romance,1996,phenomenon,year_1996 decade_1990s,Drama Drama Drama Romance Romance Romance,,phenomenon year_1996 decade_1990s Drama Drama Drama Romance Romance Romance
804,She's the One (1996),Comedy|Romance,1996,she s the one,year_1996 decade_1990s,Comedy Comedy Comedy Romance Romance Romance,,she s the one year_1996 decade_1990s Comedy Comedy Comedy Romance Romance Romance
805,"Time to Kill, A (1996)",Drama|Thriller,1996,time to kill a,year_1996 decade_1990s,Drama Drama Drama Thriller Thriller Thriller,john grisham,time to kill a year_1996 decade_1990s Drama Drama Drama Thriller Thriller Thriller john grisham
809,Fled (1996),Action|Adventure,1996,fled,year_1996 decade_1990s,Action Action Action Adventure Adventure Adventure,,fled year_1996 decade_1990s Action Action Action Adventure Adventure Adventure
810,Kazaam (1996),Children|Comedy|Fantasy,1996,kazaam,year_1996 decade_1990s,Children Children Children Comedy Comedy Comedy Fantasy Fantasy Fantasy,,kazaam year_1996 decade_1990s Children Children Children Comedy Comedy Comedy Fantasy Fantasy Fantasy
813,Larger Than Life (1996),Comedy,1996,larger than life,year_1996 decade_1990s,Comedy Comedy Comedy,,larger than life year_1996 decade_1990s Comedy Comedy Comedy
818,"Very Brady Sequel, A (1996)",Comedy,1996,very brady sequel a,year_1996 decade_1990s,Comedy Comedy Comedy,based on a tv show,very brady sequel a year_1996 decade_1990s Comedy Comedy Comedy based on a tv show
828,"Adventures of Pinocchio, The (1996)",Adventure|Children,1996,adventures of pinocchio the,year_1996 decade_1990s,Adventure Adventure Adventure Children Children Children,,adventures of pinocchio the year_1996 decade_1990s Adventure Adventure Adventure Children Children Children
829,Joe's Apartment (1996),Comedy|Fantasy|Musical,1996,joe s apartment,year_1996 decade_1990s,Comedy Comedy Comedy Fantasy Fantasy Fantasy Musical Musical Musical,,joe s apartment year_1996 decade_1990s Comedy Comedy Comedy Fantasy Fantasy Fantasy Musical Musical Musical
830,"First Wives Club, The (1996)",Comedy,1996,first wives club the,year_1996 decade_1990s,Comedy Comedy Comedy,adultery,first wives club the year_1996 decade_1990s Comedy Comedy Comedy adultery
832,Ransom (1996),Crime|Thriller,1996,ransom,year_1996 decade_1990s,Crime Crime Crime Thriller Thriller Thriller,kidnapping mel gibson,ransom year_1996 decade_1990s Crime Crime Crime Thriller Thriller Thriller kidnapping mel gibson
833,High School High (1996),Comedy,1996,high school high,year_1996 decade_1990s,Comedy Comedy Comedy,,high school high year_1996 decade_1990s Comedy Comedy Comedy
836,Chain Reaction (1996),Action|Adventure|Thriller,1996,chain reaction,year_1996 decade_1990s,Action Action Action Adventure Adventure Adventure Thriller Thriller Thriller,,chain reaction year_1996 decade_1990s Action Action Action Adventure Adventure Adventure Thriller Thriller Thriller
837,Matilda (1996),Children|Comedy|Fantasy,1996,matilda,year_1996 decade_1990s,Children Children Children Comedy Comedy Comedy Fantasy Fantasy Fantasy,,matilda year_1996 decade_1990s Children Children Children Comedy Comedy Comedy Fantasy Fantasy Fantasy
838,Emma (1996),Comedy|Drama|Romance,1996,emma,year_1996 decade_1990s,Comedy Comedy Comedy Drama Drama Drama Romance Romance Romance,jane austen,emma year_1996 decade_1990s Comedy Comedy Comedy Drama Drama Drama Romance Romance Romance jane austen
839,"Crow: City of Angels, The (1996)",Action|Thriller,1996,crow city of angels the,year_1996 decade_1990s,Action Action Action Thriller Thriller Thriller,,crow city of angels the year_1996 decade_1990s Action Action Action Thriller Thriller Thriller
842,Tales from the Crypt Presents: Bordello of Blood (1996),Comedy|Horror,1996,tales from the crypt presents bordello of blood,year_1996 decade_1990s,Comedy Comedy Comedy Horror Horror Horror,,tales from the crypt presents bordello of blood year_1996 decade_1990s Comedy Comedy Comedy Horror Horror Horror
848,"Spitfire Grill, The (1996)",Drama,1996,spitfire grill the,year_1996 decade_1990s,Drama Drama Drama,,spitfire grill the year_1996 decade_1990s Drama Drama Drama
849,Escape from L.A. (1996),Action|Adventure|Sci-Fi|Thriller,1996,escape from l a,year_1996 decade_1990s,Action Action Action Adventure Adventure Adventure SciFi SciFi SciFi Thriller Thriller Thriller,,escape from l a year_1996 decade_1990s Action Action Action Adventure Adventure Adventure SciFi SciFi SciFi Thriller Thriller Thriller
851,Basquiat (1996),Drama,1996,basquiat,year_1996 decade_1990s,Drama Drama Drama,,basquiat year_1996 decade_1990s Drama Drama Drama
852,Tin Cup (1996),Comedy|Drama|Romance,1996,tin cup,year_1996 decade_1990s,Comedy Comedy Comedy Drama Drama Drama Romance Romance Romance,golf,tin cup year_1996 decade_1990s Comedy Comedy Comedy Drama Drama Drama Romance Romance Romance golf
858,"Godfather, The (1972)",Crime|Drama,1972,godfather the,year_1972 decade_1970s,Crime Crime Crime Drama Drama Drama,mafia,godfather the year_1972 decade_1970s Crime Crime Crime Drama Drama Drama mafia
861,Supercop (Police Story 3: Supercop) (Jing cha gu shi III: Chao ji jing cha) (1992),Action|Comedy|Crime|Thriller,1992,supercop police story 3 supercop jing cha gu shi iii chao ji jing cha,year_1992 decade_1990s,Action Action Action Comedy Comedy Comedy Crime Crime Crime Thriller Thriller Thriller,,supercop police story 3 supercop jing cha gu shi iii chao ji jing cha year_1992 decade_1990s Action Action Action Comedy Comedy Comedy Crime Crime Crime Thriller Thriller Thriller
866,Bound (1996),Crime|Drama|Romance|Thriller,1996,bound,year_1996 decade_1990s,Crime Crime Crime Drama Drama Drama Romance Romance Romance Thriller Thriller Thriller,,bound year_1996 decade_1990s Crime Crime Crime Drama Drama Drama Romance Romance Romance Thriller Thriller Thriller
880,"Island of Dr. Moreau, The (1996)",Sci-Fi|Thriller,1996,island of dr moreau the,year_1996 decade_1990s,SciFi SciFi SciFi Thriller Thriller Thriller,,island of dr moreau the year_1996 decade_1990s SciFi SciFi SciFi Thriller Thriller Thriller
881,First Kid (1996),Children|Comedy,1996,first kid,year_1996 decade_1990s,Children Children Children Comedy Comedy Comedy,,first kid year_1996 decade_1990s Children Children Children Comedy Comedy Comedy
886,Bulletproof (1996),Action|Comedy|Crime,1996,bulletproof,year_1996 decade_1990s,Action Action Action Comedy Comedy Comedy Crime Crime Crime,,bulletproof year_1996 decade_1990s Action Action Action Comedy Comedy Comedy Crime Crime Crime
891,Halloween: The Curse of Michael Myers (Halloween 6: The Curse of Michael Myers) (1995),Horror|Thriller,1995,halloween the curse of michael myers halloween 6 the curse of michael myers,year_1995 decade_1990s,Horror Horror Horror Thriller Thriller Thriller,,halloween the curse of michael myers halloween 6 the curse of michael myers year_1995 decade_1990s Horror Horror Horror Thriller Thriller Thriller
892,Twelfth Night (1996),Comedy|Drama|Romance,1996,twelfth night,year_1996 decade_1990s,Comedy Comedy Comedy Drama Drama Drama Romance Romance Romance,shakespeare,twelfth night year_1996 decade_1990s Comedy Comedy Comedy Drama Drama Drama Romance Romance Romance shakespeare
898,"Philadelphia Story, The (1940)",Comedy|Drama|Romance,1940,philadelphia story the,year_1940 decade_1940s,Comedy Comedy Comedy Drama Drama Drama Romance Romance Romance,divorce,philadelphia story the year_1940 decade_1940s Comedy Comedy Comedy Drama Drama Drama Romance Romance Romance divorce
899,Singin' in the Rain (1952),Comedy|Musical|Romance,1952,singin in the rain,year_1952 decade_1950s,Comedy Comedy Comedy Musical Musical Musical Romance Romance Romance,movie business,singin in the rain year_1952 decade_1950s Comedy Comedy Comedy Musical Musical Musical Romance Romance Romance movie business
900,"American in Paris, An (1951)",Musical|Romance,1951,american in paris an,year_1951 decade_1950s,Musical Musical Musical Romance Romance Romance,france,american in paris an year_1951 decade_1950s Musical Musical Musical Romance Romance Romance france
901,Funny Face (1957),Comedy|Musical,1957,funny face,year_1957 decade_1950s,Comedy Comedy Comedy Musical Musical Musical,,funny face year_1957 decade_1950s Comedy Comedy Comedy Musical Musical Musical
902,Breakfast at Tiffany's (1961),Drama|Romance,1961,breakfast at tiffany s,year_1961 decade_1960s,Drama Drama Drama Romance Romance Romance,,breakfast at tiffany s year_1961 decade_1960s Drama Drama Drama Romance Romance Romance
903,Vertigo (1958),Drama|Mystery|Romance|Thriller,1958,vertigo,year_1958 decade_1950s,Drama Drama Drama Mystery Mystery Mystery Romance Romance Romance Thriller Thriller Thriller,james stewart imdb top 250 alfred hitchcock atmospheric,vertigo year_1958 decade_1950s Drama Drama Drama Mystery Mystery Mystery Romance Romance Romance Thriller Thriller Thriller james stewart imdb top 250 alfred hitchcock atmospheric
904,Rear Window (1954),Mystery|Thriller,1954,rear window,year_1954 decade_1950s,Mystery Mystery Mystery Thriller Thriller Thriller,james stewart mystery photography imdb top 250,rear window year_1954 decade_1950s Mystery Mystery Mystery Thriller Thriller Thriller james stewart mystery photography imdb top 250
905,It Happened One Night (1934),Comedy|Romance,1934,it happened one night,year_1934 decade_1930s,Comedy Comedy Comedy Romance Romance Romance,screwball,it happened one night year_1934 decade_1930s Comedy Comedy Comedy Romance Romance Romance screwball
906,Gaslight (1944),Drama|Thriller,1944,gaslight,year_1944 decade_1940s,Drama Drama Drama Thriller Thriller Thriller,,gaslight year_1944 decade_1940s Drama Drama Drama Thriller Thriller Thriller
908,North by Northwest (1959),Action|Adventure|Mystery|Romance|Thriller,1959,north by northwest,year_1959 decade_1950s,Action Action Action Adventure Adventure Adventure Mystery Mystery Mystery Romance Romance Romance Thriller Thriller Thriller,alfred hitchcock imdb top 250,north by northwest year_1959 decade_1950s Action Action Action Adventure Adventure Adventure Mystery Mystery Mystery Romance Romance Romance Thriller Thriller Thriller alfred hitchcock imdb top 250
909,"Apartment, The (1960)",Comedy|Drama|Romance,1960,apartment the,year_1960 decade_1960s,Comedy Comedy Comedy Drama Drama Drama Romance Romance Romance,adultery,apartment the year_1960 decade_1960s Comedy Comedy Comedy Drama Drama Drama Romance Romance Romance adultery
910,Some Like It Hot (1959),Comedy|Crime,1959,some like it hot,year_1959 decade_1950s,Comedy Comedy Comedy Crime Crime Crime,men in drag,some like it hot year_1959 decade_1950s Comedy Comedy Comedy Crime Crime Crime men in drag
911,Charade (1963),Comedy|Crime|Mystery|Romance|Thriller,1963,charade,year_1963 decade_1960s,Comedy Comedy Comedy Crime Crime Crime Mystery Mystery Mystery Romance Romance Romance Thriller Thriller Thriller,heist,charade year_1963 decade_1960s Comedy Comedy Comedy Crime Crime Crime Mystery Mystery Mystery Romance Romance Romance Thriller Thriller Thriller heist
912,Casablanca (1942),Drama|Romance,1942,casablanca,year_1942 decade_1940s,Drama Drama Drama Romance Romance Romance,,casablanca year_1942 decade_1940s Drama Drama Drama Romance Romance Romance
913,"Maltese Falcon, The (1941)",Film-Noir|Mystery,1941,maltese falcon the,year_1941 decade_1940s,FilmNoir FilmNoir FilmNoir Mystery Mystery Mystery,,maltese falcon the year_1941 decade_1940s FilmNoir FilmNoir FilmNoir Mystery Mystery Mystery
914,My Fair Lady (1964),Comedy|Drama|Musical|Romance,1964,my fair lady,year_1964 decade_1960s,Comedy Comedy Comedy Drama Drama Drama Musical Musical Musical Romance Romance Romance,,my fair lady year_1964 decade_1960s Comedy Comedy Comedy Drama Drama Drama Musical Musical Musical Romance Romance Romance
915,Sabrina (1954),Comedy|Romance,1954,sabrina,year_1954 decade_1950s,Comedy Comedy Comedy Romance Romance Romance,,sabrina year_1954 decade_1950s Comedy Comedy Comedy Romance Romance Romance
916,Roman Holiday (1953),Comedy|Drama|Romance,1953,roman holiday,year_1953 decade_1950s,Comedy Comedy Comedy Drama Drama Drama Romance Romance Romance,italy,roman holiday year_1953 decade_1950s Comedy Comedy Comedy Drama Drama Drama Romance Romance Romance italy
918,Meet Me in St. Louis (1944),Musical,1944,meet me in st louis,year_1944 decade_1940s,Musical Musical Musical,,meet me in st louis year_1944 decade_1940s Musical Musical Musical
919,"Wizard of Oz, The (1939)",Adventure|Children|Fantasy|Musical,1939,wizard of oz the,year_1939 decade_1930s,Adventure Adventure Adventure Children Children Children Fantasy Fantasy Fantasy Musical Musical Musical,,wizard of oz the year_1939 decade_1930s Adventure Adventure Adventure Children Children Children Fantasy Fantasy Fantasy Musical Musical Musical
920,Gone with the Wind (1939),Drama|Romance|War,1939,gone with the wind,year_1939 decade_1930s,Drama Drama Drama Romance Romance Romance War War War,civil war,gone with the wind year_1939 decade_1930s Drama Drama Drama Romance Romance Romance War War War civil war
921,My Favorite Year (1982),Comedy,1982,my favorite year,year_1982 decade_1980s,Comedy Comedy Comedy,television,my favorite year year_1982 decade_1980s Comedy Comedy Comedy television
922,Sunset Blvd. (a.k.a. Sunset Boulevard) (1950),Drama|Film-Noir|Romance,1950,sunset blvd a k a sunset boulevard,year_1950 decade_1950s,Drama Drama Drama FilmNoir FilmNoir FilmNoir Romance Romance Romance,movie business,sunset blvd a k a sunset boulevard year_1950 decade_1950s Drama Drama Drama FilmNoir FilmNoir FilmNoir Romance Romance Romance movie business
923,Citizen Kane (1941),Drama|Mystery,1941,citizen kane,year_1941 decade_1940s,Drama Drama Drama Mystery Mystery Mystery,,citizen kane year_1941 decade_1940s Drama Drama Drama Mystery Mystery Mystery
924,2001: A Space Odyssey (1968),Adventure|Drama|Sci-Fi,1968,2001 a space odyssey,year_1968 decade_1960s,Adventure Adventure Adventure Drama Drama Drama SciFi SciFi SciFi,space sci fi artificial intelligence stanley kubrick atmospheric philosophical visually appealing masterpiece surreal cinematography meditative future cult film music classic futuristic robots aliens soundtrack space travel mystery imdb top 250 overrated,2001 a space odyssey year_1968 decade_1960s Adventure Adventure Adventure Drama Drama Drama SciFi SciFi SciFi space sci fi artificial intelligence stanley kubrick atmospheric philosophical visually appealing masterpiece surreal cinematography meditative future cult film music classic futuristic robots aliens soundtrack space travel mystery imdb top 250 overrated
926,All About Eve (1950),Drama,1950,all about eve,year_1950 decade_1950s,Drama Drama Drama,hollywood,all about eve year_1950 decade_1950s Drama Drama Drama hollywood
928,Rebecca (1940),Drama|Mystery|Romance|Thriller,1940,rebecca,year_1940 decade_1940s,Drama Drama Drama Mystery Mystery Mystery Romance Romance Romance Thriller Thriller Thriller,,rebecca year_1940 decade_1940s Drama Drama Drama Mystery Mystery Mystery Romance Romance Romance Thriller Thriller Thriller
930,Notorious (1946),Film-Noir|Romance|Thriller,1946,notorious,year_1946 decade_1940s,FilmNoir FilmNoir FilmNoir Romance Romance Romance Thriller Thriller Thriller,assassination,notorious year_1946 decade_1940s FilmNoir FilmNoir FilmNoir Romance Romance Romance Thriller Thriller Thriller assassination
931,Spellbound (1945),Mystery|Romance|Thriller,1945,spellbound,year_1945 decade_1940s,Mystery Mystery Mystery Romance Romance Romance Thriller Thriller Thriller,amnesia,spellbound year_1945 decade_1940s Mystery Mystery Mystery Romance Romance Romance Thriller Thriller Thriller amnesia
932,"Affair to Remember, An (1957)",Drama|Romance,1957,affair to remember an,year_1957 decade_1950s,Drama Drama Drama Romance Romance Romance,,affair to remember an year_1957 decade_1950s Drama Drama Drama Romance Romance Romance
933,To Catch a Thief (1955),Crime|Mystery|Romance|Thriller,1955,to catch a thief,year_1955 decade_1950s,Crime Crime Crime Mystery Mystery Mystery Romance Romance Romance Thriller Thriller Thriller,,to catch a thief year_1955 decade_1950s Crime Crime Crime Mystery Mystery Mystery Romance Romance Romance Thriller Thriller Thriller
934,Father of the Bride (1950),Comedy,1950,father of the bride,year_1950 decade_1950s,Comedy Comedy Comedy,wedding,father of the bride year_1950 decade_1950s Comedy Comedy Comedy wedding
936,Ninotchka (1939),Comedy|Romance,1939,ninotchka,year_1939 decade_1930s,Comedy Comedy Comedy Romance Romance Romance,cold war,ninotchka year_1939 decade_1930s Comedy Comedy Comedy Romance Romance Romance cold war
938,Gigi (1958),Musical,1958,gigi,year_1958 decade_1950s,Musical Musical Musical,prostitution,gigi year_1958 decade_1950s Musical Musical Musical prostitution
940,"Adventures of Robin Hood, The (1938)",Action|Adventure|Romance,1938,adventures of robin hood the,year_1938 decade_1930s,Action Action Action Adventure Adventure Adventure Romance Romance Romance,swashbuckler,adventures of robin hood the year_1938 decade_1930s Action Action Action Adventure Adventure Adventure Romance Romance Romance swashbuckler
942,Laura (1944),Crime|Film-Noir|Mystery,1944,laura,year_1944 decade_1940s,Crime Crime Crime FilmNoir FilmNoir FilmNoir Mystery Mystery Mystery,,laura year_1944 decade_1940s Crime Crime Crime FilmNoir FilmNoir FilmNoir Mystery Mystery Mystery
943,"Ghost and Mrs. Muir, The (1947)",Drama|Fantasy|Romance,1947,ghost and mrs muir the,year_1947 decade_1940s,Drama Drama Drama Fantasy Fantasy Fantasy Romance Romance Romance,ghosts,ghost and mrs muir the year_1947 decade_1940s Drama Drama Drama Fantasy Fantasy Fantasy Romance Romance Romance ghosts
945,Top Hat (1935),Comedy|Musical|Romance,1935,top hat,year_1935 decade_1930s,Comedy Comedy Comedy Musical Musical Musical Romance Romance Romance,,top hat year_1935 decade_1930s Comedy Comedy Comedy Musical Musical Musical Romance Romance Romance
948,Giant (1956),Drama|Romance|Western,1956,giant,year_1956 decade_1950s,Drama Drama Drama Romance Romance Romance Western Western Western,,giant year_1956 decade_1950s Drama Drama Drama Romance Romance Romance Western Western Western
949,East of Eden (1955),Drama,1955,east of eden,year_1955 decade_1950s,Drama Drama Drama,,east of eden year_1955 decade_1950s Drama Drama Drama
950,"Thin Man, The (1934)",Comedy|Crime,1934,thin man the,year_1934 decade_1930s,Comedy Comedy Comedy Crime Crime Crime,,thin man the year_1934 decade_1930s Comedy Comedy Comedy Crime Crime Crime
951,His Girl Friday (1940),Comedy|Romance,1940,his girl friday,year_1940 decade_1940s,Comedy Comedy Comedy Romance Romance Romance,screwball,his girl friday year_1940 decade_1940s Comedy Comedy Comedy Romance Romance Romance screwball
952,Around the World in 80 Days (1956),Adventure|Comedy,1956,around the world in 80 days,year_1956 decade_1950s,Adventure Adventure Adventure Comedy Comedy Comedy,race,around the world in 80 days year_1956 decade_1950s Adventure Adventure Adventure Comedy Comedy Comedy race
953,It's a Wonderful Life (1946),Children|Drama|Fantasy|Romance,1946,it s a wonderful life,year_1946 decade_1940s,Children Children Children Drama Drama Drama Fantasy Fantasy Fantasy Romance Romance Romance,christmas,it s a wonderful life year_1946 decade_1940s Children Children Children Drama Drama Drama Fantasy Fantasy Fantasy Romance Romance Romance christmas
954,Mr. Smith Goes to Washington (1939),Drama,1939,mr smith goes to washington,year_1939 decade_1930s,Drama Drama Drama,politics,mr smith goes to washington year_1939 decade_1930s Drama Drama Drama politics
955,Bringing Up Baby (1938),Comedy|Romance,1938,bringing up baby,year_1938 decade_1930s,Comedy Comedy Comedy Romance Romance Romance,screwball,bringing up baby year_1938 decade_1930s Comedy Comedy Comedy Romance Romance Romance screwball
965,"39 Steps, The (1935)",Drama|Mystery|Thriller,1935,39 steps the,year_1935 decade_1930s,Drama Drama Drama Mystery Mystery Mystery Thriller Thriller Thriller,,39 steps the year_1935 decade_1930s Drama Drama Drama Mystery Mystery Mystery Thriller Thriller Thriller
968,Night of the Living Dead (1968),Horror|Sci-Fi|Thriller,1968,night of the living dead,year_1968 decade_1960s,Horror Horror Horror SciFi SciFi SciFi Thriller Thriller Thriller,zombies,night of the living dead year_1968 decade_1960s Horror Horror Horror SciFi SciFi SciFi Thriller Thriller Thriller zombies
969,"African Queen, The (1951)",Adventure|Comedy|Romance|War,1951,african queen the,year_1951 decade_1950s,Adventure Adventure Adventure Comedy Comedy Comedy Romance Romance Romance War War War,missionary,african queen the year_1951 decade_1950s Adventure Adventure Adventure Comedy Comedy Comedy Romance Romance Romance War War War missionary
971,Cat on a Hot Tin Roof (1958),Drama,1958,cat on a hot tin roof,year_1958 decade_1950s,Drama Drama Drama,tennessee williams,cat on a hot tin roof year_1958 decade_1950s Drama Drama Drama tennessee williams
973,Meet John Doe (1941),Comedy|Drama,1941,meet john doe,year_1941 decade_1940s,Comedy Comedy Comedy Drama Drama Drama,journalism,meet john doe year_1941 decade_1940s Comedy Comedy Comedy Drama Drama Drama journalism
986,Fly Away Home (1996),Adventure|Children,1996,fly away home,year_1996 decade_1990s,Adventure Adventure Adventure Children Children Children,animal movie,fly away home year_1996 decade_1990s Adventure Adventure Adventure Children Children Children animal movie
990,Maximum Risk (1996),Action|Adventure|Thriller,1996,maximum risk,year_1996 decade_1990s,Action Action Action Adventure Adventure Adventure Thriller Thriller Thriller,,maximum risk year_1996 decade_1990s Action Action Action Adventure Adventure Adventure Thriller Thriller Thriller
991,Michael Collins (1996),Drama,1996,michael collins,year_1996 decade_1990s,Drama Drama Drama,ireland,michael collins year_1996 decade_1990s Drama Drama Drama ireland
994,Big Night (1996),Comedy|Drama,1996,big night,year_1996 decade_1990s,Comedy Comedy Comedy Drama Drama Drama,food,big night year_1996 decade_1990s Comedy Comedy Comedy Drama Drama Drama food
996,Last Man Standing (1996),Action|Crime|Drama|Thriller,1996,last man standing,year_1996 decade_1990s,Action Action Action Crime Crime Crime Drama Drama Drama Thriller Thriller Thriller,,last man standing year_1996 decade_1990s Action Action Action Crime Crime Crime Drama Drama Drama Thriller Thriller Thriller
999,2 Days in the Valley (1996),Crime|Film-Noir,1996,2 days in the valley,year_1996 decade_1990s,Crime Crime Crime FilmNoir FilmNoir FilmNoir,,2 days in the valley year_1996 decade_1990s Crime Crime Crime FilmNoir FilmNoir FilmNoir
1004,"Glimmer Man, The (1996)",Action|Thriller,1996,glimmer man the,year_1996 decade_1990s,Action Action Action Thriller Thriller Thriller,,glimmer man the year_1996 decade_1990s Action Action Action Thriller Thriller Thriller
1005,D3: The Mighty Ducks (1996),Children|Comedy,1996,d3 the mighty ducks,year_1996 decade_1990s,Children Children Children Comedy Comedy Comedy,,d3 the mighty ducks year_1996 decade_1990s Children Children Children Comedy Comedy Comedy
1006,"Chamber, The (1996)",Drama,1996,chamber the,year_1996 decade_1990s,Drama Drama Drama,john grisham death penalty,chamber the year_1996 decade_1990s Drama Drama Drama john grisham death penalty
1007,"Apple Dumpling Gang, The (1975)",Children|Comedy|Western,1975,apple dumpling gang the,year_1975 decade_1970s,Children Children Children Comedy Comedy Comedy Western Western Western,,apple dumpling gang the year_1975 decade_1970s Children Children Children Comedy Comedy Comedy Western Western Western
1009,Escape to Witch Mountain (1975),Adventure|Children|Fantasy,1975,escape to witch mountain,year_1975 decade_1970s,Adventure Adventure Adventure Children Children Children Fantasy Fantasy Fantasy,,escape to witch mountain year_1975 decade_1970s Adventure Adventure Adventure Children Children Children Fantasy Fantasy Fantasy
1010,"Love Bug, The (1969)",Children|Comedy,1969,love bug the,year_1969 decade_1960s,Children Children Children Comedy Comedy Comedy,race disney,love bug the year_1969 decade_1960s Children Children Children Comedy Comedy Comedy race disney
1011,Herbie Rides Again (1974),Children|Comedy|Fantasy|Romance,1974,herbie rides again,year_1974 decade_1970s,Children Children Children Comedy Comedy Comedy Fantasy Fantasy Fantasy Romance Romance Romance,,herbie rides again year_1974 decade_1970s Children Children Children Comedy Comedy Comedy Fantasy Fantasy Fantasy Romance Romance Romance
1012,Old Yeller (1957),Children|Drama,1957,old yeller,year_1957 decade_1950s,Children Children Children Drama Drama Drama,,old yeller year_1957 decade_1950s Children Children Children Drama Drama Drama
1013,"Parent Trap, The (1961)",Children|Comedy|Romance,1961,parent trap the,year_1961 decade_1960s,Children Children Children Comedy Comedy Comedy Romance Romance Romance,twins,parent trap the year_1961 decade_1960s Children Children Children Comedy Comedy Comedy Romance Romance Romance twins
1014,Pollyanna (1960),Children|Comedy|Drama,1960,pollyanna,year_1960 decade_1960s,Children Children Children Comedy Comedy Comedy Drama Drama Drama,,pollyanna year_1960 decade_1960s Children Children Children Comedy Comedy Comedy Drama Drama Drama
1015,Homeward Bound: The Incredible Journey (1993),Adventure|Children|Drama,1993,homeward bound the incredible journey,year_1993 decade_1990s,Adventure Adventure Adventure Children Children Children Drama Drama Drama,,homeward bound the incredible journey year_1993 decade_1990s Adventure Adventure Adventure Children Children Children Drama Drama Drama
1016,"Shaggy Dog, The (1959)",Children|Comedy,1959,shaggy dog the,year_1959 decade_1950s,Children Children Children Comedy Comedy Comedy,,shaggy dog the year_1959 decade_1950s Children Children Children Comedy Comedy Comedy
1017,Swiss Family Robinson (1960),Adventure|Children,1960,swiss family robinson,year_1960 decade_1960s,Adventure Adventure Adventure Children Children Children,,swiss family robinson year_1960 decade_1960s Adventure Adventure Adventure Children Children Children
1018,That Darn Cat! (1965),Children|Comedy|Mystery,1965,that darn cat,year_1965 decade_1960s,Children Children Children Comedy Comedy Comedy Mystery Mystery Mystery,,that darn cat year_1965 decade_1960s Children Children Children Comedy Comedy Comedy Mystery Mystery Mystery
1019,"20,000 Leagues Under the Sea (1954)",Adventure|Drama|Sci-Fi,1954,20 000 leagues under the sea,year_1954 decade_1950s,Adventure Adventure Adventure Drama Drama Drama SciFi SciFi SciFi,,20 000 leagues under the sea year_1954 decade_1950s Adventure Adventure Adventure Drama Drama Drama SciFi SciFi SciFi
1020,Cool Runnings (1993),Comedy,1993,cool runnings,year_1993 decade_1990s,Comedy Comedy Comedy,,cool runnings year_1993 decade_1990s Comedy Comedy Comedy
1021,Angels in the Outfield (1994),Children|Comedy,1994,angels in the outfield,year_1994 decade_1990s,Children Children Children Comedy Comedy Comedy,,angels in the outfield year_1994 decade_1990s Children Children Children Comedy Comedy Comedy
1022,Cinderella (1950),Animation|Children|Fantasy|Musical|Romance,1950,cinderella,year_1950 decade_1950s,Animation Animation Animation Children Children Children Fantasy Fantasy Fantasy Musical Musical Musical Romance Romance Romance,disney,cinderella year_1950 decade_1950s Animation Animation Animation Children Children Children Fantasy Fantasy Fantasy Musical Musical Musical Romance Romance Romance disney
1023,Winnie the Pooh and the Blustery Day (1968),Animation|Children|Musical,1968,winnie the pooh and the blustery day,year_1968 decade_1960s,Animation Animation Animation Children Children Children Musical Musical Musical,,winnie the pooh and the blustery day year_1968 decade_1960s Animation Animation Animation Children Children Children Musical Musical Musical
1024,"Three Caballeros, The (1945)",Animation|Children|Musical,1945,three caballeros the,year_1945 decade_1940s,Animation Animation Animation Children Children Children Musical Musical Musical,,three caballeros the year_1945 decade_1940s Animation Animation Animation Children Children Children Musical Musical Musical
1025,"Sword in the Stone, The (1963)",Animation|Children|Fantasy|Musical,1963,sword in the stone the,year_1963 decade_1960s,Animation Animation Animation Children Children Children Fantasy Fantasy Fantasy Musical Musical Musical,king arthur disney,sword in the stone the year_1963 decade_1960s Animation Animation Animation Children Children Children Fantasy Fantasy Fantasy Musical Musical Musical king arthur disney
1027,Robin Hood: Prince of Thieves (1991),Adventure|Drama,1991,robin hood prince of thieves,year_1991 decade_1990s,Adventure Adventure Adventure Drama Drama Drama,,robin hood prince of thieves year_1991 decade_1990s Adventure Adventure Adventure Drama Drama Drama
1028,Mary Poppins (1964),Children|Comedy|Fantasy|Musical,1964,mary poppins,year_1964 decade_1960s,Children Children Children Comedy Comedy Comedy Fantasy Fantasy Fantasy Musical Musical Musical,disney,mary poppins year_1964 decade_1960s Children Children Children Comedy Comedy Comedy Fantasy Fantasy Fantasy Musical Musical Musical disney
1029,Dumbo (1941),Animation|Children|Drama|Musical,1941,dumbo,year_1941 decade_1940s,Animation Animation Animation Children Children Children Drama Drama Drama Musical Musical Musical,disney,dumbo year_1941 decade_1940s Animation Animation Animation Children Children Children Drama Drama Drama Musical Musical Musical disney
1030,Pete's Dragon (1977),Adventure|Animation|Children|Musical,1977,pete s dragon,year_1977 decade_1970s,Adventure Adventure Adventure Animation Animation Animation Children Children Children Musical Musical Musical,disney,pete s dragon year_1977 decade_1970s Adventure Adventure Adventure Animation Animation Animation Children Children Children Musical Musical Musical disney
1031,Bedknobs and Broomsticks (1971),Adventure|Children|Musical,1971,bedknobs and broomsticks,year_1971 decade_1970s,Adventure Adventure Adventure Children Children Children Musical Musical Musical,,bedknobs and broomsticks year_1971 decade_1970s Adventure Adventure Adventure Children Children Children Musical Musical Musical
1032,Alice in Wonderland (1951),Adventure|Animation|Children|Fantasy|Musical,1951,alice in wonderland,year_1951 decade_1950s,Adventure Adventure Adventure Animation Animation Animation Children Children Children Fantasy Fantasy Fantasy Musical Musical Musical,disney,alice in wonderland year_1951 decade_1950s Adventure Adventure Adventure Animation Animation Animation Children Children Children Fantasy Fantasy Fantasy Musical Musical Musical disney
1033,"Fox and the Hound, The (1981)",Animation|Children|Drama,1981,fox and the hound the,year_1981 decade_1980s,Animation Animation Animation Children Children Children Drama Drama Drama,disney,fox and the hound the year_1981 decade_1980s Animation Animation Animation Children Children Children Drama Drama Drama disney
1034,Freeway (1996),Comedy|Crime|Drama|Thriller,1996,freeway,year_1996 decade_1990s,Comedy Comedy Comedy Crime Crime Crime Drama Drama Drama Thriller Thriller Thriller,,freeway year_1996 decade_1990s Comedy Comedy Comedy Crime Crime Crime Drama Drama Drama Thriller Thriller Thriller
1035,"Sound of Music, The (1965)",Musical|Romance,1965,sound of music the,year_1965 decade_1960s,Musical Musical Musical Romance Romance Romance,,sound of music the year_1965 decade_1960s Musical Musical Musical Romance Romance Romance
1036,Die Hard (1988),Action|Crime|Thriller,1988,die hard,year_1988 decade_1980s,Action Action Action Crime Crime Crime Thriller Thriller Thriller,,die hard year_1988 decade_1980s Action Action Action Crime Crime Crime Thriller Thriller Thriller
1037,"Lawnmower Man, The (1992)",Action|Horror|Sci-Fi|Thriller,1992,lawnmower man the,year_1992 decade_1990s,Action Action Action Horror Horror Horror SciFi SciFi SciFi Thriller Thriller Thriller,,lawnmower man the year_1992 decade_1990s Action Action Action Horror Horror Horror SciFi SciFi SciFi Thriller Thriller Thriller
1041,Secrets & Lies (1996),Drama,1996,secrets lies,year_1996 decade_1990s,Drama Drama Drama,,secrets lies year_1996 decade_1990s Drama Drama Drama
1042,That Thing You Do! (1996),Comedy|Drama,1996,that thing you do,year_1996 decade_1990s,Comedy Comedy Comedy Drama Drama Drama,music,that thing you do year_1996 decade_1990s Comedy Comedy Comedy Drama Drama Drama music
1043,To Gillian on Her 37th Birthday (1996),Drama|Romance,1996,to gillian on her 37th birthday,year_1996 decade_1990s,Drama Drama Drama Romance Romance Romance,,to gillian on her 37th birthday year_1996 decade_1990s Drama Drama Drama Romance Romance Romance
1047,"Long Kiss Goodnight, The (1996)",Action|Drama|Thriller,1996,long kiss goodnight the,year_1996 decade_1990s,Action Action Action Drama Drama Drama Thriller Thriller Thriller,,long kiss goodnight the year_1996 decade_1990s Action Action Action Drama Drama Drama Thriller Thriller Thriller
1049,"Ghost and the Darkness, The (1996)",Action|Adventure,1996,ghost and the darkness the,year_1996 decade_1990s,Action Action Action Adventure Adventure Adventure,,ghost and the darkness the year_1996 decade_1990s Action Action Action Adventure Adventure Adventure
1050,Looking for Richard (1996),Documentary|Drama,1996,looking for richard,year_1996 decade_1990s,Documentary Documentary Documentary Drama Drama Drama,,looking for richard year_1996 decade_1990s Documentary Documentary Documentary Drama Drama Drama
1056,Jude (1996),Drama,1996,jude,year_1996 decade_1990s,Drama Drama Drama,,jude year_1996 decade_1990s Drama Drama Drama
1057,Everyone Says I Love You (1996),Comedy|Musical|Romance,1996,everyone says i love you,year_1996 decade_1990s,Comedy Comedy Comedy Musical Musical Musical Romance Romance Romance,,everyone says i love you year_1996 decade_1990s Comedy Comedy Comedy Musical Musical Musical Romance Romance Romance
1059,William Shakespeare's Romeo + Juliet (1996),Drama|Romance,1996,william shakespeare s romeo juliet,year_1996 decade_1990s,Drama Drama Drama Romance Romance Romance,shakespeare leonardo dicaprio,william shakespeare s romeo juliet year_1996 decade_1990s Drama Drama Drama Romance Romance Romance shakespeare leonardo dicaprio
1060,Swingers (1996),Comedy|Drama,1996,swingers,year_1996 decade_1990s,Comedy Comedy Comedy Drama Drama Drama,,swingers year_1996 decade_1990s Comedy Comedy Comedy Drama Drama Drama
1061,Sleepers (1996),Thriller,1996,sleepers,year_1996 decade_1990s,Thriller Thriller Thriller,,sleepers year_1996 decade_1990s Thriller Thriller Thriller
1064,Aladdin and the King of Thieves (1996),Animation|Children|Comedy|Fantasy|Musical|Romance,1996,aladdin and the king of thieves,year_1996 decade_1990s,Animation Animation Animation Children Children Children Comedy Comedy Comedy Fantasy Fantasy Fantasy Musical Musical Musical Romance Romance Romance,,aladdin and the king of thieves year_1996 decade_1990s Animation Animation Animation Children Children Children Comedy Comedy Comedy Fantasy Fantasy Fantasy Musical Musical Musical Romance Romance Romance
1073,Willy Wonka & the Chocolate Factory (1971),Children|Comedy|Fantasy|Musical,1971,willy wonka the chocolate factory,year_1971 decade_1970s,Children Children Children Comedy Comedy Comedy Fantasy Fantasy Fantasy Musical Musical Musical,,willy wonka the chocolate factory year_1971 decade_1970s Children Children Children Comedy Comedy Comedy Fantasy Fantasy Fantasy Musical Musical Musical
1077,Sleeper (1973),Comedy|Sci-Fi,1973,sleeper,year_1973 decade_1970s,Comedy Comedy Comedy SciFi SciFi SciFi,,sleeper year_1973 decade_1970s Comedy Comedy Comedy SciFi SciFi SciFi
1078,Bananas (1971),Comedy|War,1971,bananas,year_1971 decade_1970s,Comedy Comedy Comedy War War War,,bananas year_1971 decade_1970s Comedy Comedy Comedy War War War
1079,"Fish Called Wanda, A (1988)",Comedy|Crime,1988,fish called wanda a,year_1988 decade_1980s,Comedy Comedy Comedy Crime Crime Crime,fish,fish called wanda a year_1988 decade_1980s Comedy Comedy Comedy Crime Crime Crime fish
1080,Monty Python's Life of Brian (1979),Comedy,1979,monty python s life of brian,year_1979 decade_1970s,Comedy Comedy Comedy,parody bible religion,monty python s life of brian year_1979 decade_1970s Comedy Comedy Comedy parody bible religion
1081,Victor/Victoria (1982),Comedy|Musical|Romance,1982,victor victoria,year_1982 decade_1980s,Comedy Comedy Comedy Musical Musical Musical Romance Romance Romance,cross dressing,victor victoria year_1982 decade_1980s Comedy Comedy Comedy Musical Musical Musical Romance Romance Romance cross dressing
1082,"Candidate, The (1972)",Drama,1972,candidate the,year_1972 decade_1970s,Drama Drama Drama,politics,candidate the year_1972 decade_1970s Drama Drama Drama politics
1083,"Great Race, The (1965)",Comedy|Musical,1965,great race the,year_1965 decade_1960s,Comedy Comedy Comedy Musical Musical Musical,,great race the year_1965 decade_1960s Comedy Comedy Comedy Musical Musical Musical
1084,Bonnie and Clyde (1967),Crime|Drama,1967,bonnie and clyde,year_1967 decade_1960s,Crime Crime Crime Drama Drama Drama,1920s gangsters,bonnie and clyde year_1967 decade_1960s Crime Crime Crime Drama Drama Drama 1920s gangsters
1086,Dial M for Murder (1954),Crime|Mystery|Thriller,1954,dial m for murder,year_1954 decade_1950s,Crime Crime Crime Mystery Mystery Mystery Thriller Thriller Thriller,,dial m for murder year_1954 decade_1950s Crime Crime Crime Mystery Mystery Mystery Thriller Thriller Thriller
1088,Dirty Dancing (1987),Drama|Musical|Romance,1987,dirty dancing,year_1987 decade_1980s,Drama Drama Drama Musical Musical Musical Romance Romance Romance,music dance,dirty dancing year_1987 decade_1980s Drama Drama Drama Musical Musical Musical Romance Romance Romance music dance
1089,Reservoir Dogs (1992),Crime|Mystery|Thriller,1992,reservoir dogs,year_1992 decade_1990s,Crime Crime Crime Mystery Mystery Mystery Thriller Thriller Thriller,violence heist quentin tarantino neo noir humorous tarantino religion stylized ensemble cast nonlinear,reservoir dogs year_1992 decade_1990s Crime Crime Crime Mystery Mystery Mystery Thriller Thriller Thriller violence heist quentin tarantino neo noir humorous tarantino religion stylized ensemble cast nonlinear
1090,Platoon (1986),Drama|War,1986,platoon,year_1986 decade_1980s,Drama Drama Drama War War War,vietnam,platoon year_1986 decade_1980s Drama Drama Drama War War War vietnam
1091,Weekend at Bernie's (1989),Comedy,1989,weekend at bernie s,year_1989 decade_1980s,Comedy Comedy Comedy,,weekend at bernie s year_1989 decade_1980s Comedy Comedy Comedy
1092,Basic Instinct (1992),Crime|Mystery|Thriller,1992,basic instinct,year_1992 decade_1990s,Crime Crime Crime Mystery Mystery Mystery Thriller Thriller Thriller,,basic instinct year_1992 decade_1990s Crime Crime Crime Mystery Mystery Mystery Thriller Thriller Thriller
1093,"Doors, The (1991)",Drama,1991,doors the,year_1991 decade_1990s,Drama Drama Drama,music,doors the year_1991 decade_1990s Drama Drama Drama music
1094,"Crying Game, The (1992)",Drama|Romance|Thriller,1992,crying game the,year_1992 decade_1990s,Drama Drama Drama Romance Romance Romance Thriller Thriller Thriller,,crying game the year_1992 decade_1990s Drama Drama Drama Romance Romance Romance Thriller Thriller Thriller
1095,Glengarry Glen Ross (1992),Drama,1992,glengarry glen ross,year_1992 decade_1990s,Drama Drama Drama,,glengarry glen ross year_1992 decade_1990s Drama Drama Drama
1096,Sophie's Choice (1982),Drama,1982,sophie s choice,year_1982 decade_1980s,Drama Drama Drama,holocaust,sophie s choice year_1982 decade_1980s Drama Drama Drama holocaust
1097,E.T. the Extra-Terrestrial (1982),Children|Drama|Sci-Fi,1982,e t the extra terrestrial,year_1982 decade_1980s,Children Children Children Drama Drama Drama SciFi SciFi SciFi,aliens,e t the extra terrestrial year_1982 decade_1980s Children Children Children Drama Drama Drama SciFi SciFi SciFi aliens
1100,Days of Thunder (1990),Action|Drama|Romance,1990,days of thunder,year_1990 decade_1990s,Action Action Action Drama Drama Drama Romance Romance Romance,,days of thunder year_1990 decade_1990s Action Action Action Drama Drama Drama Romance Romance Romance
1101,Top Gun (1986),Action|Romance,1986,top gun,year_1986 decade_1980s,Action Action Action Romance Romance Romance,predictable,top gun year_1986 decade_1980s Action Action Action Romance Romance Romance predictable
1103,Rebel Without a Cause (1955),Drama,1955,rebel without a cause,year_1955 decade_1950s,Drama Drama Drama,adolescence 1950s,rebel without a cause year_1955 decade_1950s Drama Drama Drama adolescence 1950s
1104,"Streetcar Named Desire, A (1951)",Drama,1951,streetcar named desire a,year_1951 decade_1950s,Drama Drama Drama,tennessee williams,streetcar named desire a year_1951 decade_1950s Drama Drama Drama tennessee williams
1120,"People vs. Larry Flynt, The (1996)",Comedy|Drama,1996,people vs larry flynt the,year_1996 decade_1990s,Comedy Comedy Comedy Drama Drama Drama,,people vs larry flynt the year_1996 decade_1990s Comedy Comedy Comedy Drama Drama Drama
1124,On Golden Pond (1981),Drama,1981,on golden pond,year_1981 decade_1980s,Drama Drama Drama,,on golden pond year_1981 decade_1980s Drama Drama Drama
1125,"Return of the Pink Panther, The (1975)",Comedy|Crime,1975,return of the pink panther the,year_1975 decade_1970s,Comedy Comedy Comedy Crime Crime Crime,clousseau,return of the pink panther the year_1975 decade_1970s Comedy Comedy Comedy Crime Crime Crime clousseau
1126,Drop Dead Fred (1991),Comedy|Fantasy,1991,drop dead fred,year_1991 decade_1990s,Comedy Comedy Comedy Fantasy Fantasy Fantasy,,drop dead fred year_1991 decade_1990s Comedy Comedy Comedy Fantasy Fantasy Fantasy
1127,"Abyss, The (1989)",Action|Adventure|Sci-Fi|Thriller,1989,abyss the,year_1989 decade_1980s,Action Action Action Adventure Adventure Adventure SciFi SciFi SciFi Thriller Thriller Thriller,,abyss the year_1989 decade_1980s Action Action Action Adventure Adventure Adventure SciFi SciFi SciFi Thriller Thriller Thriller
1128,"Fog, The (1980)",Horror,1980,fog the,year_1980 decade_1980s,Horror Horror Horror,,fog the year_1980 decade_1980s Horror Horror Horror
1129,Escape from New York (1981),Action|Adventure|Sci-Fi|Thriller,1981,escape from new york,year_1981 decade_1980s,Action Action Action Adventure Adventure Adventure SciFi SciFi SciFi Thriller Thriller Thriller,,escape from new york year_1981 decade_1980s Action Action Action Adventure Adventure Adventure SciFi SciFi SciFi Thriller Thriller Thriller
1130,"Howling, The (1980)",Horror|Mystery,1980,howling the,year_1980 decade_1980s,Horror Horror Horror Mystery Mystery Mystery,,howling the year_1980 decade_1980s Horror Horror Horror Mystery Mystery Mystery
1131,Jean de Florette (1986),Drama|Mystery,1986,jean de florette,year_1986 decade_1980s,Drama Drama Drama Mystery Mystery Mystery,,jean de florette year_1986 decade_1980s Drama Drama Drama Mystery Mystery Mystery
1132,Manon of the Spring (Manon des sources) (1986),Drama,1986,manon of the spring manon des sources,year_1986 decade_1980s,Drama Drama Drama,,manon of the spring manon des sources year_1986 decade_1980s Drama Drama Drama
1135,Private Benjamin (1980),Comedy,1980,private benjamin,year_1980 decade_1980s,Comedy Comedy Comedy,military,private benjamin year_1980 decade_1980s Comedy Comedy Comedy military
1136,Monty Python and the Holy Grail (1975),Adventure|Comedy|Fantasy,1975,monty python and the holy grail,year_1975 decade_1970s,Adventure Adventure Adventure Comedy Comedy Comedy Fantasy Fantasy Fantasy,england king arthur british comedy,monty python and the holy grail year_1975 decade_1970s Adventure Adventure Adventure Comedy Comedy Comedy Fantasy Fantasy Fantasy england king arthur british comedy
1147,When We Were Kings (1996),Documentary,1996,when we were kings,year_1996 decade_1990s,Documentary Documentary Documentary,boxing,when we were kings year_1996 decade_1990s Documentary Documentary Documentary boxing
1148,Wallace & Gromit: The Wrong Trousers (1993),Animation|Children|Comedy|Crime,1993,wallace gromit the wrong trousers,year_1993 decade_1990s,Animation Animation Animation Children Children Children Comedy Comedy Comedy Crime Crime Crime,aardman,wallace gromit the wrong trousers year_1993 decade_1990s Animation Animation Animation Children Children Children Comedy Comedy Comedy Crime Crime Crime aardman
1171,Bob Roberts (1992),Comedy,1992,bob roberts,year_1992 decade_1990s,Comedy Comedy Comedy,politics,bob roberts year_1992 decade_1990s Comedy Comedy Comedy politics
1172,Cinema Paradiso (Nuovo cinema Paradiso) (1989),Drama,1989,cinema paradiso nuovo cinema paradiso,year_1989 decade_1980s,Drama Drama Drama,,cinema paradiso nuovo cinema paradiso year_1989 decade_1980s Drama Drama Drama
1173,"Cook the Thief His Wife & Her Lover, The (1989)",Comedy|Drama,1989,cook the thief his wife her lover the,year_1989 decade_1980s,Comedy Comedy Comedy Drama Drama Drama,,cook the thief his wife her lover the year_1989 decade_1980s Comedy Comedy Comedy Drama Drama Drama
1175,Delicatessen (1991),Comedy|Drama|Romance,1991,delicatessen,year_1991 decade_1990s,Comedy Comedy Comedy Drama Drama Drama Romance Romance Romance,,delicatessen year_1991 decade_1990s Comedy Comedy Comedy Drama Drama Drama Romance Romance Romance
1177,Enchanted April (1992),Drama|Romance,1992,enchanted april,year_1992 decade_1990s,Drama Drama Drama Romance Romance Romance,italy,enchanted april year_1992 decade_1990s Drama Drama Drama Romance Romance Romance italy
1178,Paths of Glory (1957),Drama|War,1957,paths of glory,year_1957 decade_1950s,Drama Drama Drama War War War,court military,paths of glory year_1957 decade_1950s Drama Drama Drama War War War court military
1179,"Grifters, The (1990)",Crime|Drama|Film-Noir,1990,grifters the,year_1990 decade_1990s,Crime Crime Crime Drama Drama Drama FilmNoir FilmNoir FilmNoir,crime,grifters the year_1990 decade_1990s Crime Crime Crime Drama Drama Drama FilmNoir FilmNoir FilmNoir crime
1183,"English Patient, The (1996)",Drama|Romance|War,1996,english patient the,year_1996 decade_1990s,Drama Drama Drama Romance Romance Romance War War War,adultery,english patient the year_1996 decade_1990s Drama Drama Drama Romance Romance Romance War War War adultery
1184,Mediterraneo (1991),Comedy|Drama,1991,mediterraneo,year_1991 decade_1990s,Comedy Comedy Comedy Drama Drama Drama,,mediterraneo year_1991 decade_1990s Comedy Comedy Comedy Drama Drama Drama
1185,My Left Foot (1989),Drama,1989,my left foot,year_1989 decade_1980s,Drama Drama Drama,,my left foot year_1989 decade_1980s Drama Drama Drama
1186,"Sex, Lies, and Videotape (1989)",Drama,1989,sex lies and videotape,year_1989 decade_1980s,Drama Drama Drama,,sex lies and videotape year_1989 decade_1980s Drama Drama Drama
1187,Passion Fish (1992),Drama,1992,passion fish,year_1992 decade_1990s,Drama Drama Drama,disability,passion fish year_1992 decade_1990s Drama Drama Drama disability
1188,Strictly Ballroom (1992),Comedy|Romance,1992,strictly ballroom,year_1992 decade_1990s,Comedy Comedy Comedy Romance Romance Romance,australia dance,strictly ballroom year_1992 decade_1990s Comedy Comedy Comedy Romance Romance Romance australia dance
1189,"Thin Blue Line, The (1988)",Documentary,1988,thin blue line the,year_1988 decade_1980s,Documentary Documentary Documentary,police,thin blue line the year_1988 decade_1980s Documentary Documentary Documentary police
1190,Tie Me Up! Tie Me Down! (¡Átame!) (1990),Crime|Drama|Romance,1990,tie me up tie me down tame,year_1990 decade_1990s,Crime Crime Crime Drama Drama Drama Romance Romance Romance,,tie me up tie me down tame year_1990 decade_1990s Crime Crime Crime Drama Drama Drama Romance Romance Romance
1191,Madonna: Truth or Dare (1991),Documentary|Musical,1991,madonna truth or dare,year_1991 decade_1990s,Documentary Documentary Documentary Musical Musical Musical,,madonna truth or dare year_1991 decade_1990s Documentary Documentary Documentary Musical Musical Musical
1192,Paris Is Burning (1990),Documentary,1990,paris is burning,year_1990 decade_1990s,Documentary Documentary Documentary,,paris is burning year_1990 decade_1990s Documentary Documentary Documentary
1193,One Flew Over the Cuckoo's Nest (1975),Drama,1975,one flew over the cuckoo s nest,year_1975 decade_1970s,Drama Drama Drama,mental illness jack nicholson emotional,one flew over the cuckoo s nest year_1975 decade_1970s Drama Drama Drama mental illness jack nicholson emotional
1194,Cheech and Chong's Up in Smoke (1978),Comedy,1978,cheech and chong s up in smoke,year_1978 decade_1970s,Comedy Comedy Comedy,,cheech and chong s up in smoke year_1978 decade_1970s Comedy Comedy Comedy
1196,Star Wars: Episode V - The Empire Strikes Back (1980),Action|Adventure|Sci-Fi,1980,star wars episode v the empire strikes back,year_1980 decade_1980s,Action Action Action Adventure Adventure Adventure SciFi SciFi SciFi,space opera space sci fi sequel classic original plot music,star wars episode v the empire strikes back year_1980 decade_1980s Action Action Action Adventure Adventure Adventure SciFi SciFi SciFi space opera space sci fi sequel classic original plot music
1197,"Princess Bride, The (1987)",Action|Adventure|Comedy|Fantasy|Romance,1987,princess bride the,year_1987 decade_1980s,Action Action Action Adventure Adventure Adventure Comedy Comedy Comedy Fantasy Fantasy Fantasy Romance Romance Romance,,princess bride the year_1987 decade_1980s Action Action Action Adventure Adventure Adventure Comedy Comedy Comedy Fantasy Fantasy Fantasy Romance Romance Romance
1198,Raiders of the Lost Ark (Indiana Jones and the Raiders of the Lost Ark) (1981),Action|Adventure,1981,raiders of the lost ark indiana jones and the raiders of the lost ark,year_1981 decade_1980s,Action Action Action Adventure Adventure Adventure,indiana jones archaeology adventure steven spielberg treasure hunt,raiders of the lost ark indiana jones and the raiders of the lost ark year_1981 decade_1980s Action Action Action Adventure Adventure Adventure indiana jones archaeology adventure steven spielberg treasure hunt
1199,Brazil (1985),Fantasy|Sci-Fi,1985,brazil,year_1985 decade_1980s,Fantasy Fantasy Fantasy SciFi SciFi SciFi,,brazil year_1985 decade_1980s Fantasy Fantasy Fantasy SciFi SciFi SciFi
1200,Aliens (1986),Action|Adventure|Horror|Sci-Fi,1986,aliens,year_1986 decade_1980s,Action Action Action Adventure Adventure Adventure Horror Horror Horror SciFi SciFi SciFi,space sci fi aliens suspense action horror space travel,aliens year_1986 decade_1980s Action Action Action Adventure Adventure Adventure Horror Horror Horror SciFi SciFi SciFi space sci fi aliens suspense action horror space travel
1201,"Good, the Bad and the Ugly, The (Buono, il brutto, il cattivo, Il) (1966)",Action|Adventure|Western,1966,good the bad and the ugly the buono il brutto il cattivo il,year_1966 decade_1960s,Action Action Action Adventure Adventure Adventure Western Western Western,spaghetti western,good the bad and the ugly the buono il brutto il cattivo il year_1966 decade_1960s Action Action Action Adventure Adventure Adventure Western Western Western spaghetti western
1202,Withnail & I (1987),Comedy,1987,withnail i,year_1987 decade_1980s,Comedy Comedy Comedy,,withnail i year_1987 decade_1980s Comedy Comedy Comedy
1203,12 Angry Men (1957),Drama,1957,12 angry men,year_1957 decade_1950s,Drama Drama Drama,court good dialogue thought provoking gritty claustrophobic,12 angry men year_1957 decade_1950s Drama Drama Drama court good dialogue thought provoking gritty claustrophobic
1204,Lawrence of Arabia (1962),Adventure|Drama|War,1962,lawrence of arabia,year_1962 decade_1960s,Adventure Adventure Adventure Drama Drama Drama War War War,,lawrence of arabia year_1962 decade_1960s Adventure Adventure Adventure Drama Drama Drama War War War
1206,"Clockwork Orange, A (1971)",Crime|Drama|Sci-Fi|Thriller,1971,clockwork orange a,year_1971 decade_1970s,Crime Crime Crime Drama Drama Drama SciFi SciFi SciFi Thriller Thriller Thriller,brainwashing,clockwork orange a year_1971 decade_1970s Crime Crime Crime Drama Drama Drama SciFi SciFi SciFi Thriller Thriller Thriller brainwashing
1207,To Kill a Mockingbird (1962),Drama,1962,to kill a mockingbird,year_1962 decade_1960s,Drama Drama Drama,racism,to kill a mockingbird year_1962 decade_1960s Drama Drama Drama racism
1208,Apocalypse Now (1979),Action|Drama|War,1979,apocalypse now,year_1979 decade_1970s,Action Action Action Drama Drama Drama War War War,vietnam,apocalypse now year_1979 decade_1970s Action Action Action Drama Drama Drama War War War vietnam
1209,Once Upon a Time in the West (C'era una volta il West) (1968),Action|Drama|Western,1968,once upon a time in the west c era una volta il west,year_1968 decade_1960s,Action Action Action Drama Drama Drama Western Western Western,spaghetti western,once upon a time in the west c era una volta il west year_1968 decade_1960s Action Action Action Drama Drama Drama Western Western Western spaghetti western
1210,Star Wars: Episode VI - Return of the Jedi (1983),Action|Adventure|Sci-Fi,1983,star wars episode vi return of the jedi,year_1983 decade_1980s,Action Action Action Adventure Adventure Adventure SciFi SciFi SciFi,luke skywalker space opera darth vader,star wars episode vi return of the jedi year_1983 decade_1980s Action Action Action Adventure Adventure Adventure SciFi SciFi SciFi luke skywalker space opera darth vader
1211,"Wings of Desire (Himmel über Berlin, Der) (1987)",Drama|Fantasy|Romance,1987,wings of desire himmel ber berlin der,year_1987 decade_1980s,Drama Drama Drama Fantasy Fantasy Fantasy Romance Romance Romance,,wings of desire himmel ber berlin der year_1987 decade_1980s Drama Drama Drama Fantasy Fantasy Fantasy Romance Romance Romance
1212,"Third Man, The (1949)",Film-Noir|Mystery|Thriller,1949,third man the,year_1949 decade_1940s,FilmNoir FilmNoir FilmNoir Mystery Mystery Mystery Thriller Thriller Thriller,,third man the year_1949 decade_1940s FilmNoir FilmNoir FilmNoir Mystery Mystery Mystery Thriller Thriller Thriller
1213,Goodfellas (1990),Crime|Drama,1990,goodfellas,year_1990 decade_1990s,Crime Crime Crime Drama Drama Drama,mafia,goodfellas year_1990 decade_1990s Crime Crime Crime Drama Drama Drama mafia
1214,Alien (1979),Horror|Sci-Fi,1979,alien,year_1979 decade_1970s,Horror Horror Horror SciFi SciFi SciFi,aliens,alien year_1979 decade_1970s Horror Horror Horror SciFi SciFi SciFi aliens
1215,Army of Darkness (1993),Action|Adventure|Comedy|Fantasy|Horror,1993,army of darkness,year_1993 decade_1990s,Action Action Action Adventure Adventure Adventure Comedy Comedy Comedy Fantasy Fantasy Fantasy Horror Horror Horror,,army of darkness year_1993 decade_1990s Action Action Action Adventure Adventure Adventure Comedy Comedy Comedy Fantasy Fantasy Fantasy Horror Horror Horror
1216,"Big Blue, The (Grand bleu, Le) (1988)",Adventure|Drama|Romance,1988,big blue the grand bleu le,year_1988 decade_1980s,Adventure Adventure Adventure Drama Drama Drama Romance Romance Romance,,big blue the grand bleu le year_1988 decade_1980s Adventure Adventure Adventure Drama Drama Drama Romance Romance Romance
1217,Ran (1985),Drama|War,1985,ran,year_1985 decade_1980s,Drama Drama Drama War War War,samurai,ran year_1985 decade_1980s Drama Drama Drama War War War samurai
1218,"Killer, The (Die xue shuang xiong) (1989)",Action|Crime|Drama|Thriller,1989,killer the die xue shuang xiong,year_1989 decade_1980s,Action Action Action Crime Crime Crime Drama Drama Drama Thriller Thriller Thriller,,killer the die xue shuang xiong year_1989 decade_1980s Action Action Action Crime Crime Crime Drama Drama Drama Thriller Thriller Thriller
1219,Psycho (1960),Crime|Horror,1960,psycho,year_1960 decade_1960s,Crime Crime Crime Horror Horror Horror,alfred hitchcock imdb top 250 remade black and white suspenseful psychology tense,psycho year_1960 decade_1960s Crime Crime Crime Horror Horror Horror alfred hitchcock imdb top 250 remade black and white suspenseful psychology tense
1220,"Blues Brothers, The (1980)",Action|Comedy|Musical,1980,blues brothers the,year_1980 decade_1980s,Action Action Action Comedy Comedy Comedy Musical Musical Musical,,blues brothers the year_1980 decade_1980s Action Action Action Comedy Comedy Comedy Musical Musical Musical
1221,"Godfather: Part II, The (1974)",Crime|Drama,1974,godfather part ii the,year_1974 decade_1970s,Crime Crime Crime Drama Drama Drama,mafia al pacino,godfather part ii the year_1974 decade_1970s Crime Crime Crime Drama Drama Drama mafia al pacino
1222,Full Metal Jacket (1987),Drama|War,1987,full metal jacket,year_1987 decade_1980s,Drama Drama Drama War War War,vietnam,full metal jacket year_1987 decade_1980s Drama Drama Drama War War War vietnam
1223,"Grand Day Out with Wallace and Gromit, A (1989)",Adventure|Animation|Children|Comedy|Sci-Fi,1989,grand day out with wallace and gromit a,year_1989 decade_1980s,Adventure Adventure Adventure Animation Animation Animation Children Children Children Comedy Comedy Comedy SciFi SciFi SciFi,moon,grand day out with wallace and gromit a year_1989 decade_1980s Adventure Adventure Adventure Animation Animation Animation Children Children Children Comedy Comedy Comedy SciFi SciFi SciFi moon
1224,Henry V (1989),Action|Drama|Romance|War,1989,henry v,year_1989 decade_1980s,Action Action Action Drama Drama Drama Romance Romance Romance War War War,shakespeare,henry v year_1989 decade_1980s Action Action Action Drama Drama Drama Romance Romance Romance War War War shakespeare
1225,Amadeus (1984),Drama,1984,amadeus,year_1984 decade_1980s,Drama Drama Drama,,amadeus year_1984 decade_1980s Drama Drama Drama
1226,"Quiet Man, The (1952)",Drama|Romance,1952,quiet man the,year_1952 decade_1950s,Drama Drama Drama Romance Romance Romance,,quiet man the year_1952 decade_1950s Drama Drama Drama Romance Romance Romance
1227,Once Upon a Time in America (1984),Crime|Drama,1984,once upon a time in america,year_1984 decade_1980s,Crime Crime Crime Drama Drama Drama,,once upon a time in america year_1984 decade_1980s Crime Crime Crime Drama Drama Drama
1228,Raging Bull (1980),Drama,1980,raging bull,year_1980 decade_1980s,Drama Drama Drama,boxing,raging bull year_1980 decade_1980s Drama Drama Drama boxing
1230,Annie Hall (1977),Comedy|Romance,1977,annie hall,year_1977 decade_1970s,Comedy Comedy Comedy Romance Romance Romance,new york,annie hall year_1977 decade_1970s Comedy Comedy Comedy Romance Romance Romance new york
1231,"Right Stuff, The (1983)",Drama,1983,right stuff the,year_1983 decade_1980s,Drama Drama Drama,nasa space,right stuff the year_1983 decade_1980s Drama Drama Drama nasa space
1232,Stalker (1979),Drama|Mystery|Sci-Fi,1979,stalker,year_1979 decade_1970s,Drama Drama Drama Mystery Mystery Mystery SciFi SciFi SciFi,,stalker year_1979 decade_1970s Drama Drama Drama Mystery Mystery Mystery SciFi SciFi SciFi
1233,"Boot, Das (Boat, The) (1981)",Action|Drama|War,1981,boot das boat the,year_1981 decade_1980s,Action Action Action Drama Drama Drama War War War,submarine,boot das boat the year_1981 decade_1980s Action Action Action Drama Drama Drama War War War submarine
1234,"Sting, The (1973)",Comedy|Crime,1973,sting the,year_1973 decade_1970s,Comedy Comedy Comedy Crime Crime Crime,,sting the year_1973 decade_1970s Comedy Comedy Comedy Crime Crime Crime
1235,Harold and Maude (1971),Comedy|Drama|Romance,1971,harold and maude,year_1971 decade_1970s,Comedy Comedy Comedy Drama Drama Drama Romance Romance Romance,,harold and maude year_1971 decade_1970s Comedy Comedy Comedy Drama Drama Drama Romance Romance Romance
1237,"Seventh Seal, The (Sjunde inseglet, Det) (1957)",Drama,1957,seventh seal the sjunde inseglet det,year_1957 decade_1950s,Drama Drama Drama,chess death existentialism atmospheric cerebral reflective philosophical,seventh seal the sjunde inseglet det year_1957 decade_1950s Drama Drama Drama chess death existentialism atmospheric cerebral reflective philosophical
1238,Local Hero (1983),Comedy,1983,local hero,year_1983 decade_1980s,Comedy Comedy Comedy,,local hero year_1983 decade_1980s Comedy Comedy Comedy
1240,"Terminator, The (1984)",Action|Sci-Fi|Thriller,1984,terminator the,year_1984 decade_1980s,Action Action Action SciFi SciFi SciFi Thriller Thriller Thriller,robots time travel sci fi action artificial intelligence tense,terminator the year_1984 decade_1980s Action Action Action SciFi SciFi SciFi Thriller Thriller Thriller robots time travel sci fi action artificial intelligence tense
1241,Dead Alive (Braindead) (1992),Comedy|Fantasy|Horror,1992,dead alive braindead,year_1992 decade_1990s,Comedy Comedy Comedy Fantasy Fantasy Fantasy Horror Horror Horror,,dead alive braindead year_1992 decade_1990s Comedy Comedy Comedy Fantasy Fantasy Fantasy Horror Horror Horror
1242,Glory (1989),Drama|War,1989,glory,year_1989 decade_1980s,Drama Drama Drama War War War,civil war,glory year_1989 decade_1980s Drama Drama Drama War War War civil war
1243,Rosencrantz and Guildenstern Are Dead (1990),Comedy|Drama,1990,rosencrantz and guildenstern are dead,year_1990 decade_1990s,Comedy Comedy Comedy Drama Drama Drama,shakespeare sort of,rosencrantz and guildenstern are dead year_1990 decade_1990s Comedy Comedy Comedy Drama Drama Drama shakespeare sort of
1244,Manhattan (1979),Comedy|Drama|Romance,1979,manhattan,year_1979 decade_1970s,Comedy Comedy Comedy Drama Drama Drama Romance Romance Romance,black and white,manhattan year_1979 decade_1970s Comedy Comedy Comedy Drama Drama Drama Romance Romance Romance black and white
1245,Miller's Crossing (1990),Crime|Drama|Film-Noir|Thriller,1990,miller s crossing,year_1990 decade_1990s,Crime Crime Crime Drama Drama Drama FilmNoir FilmNoir FilmNoir Thriller Thriller Thriller,mafia,miller s crossing year_1990 decade_1990s Crime Crime Crime Drama Drama Drama FilmNoir FilmNoir FilmNoir Thriller Thriller Thriller mafia
1246,Dead Poets Society (1989),Drama,1989,dead poets society,year_1989 decade_1980s,Drama Drama Drama,high school,dead poets society year_1989 decade_1980s Drama Drama Drama high school
1247,"Graduate, The (1967)",Comedy|Drama|Romance,1967,graduate the,year_1967 decade_1960s,Comedy Comedy Comedy Drama Drama Drama Romance Romance Romance,,graduate the year_1967 decade_1960s Comedy Comedy Comedy Drama Drama Drama Romance Romance Romance
1248,Touch of Evil (1958),Crime|Film-Noir|Thriller,1958,touch of evil,year_1958 decade_1950s,Crime Crime Crime FilmNoir FilmNoir FilmNoir Thriller Thriller Thriller,,touch of evil year_1958 decade_1950s Crime Crime Crime FilmNoir FilmNoir FilmNoir Thriller Thriller Thriller
1249,"Femme Nikita, La (Nikita) (1990)",Action|Crime|Romance|Thriller,1990,femme nikita la nikita,year_1990 decade_1990s,Action Action Action Crime Crime Crime Romance Romance Romance Thriller Thriller Thriller,hit men,femme nikita la nikita year_1990 decade_1990s Action Action Action Crime Crime Crime Romance Romance Romance Thriller Thriller Thriller hit men
1250,"Bridge on the River Kwai, The (1957)",Adventure|Drama|War,1957,bridge on the river kwai the,year_1957 decade_1950s,Adventure Adventure Adventure Drama Drama Drama War War War,pow,bridge on the river kwai the year_1957 decade_1950s Adventure Adventure Adventure Drama Drama Drama War War War pow
1251,8 1/2 (8½) (1963),Drama|Fantasy,1963,8 1 2 8,year_1963 decade_1960s,Drama Drama Drama Fantasy Fantasy Fantasy,,8 1 2 8 year_1963 decade_1960s Drama Drama Drama Fantasy Fantasy Fantasy
1252,Chinatown (1974),Crime|Film-Noir|Mystery|Thriller,1974,chinatown,year_1974 decade_1970s,Crime Crime Crime FilmNoir FilmNoir FilmNoir Mystery Mystery Mystery Thriller Thriller Thriller,,chinatown year_1974 decade_1970s Crime Crime Crime FilmNoir FilmNoir FilmNoir Mystery Mystery Mystery Thriller Thriller Thriller
1253,"Day the Earth Stood Still, The (1951)",Drama|Sci-Fi|Thriller,1951,day the earth stood still the,year_1951 decade_1950s,Drama Drama Drama SciFi SciFi SciFi Thriller Thriller Thriller,aliens,day the earth stood still the year_1951 decade_1950s Drama Drama Drama SciFi SciFi SciFi Thriller Thriller Thriller aliens
1254,"Treasure of the Sierra Madre, The (1948)",Action|Adventure|Drama|Western,1948,treasure of the sierra madre the,year_1948 decade_1940s,Action Action Action Adventure Adventure Adventure Drama Drama Drama Western Western Western,,treasure of the sierra madre the year_1948 decade_1940s Action Action Action Adventure Adventure Adventure Drama Drama Drama Western Western Western
1255,Bad Taste (1987),Comedy|Horror|Sci-Fi,1987,bad taste,year_1987 decade_1980s,Comedy Comedy Comedy Horror Horror Horror SciFi SciFi SciFi,,bad taste year_1987 decade_1980s Comedy Comedy Comedy Horror Horror Horror SciFi SciFi SciFi
1256,Duck Soup (1933),Comedy|Musical|War,1933,duck soup,year_1933 decade_1930s,Comedy Comedy Comedy Musical Musical Musical War War War,,duck soup year_1933 decade_1930s Comedy Comedy Comedy Musical Musical Musical War War War
1257,Better Off Dead... (1985),Comedy|Romance,1985,better off dead,year_1985 decade_1980s,Comedy Comedy Comedy Romance Romance Romance,,better off dead year_1985 decade_1980s Comedy Comedy Comedy Romance Romance Romance
1258,"Shining, The (1980)",Horror,1980,shining the,year_1980 decade_1980s,Horror Horror Horror,stephen king stanley kubrick jack nicholson psychological atmospheric disturbing horror masterpiece suspense,shining the year_1980 decade_1980s Horror Horror Horror stephen king stanley kubrick jack nicholson psychological atmospheric disturbing horror masterpiece suspense
1259,Stand by Me (1986),Adventure|Drama,1986,stand by me,year_1986 decade_1980s,Adventure Adventure Adventure Drama Drama Drama,stephen king,stand by me year_1986 decade_1980s Adventure Adventure Adventure Drama Drama Drama stephen king
1260,M (1931),Crime|Film-Noir|Thriller,1931,m,year_1931 decade_1930s,Crime Crime Crime FilmNoir FilmNoir FilmNoir Thriller Thriller Thriller,serial killer atmospheric mental illness creepy,m year_1931 decade_1930s Crime Crime Crime FilmNoir FilmNoir FilmNoir Thriller Thriller Thriller serial killer atmospheric mental illness creepy
1261,Evil Dead II (Dead by Dawn) (1987),Action|Comedy|Fantasy|Horror,1987,evil dead ii dead by dawn,year_1987 decade_1980s,Action Action Action Comedy Comedy Comedy Fantasy Fantasy Fantasy Horror Horror Horror,,evil dead ii dead by dawn year_1987 decade_1980s Action Action Action Comedy Comedy Comedy Fantasy Fantasy Fantasy Horror Horror Horror
1262,"Great Escape, The (1963)",Action|Adventure|Drama|War,1963,great escape the,year_1963 decade_1960s,Action Action Action Adventure Adventure Adventure Drama Drama Drama War War War,pow,great escape the year_1963 decade_1960s Action Action Action Adventure Adventure Adventure Drama Drama Drama War War War pow
1263,"Deer Hunter, The (1978)",Drama|War,1978,deer hunter the,year_1978 decade_1970s,Drama Drama Drama War War War,vietnam,deer hunter the year_1978 decade_1970s Drama Drama Drama War War War vietnam
1264,Diva (1981),Action|Drama|Mystery|Romance|Thriller,1981,diva,year_1981 decade_1980s,Action Action Action Drama Drama Drama Mystery Mystery Mystery Romance Romance Romance Thriller Thriller Thriller,,diva year_1981 decade_1980s Action Action Action Drama Drama Drama Mystery Mystery Mystery Romance Romance Romance Thriller Thriller Thriller
1265,Groundhog Day (1993),Comedy|Fantasy|Romance,1993,groundhog day,year_1993 decade_1990s,Comedy Comedy Comedy Fantasy Fantasy Fantasy Romance Romance Romance,,groundhog day year_1993 decade_1990s Comedy Comedy Comedy Fantasy Fantasy Fantasy Romance Romance Romance
1266,Unforgiven (1992),Drama|Western,1992,unforgiven,year_1992 decade_1990s,Drama Drama Drama Western Western Western,revenge,unforgiven year_1992 decade_1990s Drama Drama Drama Western Western Western revenge
1267,"Manchurian Candidate, The (1962)",Crime|Thriller|War,1962,manchurian candidate the,year_1962 decade_1960s,Crime Crime Crime Thriller Thriller Thriller War War War,assassination brainwashing,manchurian candidate the year_1962 decade_1960s Crime Crime Crime Thriller Thriller Thriller War War War assassination brainwashing
1268,Pump Up the Volume (1990),Comedy|Drama,1990,pump up the volume,year_1990 decade_1990s,Comedy Comedy Comedy Drama Drama Drama,,pump up the volume year_1990 decade_1990s Comedy Comedy Comedy Drama Drama Drama
1269,Arsenic and Old Lace (1944),Comedy|Mystery|Thriller,1944,arsenic and old lace,year_1944 decade_1940s,Comedy Comedy Comedy Mystery Mystery Mystery Thriller Thriller Thriller,murder,arsenic and old lace year_1944 decade_1940s Comedy Comedy Comedy Mystery Mystery Mystery Thriller Thriller Thriller murder
1270,Back to the Future (1985),Adventure|Comedy|Sci-Fi,1985,back to the future,year_1985 decade_1980s,Adventure Adventure Adventure Comedy Comedy Comedy SciFi SciFi SciFi,time travel,back to the future year_1985 decade_1980s Adventure Adventure Adventure Comedy Comedy Comedy SciFi SciFi SciFi time travel
1271,Fried Green Tomatoes (1991),Comedy|Crime|Drama,1991,fried green tomatoes,year_1991 decade_1990s,Comedy Comedy Comedy Crime Crime Crime Drama Drama Drama,,fried green tomatoes year_1991 decade_1990s Comedy Comedy Comedy Crime Crime Crime Drama Drama Drama
1272,Patton (1970),Drama|War,1970,patton,year_1970 decade_1970s,Drama Drama Drama War War War,world war ii,patton year_1970 decade_1970s Drama Drama Drama War War War world war ii
1273,Down by Law (1986),Comedy|Drama|Film-Noir,1986,down by law,year_1986 decade_1980s,Comedy Comedy Comedy Drama Drama Drama FilmNoir FilmNoir FilmNoir,,down by law year_1986 decade_1980s Comedy Comedy Comedy Drama Drama Drama FilmNoir FilmNoir FilmNoir
1274,Akira (1988),Action|Adventure|Animation|Sci-Fi,1988,akira,year_1988 decade_1980s,Action Action Action Adventure Adventure Adventure Animation Animation Animation SciFi SciFi SciFi,anime animation visually stunning,akira year_1988 decade_1980s Action Action Action Adventure Adventure Adventure Animation Animation Animation SciFi SciFi SciFi anime animation visually stunning
1275,Highlander (1986),Action|Adventure|Fantasy,1986,highlander,year_1986 decade_1980s,Action Action Action Adventure Adventure Adventure Fantasy Fantasy Fantasy,,highlander year_1986 decade_1980s Action Action Action Adventure Adventure Adventure Fantasy Fantasy Fantasy
1276,Cool Hand Luke (1967),Drama,1967,cool hand luke,year_1967 decade_1960s,Drama Drama Drama,prison,cool hand luke year_1967 decade_1960s Drama Drama Drama prison
1277,Cyrano de Bergerac (1990),Comedy|Drama|Romance,1990,cyrano de bergerac,year_1990 decade_1990s,Comedy Comedy Comedy Drama Drama Drama Romance Romance Romance,,cyrano de bergerac year_1990 decade_1990s Comedy Comedy Comedy Drama Drama Drama Romance Romance Romance
1278,Young Frankenstein (1974),Comedy|Fantasy,1974,young frankenstein,year_1974 decade_1970s,Comedy Comedy Comedy Fantasy Fantasy Fantasy,spoof,young frankenstein year_1974 decade_1970s Comedy Comedy Comedy Fantasy Fantasy Fantasy spoof
1279,Night on Earth (1991),Comedy|Drama,1991,night on earth,year_1991 decade_1990s,Comedy Comedy Comedy Drama Drama Drama,,night on earth year_1991 decade_1990s Comedy Comedy Comedy Drama Drama Drama
1280,Raise the Red Lantern (Da hong deng long gao gao gua) (1991),Drama,1991,raise the red lantern da hong deng long gao gao gua,year_1991 decade_1990s,Drama Drama Drama,,raise the red lantern da hong deng long gao gao gua year_1991 decade_1990s Drama Drama Drama
1281,"Great Dictator, The (1940)",Comedy|Drama|War,1940,great dictator the,year_1940 decade_1940s,Comedy Comedy Comedy Drama Drama Drama War War War,,great dictator the year_1940 decade_1940s Comedy Comedy Comedy Drama Drama Drama War War War
1282,Fantasia (1940),Animation|Children|Fantasy|Musical,1940,fantasia,year_1940 decade_1940s,Animation Animation Animation Children Children Children Fantasy Fantasy Fantasy Musical Musical Musical,disney,fantasia year_1940 decade_1940s Animation Animation Animation Children Children Children Fantasy Fantasy Fantasy Musical Musical Musical disney
1283,High Noon (1952),Drama|Western,1952,high noon,year_1952 decade_1950s,Drama Drama Drama Western Western Western,,high noon year_1952 decade_1950s Drama Drama Drama Western Western Western
1284,"Big Sleep, The (1946)",Crime|Film-Noir|Mystery,1946,big sleep the,year_1946 decade_1940s,Crime Crime Crime FilmNoir FilmNoir FilmNoir Mystery Mystery Mystery,,big sleep the year_1946 decade_1940s Crime Crime Crime FilmNoir FilmNoir FilmNoir Mystery Mystery Mystery
1285,Heathers (1989),Comedy,1989,heathers,year_1989 decade_1980s,Comedy Comedy Comedy,high school,heathers year_1989 decade_1980s Comedy Comedy Comedy high school
1286,Somewhere in Time (1980),Drama|Romance,1980,somewhere in time,year_1980 decade_1980s,Drama Drama Drama Romance Romance Romance,,somewhere in time year_1980 decade_1980s Drama Drama Drama Romance Romance Romance
1287,Ben-Hur (1959),Action|Adventure|Drama,1959,ben hur,year_1959 decade_1950s,Action Action Action Adventure Adventure Adventure Drama Drama Drama,,ben hur year_1959 decade_1950s Action Action Action Adventure Adventure Adventure Drama Drama Drama
1288,This Is Spinal Tap (1984),Comedy,1984,this is spinal tap,year_1984 decade_1980s,Comedy Comedy Comedy,mockumentary music,this is spinal tap year_1984 decade_1980s Comedy Comedy Comedy mockumentary music
1289,Koyaanisqatsi (a.k.a. Koyaanisqatsi: Life Out of Balance) (1983),Documentary,1983,koyaanisqatsi a k a koyaanisqatsi life out of balance,year_1983 decade_1980s,Documentary Documentary Documentary,,koyaanisqatsi a k a koyaanisqatsi life out of balance year_1983 decade_1980s Documentary Documentary Documentary
1290,Some Kind of Wonderful (1987),Drama|Romance,1987,some kind of wonderful,year_1987 decade_1980s,Drama Drama Drama Romance Romance Romance,,some kind of wonderful year_1987 decade_1980s Drama Drama Drama Romance Romance Romance
1291,Indiana Jones and the Last Crusade (1989),Action|Adventure,1989,indiana jones and the last crusade,year_1989 decade_1980s,Action Action Action Adventure Adventure Adventure,archaeology,indiana jones and the last crusade year_1989 decade_1980s Action Action Action Adventure Adventure Adventure archaeology
1292,Being There (1979),Comedy|Drama,1979,being there,year_1979 decade_1970s,Comedy Comedy Comedy Drama Drama Drama,television,being there year_1979 decade_1970s Comedy Comedy Comedy Drama Drama Drama television
1293,Gandhi (1982),Drama,1982,gandhi,year_1982 decade_1980s,Drama Drama Drama,india,gandhi year_1982 decade_1980s Drama Drama Drama india
1295,"Unbearable Lightness of Being, The (1988)",Drama,1988,unbearable lightness of being the,year_1988 decade_1980s,Drama Drama Drama,,unbearable lightness of being the year_1988 decade_1980s Drama Drama Drama
1296,"Room with a View, A (1986)",Drama|Romance,1986,room with a view a,year_1986 decade_1980s,Drama Drama Drama Romance Romance Romance,e m forster,room with a view a year_1986 decade_1980s Drama Drama Drama Romance Romance Romance e m forster
1297,Real Genius (1985),Comedy,1985,real genius,year_1985 decade_1980s,Comedy Comedy Comedy,,real genius year_1985 decade_1980s Comedy Comedy Comedy
1298,Pink Floyd: The Wall (1982),Drama|Musical,1982,pink floyd the wall,year_1982 decade_1980s,Drama Drama Drama Musical Musical Musical,,pink floyd the wall year_1982 decade_1980s Drama Drama Drama Musical Musical Musical
1299,"Killing Fields, The (1984)",Drama|War,1984,killing fields the,year_1984 decade_1980s,Drama Drama Drama War War War,vietnam,killing fields the year_1984 decade_1980s Drama Drama Drama War War War vietnam
1300,My Life as a Dog (Mitt liv som hund) (1985),Comedy|Drama,1985,my life as a dog mitt liv som hund,year_1985 decade_1980s,Comedy Comedy Comedy Drama Drama Drama,,my life as a dog mitt liv som hund year_1985 decade_1980s Comedy Comedy Comedy Drama Drama Drama
1301,Forbidden Planet (1956),Drama|Sci-Fi,1956,forbidden planet,year_1956 decade_1950s,Drama Drama Drama SciFi SciFi SciFi,shakespeare sort of space,forbidden planet year_1956 decade_1950s Drama Drama Drama SciFi SciFi SciFi shakespeare sort of space
1302,Field of Dreams (1989),Children|Drama|Fantasy,1989,field of dreams,year_1989 decade_1980s,Children Children Children Drama Drama Drama Fantasy Fantasy Fantasy,baseball,field of dreams year_1989 decade_1980s Children Children Children Drama Drama Drama Fantasy Fantasy Fantasy baseball
1303,"Man Who Would Be King, The (1975)",Adventure|Drama,1975,man who would be king the,year_1975 decade_1970s,Adventure Adventure Adventure Drama Drama Drama,india,man who would be king the year_1975 decade_1970s Adventure Adventure Adventure Drama Drama Drama india
1304,Butch Cassidy and the Sundance Kid (1969),Action|Western,1969,butch cassidy and the sundance kid,year_1969 decade_1960s,Action Action Action Western Western Western,crime,butch cassidy and the sundance kid year_1969 decade_1960s Action Action Action Western Western Western crime
1306,Until the End of the World (Bis ans Ende der Welt) (1991),Adventure|Drama|Sci-Fi,1991,until the end of the world bis ans ende der welt,year_1991 decade_1990s,Adventure Adventure Adventure Drama Drama Drama SciFi SciFi SciFi,,until the end of the world bis ans ende der welt year_1991 decade_1990s Adventure Adventure Adventure Drama Drama Drama SciFi SciFi SciFi
1307,When Harry Met Sally... (1989),Comedy|Romance,1989,when harry met sally,year_1989 decade_1980s,Comedy Comedy Comedy Romance Romance Romance,new york,when harry met sally year_1989 decade_1980s Comedy Comedy Comedy Romance Romance Romance new york
1320,Alien³ (a.k.a. Alien 3) (1992),Action|Horror|Sci-Fi|Thriller,1992,alien a k a alien 3,year_1992 decade_1990s,Action Action Action Horror Horror Horror SciFi SciFi SciFi Thriller Thriller Thriller,,alien a k a alien 3 year_1992 decade_1990s Action Action Action Horror Horror Horror SciFi SciFi SciFi Thriller Thriller Thriller
1321,"American Werewolf in London, An (1981)",Comedy|Horror|Thriller,1981,american werewolf in london an,year_1981 decade_1980s,Comedy Comedy Comedy Horror Horror Horror Thriller Thriller Thriller,,american werewolf in london an year_1981 decade_1980s Comedy Comedy Comedy Horror Horror Horror Thriller Thriller Thriller
1327,"Amityville Horror, The (1979)",Drama|Horror|Mystery|Thriller,1979,amityville horror the,year_1979 decade_1970s,Drama Drama Drama Horror Horror Horror Mystery Mystery Mystery Thriller Thriller Thriller,,amityville horror the year_1979 decade_1970s Drama Drama Drama Horror Horror Horror Mystery Mystery Mystery Thriller Thriller Thriller
1333,"Birds, The (1963)",Horror|Thriller,1963,birds the,year_1963 decade_1960s,Horror Horror Horror Thriller Thriller Thriller,birds,birds the year_1963 decade_1960s Horror Horror Horror Thriller Thriller Thriller birds
1334,"Blob, The (1958)",Horror|Sci-Fi,1958,blob the,year_1958 decade_1950s,Horror Horror Horror SciFi SciFi SciFi,,blob the year_1958 decade_1950s Horror Horror Horror SciFi SciFi SciFi
1339,Dracula (Bram Stoker's Dracula) (1992),Fantasy|Horror|Romance|Thriller,1992,dracula bram stoker s dracula,year_1992 decade_1990s,Fantasy Fantasy Fantasy Horror Horror Horror Romance Romance Romance Thriller Thriller Thriller,,dracula bram stoker s dracula year_1992 decade_1990s Fantasy Fantasy Fantasy Horror Horror Horror Romance Romance Romance Thriller Thriller Thriller
1342,Candyman (1992),Horror|Thriller,1992,candyman,year_1992 decade_1990s,Horror Horror Horror Thriller Thriller Thriller,,candyman year_1992 decade_1990s Horror Horror Horror Thriller Thriller Thriller
1343,Cape Fear (1991),Thriller,1991,cape fear,year_1991 decade_1990s,Thriller Thriller Thriller,remake martin scorsese robert de niro horror,cape fear year_1991 decade_1990s Thriller Thriller Thriller remake martin scorsese robert de niro horror
1344,Cape Fear (1962),Crime|Drama|Thriller,1962,cape fear,year_1962 decade_1960s,Crime Crime Crime Drama Drama Drama Thriller Thriller Thriller,lawyer,cape fear year_1962 decade_1960s Crime Crime Crime Drama Drama Drama Thriller Thriller Thriller lawyer
1345,Carrie (1976),Drama|Fantasy|Horror|Thriller,1976,carrie,year_1976 decade_1970s,Drama Drama Drama Fantasy Fantasy Fantasy Horror Horror Horror Thriller Thriller Thriller,high school stephen king,carrie year_1976 decade_1970s Drama Drama Drama Fantasy Fantasy Fantasy Horror Horror Horror Thriller Thriller Thriller high school stephen king
1346,Cat People (1982),Drama|Fantasy|Horror,1982,cat people,year_1982 decade_1980s,Drama Drama Drama Fantasy Fantasy Fantasy Horror Horror Horror,,cat people year_1982 decade_1980s Drama Drama Drama Fantasy Fantasy Fantasy Horror Horror Horror
1347,"Nightmare on Elm Street, A (1984)",Horror|Thriller,1984,nightmare on elm street a,year_1984 decade_1980s,Horror Horror Horror Thriller Thriller Thriller,,nightmare on elm street a year_1984 decade_1980s Horror Horror Horror Thriller Thriller Thriller
1348,"Nosferatu (Nosferatu, eine Symphonie des Grauens) (1922)",Horror,1922,nosferatu nosferatu eine symphonie des grauens,year_1922 decade_1920s,Horror Horror Horror,vampires,nosferatu nosferatu eine symphonie des grauens year_1922 decade_1920s Horror Horror Horror vampires
1350,"Omen, The (1976)",Horror|Mystery|Thriller,1976,omen the,year_1976 decade_1970s,Horror Horror Horror Mystery Mystery Mystery Thriller Thriller Thriller,demons,omen the year_1976 decade_1970s Horror Horror Horror Mystery Mystery Mystery Thriller Thriller Thriller demons
1354,Breaking the Waves (1996),Drama|Mystery,1996,breaking the waves,year_1996 decade_1990s,Drama Drama Drama Mystery Mystery Mystery,religion,breaking the waves year_1996 decade_1990s Drama Drama Drama Mystery Mystery Mystery religion
1356,Star Trek: First Contact (1996),Action|Adventure|Sci-Fi|Thriller,1996,star trek first contact,year_1996 decade_1990s,Action Action Action Adventure Adventure Adventure SciFi SciFi SciFi Thriller Thriller Thriller,,star trek first contact year_1996 decade_1990s Action Action Action Adventure Adventure Adventure SciFi SciFi SciFi Thriller Thriller Thriller
1357,Shine (1996),Drama|Romance,1996,shine,year_1996 decade_1990s,Drama Drama Drama Romance Romance Romance,music,shine year_1996 decade_1990s Drama Drama Drama Romance Romance Romance music
1358,Sling Blade (1996),Drama,1996,sling blade,year_1996 decade_1990s,Drama Drama Drama,,sling blade year_1996 decade_1990s Drama Drama Drama
1359,Jingle All the Way (1996),Children|Comedy,1996,jingle all the way,year_1996 decade_1990s,Children Children Children Comedy Comedy Comedy,,jingle all the way year_1996 decade_1990s Children Children Children Comedy Comedy Comedy
1361,Paradise Lost: The Child Murders at Robin Hood Hills (1996),Documentary,1996,paradise lost the child murders at robin hood hills,year_1996 decade_1990s,Documentary Documentary Documentary,,paradise lost the child murders at robin hood hills year_1996 decade_1990s Documentary Documentary Documentary
1363,"Preacher's Wife, The (1996)",Drama,1996,preacher s wife the,year_1996 decade_1990s,Drama Drama Drama,religion,preacher s wife the year_1996 decade_1990s Drama Drama Drama religion
1365,Ridicule (1996),Drama,1996,ridicule,year_1996 decade_1990s,Drama Drama Drama,,ridicule year_1996 decade_1990s Drama Drama Drama
1366,"Crucible, The (1996)",Drama,1996,crucible the,year_1996 decade_1990s,Drama Drama Drama,,crucible the year_1996 decade_1990s Drama Drama Drama
1367,101 Dalmatians (1996),Adventure|Children|Comedy,1996,101 dalmatians,year_1996 decade_1990s,Adventure Adventure Adventure Children Children Children Comedy Comedy Comedy,dogs remake,101 dalmatians year_1996 decade_1990s Adventure Adventure Adventure Children Children Children Comedy Comedy Comedy dogs remake
1370,Die Hard 2 (1990),Action|Adventure|Thriller,1990,die hard 2,year_1990 decade_1990s,Action Action Action Adventure Adventure Adventure Thriller Thriller Thriller,,die hard 2 year_1990 decade_1990s Action Action Action Adventure Adventure Adventure Thriller Thriller Thriller
1371,Star Trek: The Motion Picture (1979),Adventure|Sci-Fi,1979,star trek the motion picture,year_1979 decade_1970s,Adventure Adventure Adventure SciFi SciFi SciFi,,star trek the motion picture year_1979 decade_1970s Adventure Adventure Adventure SciFi SciFi SciFi
1372,Star Trek VI: The Undiscovered Country (1991),Action|Mystery|Sci-Fi,1991,star trek vi the undiscovered country,year_1991 decade_1990s,Action Action Action Mystery Mystery Mystery SciFi SciFi SciFi,,star trek vi the undiscovered country year_1991 decade_1990s Action Action Action Mystery Mystery Mystery SciFi SciFi SciFi
1373,Star Trek V: The Final Frontier (1989),Action|Sci-Fi,1989,star trek v the final frontier,year_1989 decade_1980s,Action Action Action SciFi SciFi SciFi,,star trek v the final frontier year_1989 decade_1980s Action Action Action SciFi SciFi SciFi
1374,Star Trek II: The Wrath of Khan (1982),Action|Adventure|Sci-Fi|Thriller,1982,star trek ii the wrath of khan,year_1982 decade_1980s,Action Action Action Adventure Adventure Adventure SciFi SciFi SciFi Thriller Thriller Thriller,,star trek ii the wrath of khan year_1982 decade_1980s Action Action Action Adventure Adventure Adventure SciFi SciFi SciFi Thriller Thriller Thriller
1375,Star Trek III: The Search for Spock (1984),Action|Adventure|Sci-Fi,1984,star trek iii the search for spock,year_1984 decade_1980s,Action Action Action Adventure Adventure Adventure SciFi SciFi SciFi,,star trek iii the search for spock year_1984 decade_1980s Action Action Action Adventure Adventure Adventure SciFi SciFi SciFi
1376,Star Trek IV: The Voyage Home (1986),Adventure|Comedy|Sci-Fi,1986,star trek iv the voyage home,year_1986 decade_1980s,Adventure Adventure Adventure Comedy Comedy Comedy SciFi SciFi SciFi,,star trek iv the voyage home year_1986 decade_1980s Adventure Adventure Adventure Comedy Comedy Comedy SciFi SciFi SciFi
1377,Batman Returns (1992),Action|Crime,1992,batman returns,year_1992 decade_1990s,Action Action Action Crime Crime Crime,superhero,batman returns year_1992 decade_1990s Action Action Action Crime Crime Crime superhero
1378,Young Guns (1988),Action|Comedy|Western,1988,young guns,year_1988 decade_1980s,Action Action Action Comedy Comedy Comedy Western Western Western,,young guns year_1988 decade_1980s Action Action Action Comedy Comedy Comedy Western Western Western
1379,Young Guns II (1990),Action|Western,1990,young guns ii,year_1990 decade_1990s,Action Action Action Western Western Western,,young guns ii year_1990 decade_1990s Action Action Action Western Western Western
1380,Grease (1978),Comedy|Musical|Romance,1978,grease,year_1978 decade_1970s,Comedy Comedy Comedy Musical Musical Musical Romance Romance Romance,high school,grease year_1978 decade_1970s Comedy Comedy Comedy Musical Musical Musical Romance Romance Romance high school
1381,Grease 2 (1982),Comedy|Musical|Romance,1982,grease 2,year_1982 decade_1980s,Comedy Comedy Comedy Musical Musical Musical Romance Romance Romance,high school,grease 2 year_1982 decade_1980s Comedy Comedy Comedy Musical Musical Musical Romance Romance Romance high school
1385,Under Siege (1992),Action|Drama|Thriller,1992,under siege,year_1992 decade_1990s,Action Action Action Drama Drama Drama Thriller Thriller Thriller,,under siege year_1992 decade_1990s Action Action Action Drama Drama Drama Thriller Thriller Thriller
1387,Jaws (1975),Action|Horror,1975,jaws,year_1975 decade_1970s,Action Action Action Horror Horror Horror,shark,jaws year_1975 decade_1970s Action Action Action Horror Horror Horror shark
1388,Jaws 2 (1978),Horror|Thriller,1978,jaws 2,year_1978 decade_1970s,Horror Horror Horror Thriller Thriller Thriller,,jaws 2 year_1978 decade_1970s Horror Horror Horror Thriller Thriller Thriller
1389,Jaws 3-D (1983),Action|Horror,1983,jaws 3 d,year_1983 decade_1980s,Action Action Action Horror Horror Horror,shark,jaws 3 d year_1983 decade_1980s Action Action Action Horror Horror Horror shark
1390,My Fellow Americans (1996),Comedy,1996,my fellow americans,year_1996 decade_1990s,Comedy Comedy Comedy,,my fellow americans year_1996 decade_1990s Comedy Comedy Comedy
1391,Mars Attacks! (1996),Action|Comedy|Sci-Fi,1996,mars attacks,year_1996 decade_1990s,Action Action Action Comedy Comedy Comedy SciFi SciFi SciFi,,mars attacks year_1996 decade_1990s Action Action Action Comedy Comedy Comedy SciFi SciFi SciFi
1393,Jerry Maguire (1996),Drama|Romance,1996,jerry maguire,year_1996 decade_1990s,Drama Drama Drama Romance Romance Romance,sports,jerry maguire year_1996 decade_1990s Drama Drama Drama Romance Romance Romance sports
1394,Raising Arizona (1987),Comedy,1987,raising arizona,year_1987 decade_1980s,Comedy Comedy Comedy,coen brothers,raising arizona year_1987 decade_1980s Comedy Comedy Comedy coen brothers
1395,Tin Men (1987),Comedy|Drama,1987,tin men,year_1987 decade_1980s,Comedy Comedy Comedy Drama Drama Drama,,tin men year_1987 decade_1980s Comedy Comedy Comedy Drama Drama Drama
1396,Sneakers (1992),Action|Comedy|Crime|Drama|Sci-Fi,1992,sneakers,year_1992 decade_1990s,Action Action Action Comedy Comedy Comedy Crime Crime Crime Drama Drama Drama SciFi SciFi SciFi,spying,sneakers year_1992 decade_1990s Action Action Action Comedy Comedy Comedy Crime Crime Crime Drama Drama Drama SciFi SciFi SciFi spying
1399,Marvin's Room (1996),Drama,1996,marvin s room,year_1996 decade_1990s,Drama Drama Drama,,marvin s room year_1996 decade_1990s Drama Drama Drama
1405,Beavis and Butt-Head Do America (1996),Adventure|Animation|Comedy|Crime,1996,beavis and butt head do america,year_1996 decade_1990s,Adventure Adventure Adventure Animation Animation Animation Comedy Comedy Comedy Crime Crime Crime,,beavis and butt head do america year_1996 decade_1990s Adventure Adventure Adventure Animation Animation Animation Comedy Comedy Comedy Crime Crime Crime
1407,Scream (1996),Comedy|Horror|Mystery|Thriller,1996,scream,year_1996 decade_1990s,Comedy Comedy Comedy Horror Horror Horror Mystery Mystery Mystery Thriller Thriller Thriller,slasher spoof,scream year_1996 decade_1990s Comedy Comedy Comedy Horror Horror Horror Mystery Mystery Mystery Thriller Thriller Thriller slasher spoof
1408,"Last of the Mohicans, The (1992)",Action|Romance|War|Western,1992,last of the mohicans the,year_1992 decade_1990s,Action Action Action Romance Romance Romance War War War Western Western Western,,last of the mohicans the year_1992 decade_1990s Action Action Action Romance Romance Romance War War War Western Western Western
1409,Michael (1996),Comedy|Drama|Fantasy|Romance,1996,michael,year_1996 decade_1990s,Comedy Comedy Comedy Drama Drama Drama Fantasy Fantasy Fantasy Romance Romance Romance,,michael year_1996 decade_1990s Comedy Comedy Comedy Drama Drama Drama Fantasy Fantasy Fantasy Romance Romance Romance
1411,Hamlet (1996),Crime|Drama|Romance,1996,hamlet,year_1996 decade_1990s,Crime Crime Crime Drama Drama Drama Romance Romance Romance,shakespeare,hamlet year_1996 decade_1990s Crime Crime Crime Drama Drama Drama Romance Romance Romance shakespeare
1414,Mother (1996),Comedy,1996,mother,year_1996 decade_1990s,Comedy Comedy Comedy,,mother year_1996 decade_1990s Comedy Comedy Comedy
1416,Evita (1996),Drama|Musical,1996,evita,year_1996 decade_1990s,Drama Drama Drama Musical Musical Musical,,evita year_1996 decade_1990s Drama Drama Drama Musical Musical Musical
1425,Fierce Creatures (1997),Comedy,1997,fierce creatures,year_1997 decade_1990s,Comedy Comedy Comedy,,fierce creatures year_1997 decade_1990s Comedy Comedy Comedy
1429,First Strike (Police Story 4: First Strike) (Ging chaat goo si 4: Ji gaan daan yam mo) (1996),Action|Adventure|Comedy|Thriller,1996,first strike police story 4 first strike ging chaat goo si 4 ji gaan daan yam mo,year_1996 decade_1990s,Action Action Action Adventure Adventure Adventure Comedy Comedy Comedy Thriller Thriller Thriller,,first strike police story 4 first strike ging chaat goo si 4 ji gaan daan yam mo year_1996 decade_1990s Action Action Action Adventure Adventure Adventure Comedy Comedy Comedy Thriller Thriller Thriller
1431,Beverly Hills Ninja (1997),Action|Comedy,1997,beverly hills ninja,year_1997 decade_1990s,Action Action Action Comedy Comedy Comedy,,beverly hills ninja year_1997 decade_1990s Action Action Action Comedy Comedy Comedy
1432,Metro (1997),Action|Comedy|Crime|Drama|Thriller,1997,metro,year_1997 decade_1990s,Action Action Action Comedy Comedy Comedy Crime Crime Crime Drama Drama Drama Thriller Thriller Thriller,,metro year_1997 decade_1990s Action Action Action Comedy Comedy Comedy Crime Crime Crime Drama Drama Drama Thriller Thriller Thriller
1438,Dante's Peak (1997),Action|Thriller,1997,dante s peak,year_1997 decade_1990s,Action Action Action Thriller Thriller Thriller,,dante s peak year_1997 decade_1990s Action Action Action Thriller Thriller Thriller
1441,Benny & Joon (1993),Comedy|Romance,1993,benny joon,year_1993 decade_1990s,Comedy Comedy Comedy Romance Romance Romance,mental illness not seen,benny joon year_1993 decade_1990s Comedy Comedy Comedy Romance Romance Romance mental illness not seen
1442,Prefontaine (1997),Drama,1997,prefontaine,year_1997 decade_1990s,Drama Drama Drama,,prefontaine year_1997 decade_1990s Drama Drama Drama
1445,McHale's Navy (1997),Comedy|War,1997,mchale s navy,year_1997 decade_1990s,Comedy Comedy Comedy War War War,,mchale s navy year_1997 decade_1990s Comedy Comedy Comedy War War War
1446,Kolya (Kolja) (1996),Comedy|Drama,1996,kolya kolja,year_1996 decade_1990s,Comedy Comedy Comedy Drama Drama Drama,,kolya kolja year_1996 decade_1990s Comedy Comedy Comedy Drama Drama Drama
1449,Waiting for Guffman (1996),Comedy,1996,waiting for guffman,year_1996 decade_1990s,Comedy Comedy Comedy,mockumentary,waiting for guffman year_1996 decade_1990s Comedy Comedy Comedy mockumentary
1454,SubUrbia (1997),Comedy|Drama,1997,suburbia,year_1997 decade_1990s,Comedy Comedy Comedy Drama Drama Drama,,suburbia year_1997 decade_1990s Comedy Comedy Comedy Drama Drama Drama
1457,Fools Rush In (1997),Comedy|Drama|Romance,1997,fools rush in,year_1997 decade_1990s,Comedy Comedy Comedy Drama Drama Drama Romance Romance Romance,,fools rush in year_1997 decade_1990s Comedy Comedy Comedy Drama Drama Drama Romance Romance Romance
1459,Absolute Power (1997),Mystery|Thriller,1997,absolute power,year_1997 decade_1990s,Mystery Mystery Mystery Thriller Thriller Thriller,,absolute power year_1997 decade_1990s Mystery Mystery Mystery Thriller Thriller Thriller
1461,Vegas Vacation (National Lampoon's Las Vegas Vacation) (1997),Comedy,1997,vegas vacation national lampoon s las vegas vacation,year_1997 decade_1990s,Comedy Comedy Comedy,,vegas vacation national lampoon s las vegas vacation year_1997 decade_1990s Comedy Comedy Comedy
1464,Lost Highway (1997),Crime|Drama|Fantasy|Film-Noir|Mystery|Romance,1997,lost highway,year_1997 decade_1990s,Crime Crime Crime Drama Drama Drama Fantasy Fantasy Fantasy FilmNoir FilmNoir FilmNoir Mystery Mystery Mystery Romance Romance Romance,,lost highway year_1997 decade_1990s Crime Crime Crime Drama Drama Drama Fantasy Fantasy Fantasy FilmNoir FilmNoir FilmNoir Mystery Mystery Mystery Romance Romance Romance
1466,Donnie Brasco (1997),Crime|Drama,1997,donnie brasco,year_1997 decade_1990s,Crime Crime Crime Drama Drama Drama,mafia,donnie brasco year_1997 decade_1990s Crime Crime Crime Drama Drama Drama mafia
1468,Booty Call (1997),Comedy|Romance,1997,booty call,year_1997 decade_1990s,Comedy Comedy Comedy Romance Romance Romance,,booty call year_1997 decade_1990s Comedy Comedy Comedy Romance Romance Romance
1474,Jungle2Jungle (a.k.a. Jungle 2 Jungle) (1997),Children|Comedy,1997,jungle2jungle a k a jungle 2 jungle,year_1997 decade_1990s,Children Children Children Comedy Comedy Comedy,,jungle2jungle a k a jungle 2 jungle year_1997 decade_1990s Children Children Children Comedy Comedy Comedy
1476,Private Parts (1997),Comedy|Drama,1997,private parts,year_1997 decade_1990s,Comedy Comedy Comedy Drama Drama Drama,,private parts year_1997 decade_1990s Comedy Comedy Comedy Drama Drama Drama
1479,"Saint, The (1997)",Action|Romance|Sci-Fi|Thriller,1997,saint the,year_1997 decade_1990s,Action Action Action Romance Romance Romance SciFi SciFi SciFi Thriller Thriller Thriller,,saint the year_1997 decade_1990s Action Action Action Romance Romance Romance SciFi SciFi SciFi Thriller Thriller Thriller
1480,Smilla's Sense of Snow (1997),Drama|Thriller,1997,smilla s sense of snow,year_1997 decade_1990s,Drama Drama Drama Thriller Thriller Thriller,,smilla s sense of snow year_1997 decade_1990s Drama Drama Drama Thriller Thriller Thriller
1483,Crash (1996),Drama|Thriller,1996,crash,year_1996 decade_1990s,Drama Drama Drama Thriller Thriller Thriller,,crash year_1996 decade_1990s Drama Drama Drama Thriller Thriller Thriller
1485,Liar Liar (1997),Comedy,1997,liar liar,year_1997 decade_1990s,Comedy Comedy Comedy,lawyer,liar liar year_1997 decade_1990s Comedy Comedy Comedy lawyer
1487,Selena (1997),Drama|Musical,1997,selena,year_1997 decade_1990s,Drama Drama Drama Musical Musical Musical,,selena year_1997 decade_1990s Drama Drama Drama Musical Musical Musical
1488,"Devil's Own, The (1997)",Action|Drama|Thriller,1997,devil s own the,year_1997 decade_1990s,Action Action Action Drama Drama Drama Thriller Thriller Thriller,,devil s own the year_1997 decade_1990s Action Action Action Drama Drama Drama Thriller Thriller Thriller
1498,Inventing the Abbotts (1997),Drama|Romance,1997,inventing the abbotts,year_1997 decade_1990s,Drama Drama Drama Romance Romance Romance,,inventing the abbotts year_1997 decade_1990s Drama Drama Drama Romance Romance Romance
1499,Anaconda (1997),Action|Adventure|Thriller,1997,anaconda,year_1997 decade_1990s,Action Action Action Adventure Adventure Adventure Thriller Thriller Thriller,,anaconda year_1997 decade_1990s Action Action Action Adventure Adventure Adventure Thriller Thriller Thriller
1500,Grosse Pointe Blank (1997),Comedy|Crime|Romance,1997,grosse pointe blank,year_1997 decade_1990s,Comedy Comedy Comedy Crime Crime Crime Romance Romance Romance,reunion hit men,grosse pointe blank year_1997 decade_1990s Comedy Comedy Comedy Crime Crime Crime Romance Romance Romance reunion hit men
1513,Romy and Michele's High School Reunion (1997),Comedy,1997,romy and michele s high school reunion,year_1997 decade_1990s,Comedy Comedy Comedy,reunion,romy and michele s high school reunion year_1997 decade_1990s Comedy Comedy Comedy reunion
1515,Volcano (1997),Action|Drama|Thriller,1997,volcano,year_1997 decade_1990s,Action Action Action Drama Drama Drama Thriller Thriller Thriller,,volcano year_1997 decade_1990s Action Action Action Drama Drama Drama Thriller Thriller Thriller
1517,Austin Powers: International Man of Mystery (1997),Action|Adventure|Comedy,1997,austin powers international man of mystery,year_1997 decade_1990s,Action Action Action Adventure Adventure Adventure Comedy Comedy Comedy,,austin powers international man of mystery year_1997 decade_1990s Action Action Action Adventure Adventure Adventure Comedy Comedy Comedy
1518,Breakdown (1997),Action|Thriller,1997,breakdown,year_1997 decade_1990s,Action Action Action Thriller Thriller Thriller,,breakdown year_1997 decade_1990s Action Action Action Thriller Thriller Thriller
1527,"Fifth Element, The (1997)",Action|Adventure|Comedy|Sci-Fi,1997,fifth element the,year_1997 decade_1990s,Action Action Action Adventure Adventure Adventure Comedy Comedy Comedy SciFi SciFi SciFi,,fifth element the year_1997 decade_1990s Action Action Action Adventure Adventure Adventure Comedy Comedy Comedy SciFi SciFi SciFi
1537,Shall We Dance? (Shall We Dansu?) (1996),Comedy|Drama|Romance,1996,shall we dance shall we dansu,year_1996 decade_1990s,Comedy Comedy Comedy Drama Drama Drama Romance Romance Romance,,shall we dance shall we dansu year_1996 decade_1990s Comedy Comedy Comedy Drama Drama Drama Romance Romance Romance
1541,Addicted to Love (1997),Comedy|Romance,1997,addicted to love,year_1997 decade_1990s,Comedy Comedy Comedy Romance Romance Romance,,addicted to love year_1997 decade_1990s Comedy Comedy Comedy Romance Romance Romance
1542,Brassed Off (1996),Comedy|Drama|Romance,1996,brassed off,year_1996 decade_1990s,Comedy Comedy Comedy Drama Drama Drama Romance Romance Romance,,brassed off year_1996 decade_1990s Comedy Comedy Comedy Drama Drama Drama Romance Romance Romance
1544,"Lost World: Jurassic Park, The (1997)",Action|Adventure|Sci-Fi|Thriller,1997,lost world jurassic park the,year_1997 decade_1990s,Action Action Action Adventure Adventure Adventure SciFi SciFi SciFi Thriller Thriller Thriller,dinosaurs,lost world jurassic park the year_1997 decade_1990s Action Action Action Adventure Adventure Adventure SciFi SciFi SciFi Thriller Thriller Thriller dinosaurs
1552,Con Air (1997),Action|Adventure|Thriller,1997,con air,year_1997 decade_1990s,Action Action Action Adventure Adventure Adventure Thriller Thriller Thriller,,con air year_1997 decade_1990s Action Action Action Adventure Adventure Adventure Thriller Thriller Thriller
1554,"Pillow Book, The (1996)",Drama|Romance,1996,pillow book the,year_1996 decade_1990s,Drama Drama Drama Romance Romance Romance,,pillow book the year_1996 decade_1990s Drama Drama Drama Romance Romance Romance
1556,Speed 2: Cruise Control (1997),Action|Romance|Thriller,1997,speed 2 cruise control,year_1997 decade_1990s,Action Action Action Romance Romance Romance Thriller Thriller Thriller,,speed 2 cruise control year_1997 decade_1990s Action Action Action Romance Romance Romance Thriller Thriller Thriller
1562,Batman & Robin (1997),Action|Adventure|Fantasy|Thriller,1997,batman robin,year_1997 decade_1990s,Action Action Action Adventure Adventure Adventure Fantasy Fantasy Fantasy Thriller Thriller Thriller,,batman robin year_1997 decade_1990s Action Action Action Adventure Adventure Adventure Fantasy Fantasy Fantasy Thriller Thriller Thriller
1566,Hercules (1997),Adventure|Animation|Children|Comedy|Musical,1997,hercules,year_1997 decade_1990s,Adventure Adventure Adventure Animation Animation Animation Children Children Children Comedy Comedy Comedy Musical Musical Musical,,hercules year_1997 decade_1990s Adventure Adventure Adventure Animation Animation Animation Children Children Children Comedy Comedy Comedy Musical Musical Musical
1569,My Best Friend's Wedding (1997),Comedy|Romance,1997,my best friend s wedding,year_1997 decade_1990s,Comedy Comedy Comedy Romance Romance Romance,weddings wedding,my best friend s wedding year_1997 decade_1990s Comedy Comedy Comedy Romance Romance Romance weddings wedding
1573,Face/Off (1997),Action|Crime|Drama|Thriller,1997,face off,year_1997 decade_1990s,Action Action Action Crime Crime Crime Drama Drama Drama Thriller Thriller Thriller,transplants,face off year_1997 decade_1990s Action Action Action Crime Crime Crime Drama Drama Drama Thriller Thriller Thriller transplants
1580,Men in Black (a.k.a. MIB) (1997),Action|Comedy|Sci-Fi,1997,men in black a k a mib,year_1997 decade_1990s,Action Action Action Comedy Comedy Comedy SciFi SciFi SciFi,aliens,men in black a k a mib year_1997 decade_1990s Action Action Action Comedy Comedy Comedy SciFi SciFi SciFi aliens
1582,Wild America (1997),Adventure|Children,1997,wild america,year_1997 decade_1990s,Adventure Adventure Adventure Children Children Children,,wild america year_1997 decade_1990s Adventure Adventure Adventure Children Children Children
1584,Contact (1997),Drama|Sci-Fi,1997,contact,year_1997 decade_1990s,Drama Drama Drama SciFi SciFi SciFi,,contact year_1997 decade_1990s Drama Drama Drama SciFi SciFi SciFi
1586,G.I. Jane (1997),Action|Drama,1997,g i jane,year_1997 decade_1990s,Action Action Action Drama Drama Drama,military,g i jane year_1997 decade_1990s Action Action Action Drama Drama Drama military
1587,Conan the Barbarian (1982),Action|Adventure|Fantasy,1982,conan the barbarian,year_1982 decade_1980s,Action Action Action Adventure Adventure Adventure Fantasy Fantasy Fantasy,,conan the barbarian year_1982 decade_1980s Action Action Action Adventure Adventure Adventure Fantasy Fantasy Fantasy
1588,George of the Jungle (1997),Children|Comedy,1997,george of the jungle,year_1997 decade_1990s,Children Children Children Comedy Comedy Comedy,,george of the jungle year_1997 decade_1990s Children Children Children Comedy Comedy Comedy
1589,Cop Land (1997),Action|Crime|Drama|Thriller,1997,cop land,year_1997 decade_1990s,Action Action Action Crime Crime Crime Drama Drama Drama Thriller Thriller Thriller,,cop land year_1997 decade_1990s Action Action Action Crime Crime Crime Drama Drama Drama Thriller Thriller Thriller
1590,Event Horizon (1997),Horror|Sci-Fi|Thriller,1997,event horizon,year_1997 decade_1990s,Horror Horror Horror SciFi SciFi SciFi Thriller Thriller Thriller,,event horizon year_1997 decade_1990s Horror Horror Horror SciFi SciFi SciFi Thriller Thriller Thriller
1591,Spawn (1997),Action|Adventure|Sci-Fi|Thriller,1997,spawn,year_1997 decade_1990s,Action Action Action Adventure Adventure Adventure SciFi SciFi SciFi Thriller Thriller Thriller,,spawn year_1997 decade_1990s Action Action Action Adventure Adventure Adventure SciFi SciFi SciFi Thriller Thriller Thriller
1593,Picture Perfect (1997),Comedy|Romance,1997,picture perfect,year_1997 decade_1990s,Comedy Comedy Comedy Romance Romance Romance,,picture perfect year_1997 decade_1990s Comedy Comedy Comedy Romance Romance Romance
1594,In the Company of Men (1997),Comedy|Drama,1997,in the company of men,year_1997 decade_1990s,Comedy Comedy Comedy Drama Drama Drama,,in the company of men year_1997 decade_1990s Comedy Comedy Comedy Drama Drama Drama
1597,Conspiracy Theory (1997),Drama|Mystery|Romance|Thriller,1997,conspiracy theory,year_1997 decade_1990s,Drama Drama Drama Mystery Mystery Mystery Romance Romance Romance Thriller Thriller Thriller,,conspiracy theory year_1997 decade_1990s Drama Drama Drama Mystery Mystery Mystery Romance Romance Romance Thriller Thriller Thriller
1603,Mimic (1997),Horror|Sci-Fi|Thriller,1997,mimic,year_1997 decade_1990s,Horror Horror Horror SciFi SciFi SciFi Thriller Thriller Thriller,,mimic year_1997 decade_1990s Horror Horror Horror SciFi SciFi SciFi Thriller Thriller Thriller
1608,Air Force One (1997),Action|Thriller,1997,air force one,year_1997 decade_1990s,Action Action Action Thriller Thriller Thriller,president,air force one year_1997 decade_1990s Action Action Action Thriller Thriller Thriller president
1610,"Hunt for Red October, The (1990)",Action|Adventure|Thriller,1990,hunt for red october the,year_1990 decade_1990s,Action Action Action Adventure Adventure Adventure Thriller Thriller Thriller,tom clancy,hunt for red october the year_1990 decade_1990s Action Action Action Adventure Adventure Adventure Thriller Thriller Thriller tom clancy
1611,My Own Private Idaho (1991),Drama|Romance,1991,my own private idaho,year_1991 decade_1990s,Drama Drama Drama Romance Romance Romance,,my own private idaho year_1991 decade_1990s Drama Drama Drama Romance Romance Romance
1614,In & Out (1997),Comedy,1997,in out,year_1997 decade_1990s,Comedy Comedy Comedy,,in out year_1997 decade_1990s Comedy Comedy Comedy
1615,"Edge, The (1997)",Adventure|Drama,1997,edge the,year_1997 decade_1990s,Adventure Adventure Adventure Drama Drama Drama,,edge the year_1997 decade_1990s Adventure Adventure Adventure Drama Drama Drama
1616,"Peacemaker, The (1997)",Action|Thriller|War,1997,peacemaker the,year_1997 decade_1990s,Action Action Action Thriller Thriller Thriller War War War,,peacemaker the year_1997 decade_1990s Action Action Action Thriller Thriller Thriller War War War
1617,L.A. Confidential (1997),Crime|Film-Noir|Mystery|Thriller,1997,l a confidential,year_1997 decade_1990s,Crime Crime Crime FilmNoir FilmNoir FilmNoir Mystery Mystery Mystery Thriller Thriller Thriller,police,l a confidential year_1997 decade_1990s Crime Crime Crime FilmNoir FilmNoir FilmNoir Mystery Mystery Mystery Thriller Thriller Thriller police
1619,Seven Years in Tibet (1997),Adventure|Drama|War,1997,seven years in tibet,year_1997 decade_1990s,Adventure Adventure Adventure Drama Drama Drama War War War,,seven years in tibet year_1997 decade_1990s Adventure Adventure Adventure Drama Drama Drama War War War
1620,Kiss the Girls (1997),Crime|Drama|Mystery|Thriller,1997,kiss the girls,year_1997 decade_1990s,Crime Crime Crime Drama Drama Drama Mystery Mystery Mystery Thriller Thriller Thriller,,kiss the girls year_1997 decade_1990s Crime Crime Crime Drama Drama Drama Mystery Mystery Mystery Thriller Thriller Thriller
1625,"Game, The (1997)",Drama|Mystery|Thriller,1997,game the,year_1997 decade_1990s,Drama Drama Drama Mystery Mystery Mystery Thriller Thriller Thriller,twist ending mystery psychological mindfuck plot twist suspense,game the year_1997 decade_1990s Drama Drama Drama Mystery Mystery Mystery Thriller Thriller Thriller twist ending mystery psychological mindfuck plot twist suspense
1627,U Turn (1997),Crime|Drama|Mystery,1997,u turn,year_1997 decade_1990s,Crime Crime Crime Drama Drama Drama Mystery Mystery Mystery,,u turn year_1997 decade_1990s Crime Crime Crime Drama Drama Drama Mystery Mystery Mystery
1633,Ulee's Gold (1997),Drama,1997,ulee s gold,year_1997 decade_1990s,Drama Drama Drama,,ulee s gold year_1997 decade_1990s Drama Drama Drama
1635,"Ice Storm, The (1997)",Drama,1997,ice storm the,year_1997 decade_1990s,Drama Drama Drama,1970s,ice storm the year_1997 decade_1990s Drama Drama Drama 1970s
1639,Chasing Amy (1997),Comedy|Drama|Romance,1997,chasing amy,year_1997 decade_1990s,Comedy Comedy Comedy Drama Drama Drama Romance Romance Romance,,chasing amy year_1997 decade_1990s Comedy Comedy Comedy Drama Drama Drama Romance Romance Romance
1641,"Full Monty, The (1997)",Comedy|Drama,1997,full monty the,year_1997 decade_1990s,Comedy Comedy Comedy Drama Drama Drama,,full monty the year_1997 decade_1990s Comedy Comedy Comedy Drama Drama Drama
1643,"Mrs. Brown (a.k.a. Her Majesty, Mrs. Brown) (1997)",Drama|Romance,1997,mrs brown a k a her majesty mrs brown,year_1997 decade_1990s,Drama Drama Drama Romance Romance Romance,england,mrs brown a k a her majesty mrs brown year_1997 decade_1990s Drama Drama Drama Romance Romance Romance england
1644,I Know What You Did Last Summer (1997),Horror|Mystery|Thriller,1997,i know what you did last summer,year_1997 decade_1990s,Horror Horror Horror Mystery Mystery Mystery Thriller Thriller Thriller,,i know what you did last summer year_1997 decade_1990s Horror Horror Horror Mystery Mystery Mystery Thriller Thriller Thriller
1645,The Devil's Advocate (1997),Drama|Mystery|Thriller,1997,the devil s advocate,year_1997 decade_1990s,Drama Drama Drama Mystery Mystery Mystery Thriller Thriller Thriller,lawyers,the devil s advocate year_1997 decade_1990s Drama Drama Drama Mystery Mystery Mystery Thriller Thriller Thriller lawyers
1646,RocketMan (a.k.a. Rocket Man) (1997),Children|Comedy|Romance|Sci-Fi,1997,rocketman a k a rocket man,year_1997 decade_1990s,Children Children Children Comedy Comedy Comedy Romance Romance Romance SciFi SciFi SciFi,,rocketman a k a rocket man year_1997 decade_1990s Children Children Children Comedy Comedy Comedy Romance Romance Romance SciFi SciFi SciFi
1653,Gattaca (1997),Drama|Sci-Fi|Thriller,1997,gattaca,year_1997 decade_1990s,Drama Drama Drama SciFi SciFi SciFi Thriller Thriller Thriller,future intelligent thought provoking,gattaca year_1997 decade_1990s Drama Drama Drama SciFi SciFi SciFi Thriller Thriller Thriller future intelligent thought provoking
1658,"Life Less Ordinary, A (1997)",Romance|Thriller,1997,life less ordinary a,year_1997 decade_1990s,Romance Romance Romance Thriller Thriller Thriller,,life less ordinary a year_1997 decade_1990s Romance Romance Romance Thriller Thriller Thriller
1663,Stripes (1981),Comedy|War,1981,stripes,year_1981 decade_1980s,Comedy Comedy Comedy War War War,military,stripes year_1981 decade_1980s Comedy Comedy Comedy War War War military
1665,Bean (1997),Comedy,1997,bean,year_1997 decade_1990s,Comedy Comedy Comedy,,bean year_1997 decade_1990s Comedy Comedy Comedy
1667,Mad City (1997),Action|Drama,1997,mad city,year_1997 decade_1990s,Action Action Action Drama Drama Drama,,mad city year_1997 decade_1990s Action Action Action Drama Drama Drama
1672,"Rainmaker, The (1997)",Drama,1997,rainmaker the,year_1997 decade_1990s,Drama Drama Drama,,rainmaker the year_1997 decade_1990s Drama Drama Drama
1673,Boogie Nights (1997),Drama,1997,boogie nights,year_1997 decade_1990s,Drama Drama Drama,,boogie nights year_1997 decade_1990s Drama Drama Drama
1674,Witness (1985),Drama|Romance|Thriller,1985,witness,year_1985 decade_1980s,Drama Drama Drama Romance Romance Romance Thriller Thriller Thriller,,witness year_1985 decade_1980s Drama Drama Drama Romance Romance Romance Thriller Thriller Thriller
1676,Starship Troopers (1997),Action|Sci-Fi,1997,starship troopers,year_1997 decade_1990s,Action Action Action SciFi SciFi SciFi,,starship troopers year_1997 decade_1990s Action Action Action SciFi SciFi SciFi
1678,"Joy Luck Club, The (1993)",Drama|Romance,1993,joy luck club the,year_1993 decade_1990s,Drama Drama Drama Romance Romance Romance,,joy luck club the year_1993 decade_1990s Drama Drama Drama Romance Romance Romance
1680,Sliding Doors (1998),Drama|Romance,1998,sliding doors,year_1998 decade_1990s,Drama Drama Drama Romance Romance Romance,alternate universe,sliding doors year_1998 decade_1990s Drama Drama Drama Romance Romance Romance alternate universe
1681,Mortal Kombat: Annihilation (1997),Action|Adventure|Fantasy,1997,mortal kombat annihilation,year_1997 decade_1990s,Action Action Action Adventure Adventure Adventure Fantasy Fantasy Fantasy,,mortal kombat annihilation year_1997 decade_1990s Action Action Action Adventure Adventure Adventure Fantasy Fantasy Fantasy
1682,"Truman Show, The (1998)",Comedy|Drama|Sci-Fi,1998,truman show the,year_1998 decade_1990s,Comedy Comedy Comedy Drama Drama Drama SciFi SciFi SciFi,tv,truman show the year_1998 decade_1990s Comedy Comedy Comedy Drama Drama Drama SciFi SciFi SciFi tv
1683,"Wings of the Dove, The (1997)",Drama|Romance,1997,wings of the dove the,year_1997 decade_1990s,Drama Drama Drama Romance Romance Romance,,wings of the dove the year_1997 decade_1990s Drama Drama Drama Romance Romance Romance
1687,"Jackal, The (1997)",Action|Thriller,1997,jackal the,year_1997 decade_1990s,Action Action Action Thriller Thriller Thriller,,jackal the year_1997 decade_1990s Action Action Action Thriller Thriller Thriller
1688,Anastasia (1997),Adventure|Animation|Children|Drama|Musical,1997,anastasia,year_1997 decade_1990s,Adventure Adventure Adventure Animation Animation Animation Children Children Children Drama Drama Drama Musical Musical Musical,,anastasia year_1997 decade_1990s Adventure Adventure Adventure Animation Animation Animation Children Children Children Drama Drama Drama Musical Musical Musical
1689,"Man Who Knew Too Little, The (1997)",Comedy|Crime|Thriller,1997,man who knew too little the,year_1997 decade_1990s,Comedy Comedy Comedy Crime Crime Crime Thriller Thriller Thriller,,man who knew too little the year_1997 decade_1990s Comedy Comedy Comedy Crime Crime Crime Thriller Thriller Thriller
1690,Alien: Resurrection (1997),Action|Horror|Sci-Fi,1997,alien resurrection,year_1997 decade_1990s,Action Action Action Horror Horror Horror SciFi SciFi SciFi,,alien resurrection year_1997 decade_1990s Action Action Action Horror Horror Horror SciFi SciFi SciFi
1693,Amistad (1997),Drama|Mystery,1997,amistad,year_1997 decade_1990s,Drama Drama Drama Mystery Mystery Mystery,,amistad year_1997 decade_1990s Drama Drama Drama Mystery Mystery Mystery
1694,"Apostle, The (1997)",Drama,1997,apostle the,year_1997 decade_1990s,Drama Drama Drama,,apostle the year_1997 decade_1990s Drama Drama Drama
1701,Deconstructing Harry (1997),Comedy|Drama,1997,deconstructing harry,year_1997 decade_1990s,Comedy Comedy Comedy Drama Drama Drama,,deconstructing harry year_1997 decade_1990s Comedy Comedy Comedy Drama Drama Drama
1702,Flubber (1997),Children|Comedy|Fantasy,1997,flubber,year_1997 decade_1990s,Children Children Children Comedy Comedy Comedy Fantasy Fantasy Fantasy,,flubber year_1997 decade_1990s Children Children Children Comedy Comedy Comedy Fantasy Fantasy Fantasy
1703,For Richer or Poorer (1997),Comedy,1997,for richer or poorer,year_1997 decade_1990s,Comedy Comedy Comedy,,for richer or poorer year_1997 decade_1990s Comedy Comedy Comedy
1704,Good Will Hunting (1997),Drama|Romance,1997,good will hunting,year_1997 decade_1990s,Drama Drama Drama Romance Romance Romance,inspirational heartwarming,good will hunting year_1997 decade_1990s Drama Drama Drama Romance Romance Romance inspirational heartwarming
1707,Home Alone 3 (1997),Children|Comedy,1997,home alone 3,year_1997 decade_1990s,Children Children Children Comedy Comedy Comedy,,home alone 3 year_1997 decade_1990s Children Children Children Comedy Comedy Comedy
1711,Midnight in the Garden of Good and Evil (1997),Crime|Drama|Mystery,1997,midnight in the garden of good and evil,year_1997 decade_1990s,Crime Crime Crime Drama Drama Drama Mystery Mystery Mystery,,midnight in the garden of good and evil year_1997 decade_1990s Crime Crime Crime Drama Drama Drama Mystery Mystery Mystery
1713,Mouse Hunt (1997),Children|Comedy,1997,mouse hunt,year_1997 decade_1990s,Children Children Children Comedy Comedy Comedy,,mouse hunt year_1997 decade_1990s Children Children Children Comedy Comedy Comedy
1717,Scream 2 (1997),Comedy|Horror|Mystery|Thriller,1997,scream 2,year_1997 decade_1990s,Comedy Comedy Comedy Horror Horror Horror Mystery Mystery Mystery Thriller Thriller Thriller,spoof slasher sequel,scream 2 year_1997 decade_1990s Comedy Comedy Comedy Horror Horror Horror Mystery Mystery Mystery Thriller Thriller Thriller spoof slasher sequel
1719,"Sweet Hereafter, The (1997)",Drama,1997,sweet hereafter the,year_1997 decade_1990s,Drama Drama Drama,death,sweet hereafter the year_1997 decade_1990s Drama Drama Drama death
1721,Titanic (1997),Drama|Romance,1997,titanic,year_1997 decade_1990s,Drama Drama Drama Romance Romance Romance,romance,titanic year_1997 decade_1990s Drama Drama Drama Romance Romance Romance romance
1722,Tomorrow Never Dies (1997),Action|Adventure|Thriller,1997,tomorrow never dies,year_1997 decade_1990s,Action Action Action Adventure Adventure Adventure Thriller Thriller Thriller,,tomorrow never dies year_1997 decade_1990s Action Action Action Adventure Adventure Adventure Thriller Thriller Thriller
1726,"Postman, The (1997)",Action|Adventure|Drama|Sci-Fi,1997,postman the,year_1997 decade_1990s,Action Action Action Adventure Adventure Adventure Drama Drama Drama SciFi SciFi SciFi,post apocalyptic,postman the year_1997 decade_1990s Action Action Action Adventure Adventure Adventure Drama Drama Drama SciFi SciFi SciFi post apocalyptic
1729,Jackie Brown (1997),Crime|Drama|Thriller,1997,jackie brown,year_1997 decade_1990s,Crime Crime Crime Drama Drama Drama Thriller Thriller Thriller,,jackie brown year_1997 decade_1990s Crime Crime Crime Drama Drama Drama Thriller Thriller Thriller
1732,"Big Lebowski, The (1998)",Comedy|Crime,1998,big lebowski the,year_1998 decade_1990s,Comedy Comedy Comedy Crime Crime Crime,coen brothers dark comedy cult film black comedy quirky great dialogue satirical comedy jeff bridges off beat comedy steve buscemi cult classic great soundtrack sarcasm drugs nudity full frontal funny crime highly quotable violence kidnapping imdb top 250 classic,big lebowski the year_1998 decade_1990s Comedy Comedy Comedy Crime Crime Crime coen brothers dark comedy cult film black comedy quirky great dialogue satirical comedy jeff bridges off beat comedy steve buscemi cult classic great soundtrack sarcasm drugs nudity full frontal funny crime highly quotable violence kidnapping imdb top 250 classic
1734,My Life in Pink (Ma vie en rose) (1997),Comedy|Drama,1997,my life in pink ma vie en rose,year_1997 decade_1990s,Comedy Comedy Comedy Drama Drama Drama,,my life in pink ma vie en rose year_1997 decade_1990s Comedy Comedy Comedy Drama Drama Drama
1735,Great Expectations (1998),Drama|Romance,1998,great expectations,year_1998 decade_1990s,Drama Drama Drama Romance Romance Romance,,great expectations year_1998 decade_1990s Drama Drama Drama Romance Romance Romance
1747,Wag the Dog (1997),Comedy,1997,wag the dog,year_1997 decade_1990s,Comedy Comedy Comedy,,wag the dog year_1997 decade_1990s Comedy Comedy Comedy
1748,Dark City (1998),Adventure|Film-Noir|Sci-Fi|Thriller,1998,dark city,year_1998 decade_1990s,Adventure Adventure Adventure FilmNoir FilmNoir FilmNoir SciFi SciFi SciFi Thriller Thriller Thriller,amnesia,dark city year_1998 decade_1990s Adventure Adventure Adventure FilmNoir FilmNoir FilmNoir SciFi SciFi SciFi Thriller Thriller Thriller amnesia
1753,Half Baked (1998),Comedy,1998,half baked,year_1998 decade_1990s,Comedy Comedy Comedy,,half baked year_1998 decade_1990s Comedy Comedy Comedy
1754,Fallen (1998),Crime|Drama|Fantasy|Thriller,1998,fallen,year_1998 decade_1990s,Crime Crime Crime Drama Drama Drama Fantasy Fantasy Fantasy Thriller Thriller Thriller,,fallen year_1998 decade_1990s Crime Crime Crime Drama Drama Drama Fantasy Fantasy Fantasy Thriller Thriller Thriller
1755,Shooting Fish (1997),Comedy|Romance,1997,shooting fish,year_1997 decade_1990s,Comedy Comedy Comedy Romance Romance Romance,,shooting fish year_1997 decade_1990s Comedy Comedy Comedy Romance Romance Romance
1760,Spice World (1997),Comedy,1997,spice world,year_1997 decade_1990s,Comedy Comedy Comedy,,spice world year_1997 decade_1990s Comedy Comedy Comedy
1762,Deep Rising (1998),Action|Horror|Sci-Fi,1998,deep rising,year_1998 decade_1990s,Action Action Action Horror Horror Horror SciFi SciFi SciFi,,deep rising year_1998 decade_1990s Action Action Action Horror Horror Horror SciFi SciFi SciFi
1769,"Replacement Killers, The (1998)",Action|Crime|Thriller,1998,replacement killers the,year_1998 decade_1990s,Action Action Action Crime Crime Crime Thriller Thriller Thriller,,replacement killers the year_1998 decade_1990s Action Action Action Crime Crime Crime Thriller Thriller Thriller
1772,Blues Brothers 2000 (1998),Action|Comedy|Musical,1998,blues brothers 2000,year_1998 decade_1990s,Action Action Action Comedy Comedy Comedy Musical Musical Musical,,blues brothers 2000 year_1998 decade_1990s Action Action Action Comedy Comedy Comedy Musical Musical Musical
1777,"Wedding Singer, The (1998)",Comedy|Romance,1998,wedding singer the,year_1998 decade_1990s,Comedy Comedy Comedy Romance Romance Romance,1980s,wedding singer the year_1998 decade_1990s Comedy Comedy Comedy Romance Romance Romance 1980s
1779,Sphere (1998),Sci-Fi|Thriller,1998,sphere,year_1998 decade_1990s,SciFi SciFi SciFi Thriller Thriller Thriller,,sphere year_1998 decade_1990s SciFi SciFi SciFi Thriller Thriller Thriller
1783,Palmetto (1998),Crime|Drama|Mystery|Romance|Thriller,1998,palmetto,year_1998 decade_1990s,Crime Crime Crime Drama Drama Drama Mystery Mystery Mystery Romance Romance Romance Thriller Thriller Thriller,,palmetto year_1998 decade_1990s Crime Crime Crime Drama Drama Drama Mystery Mystery Mystery Romance Romance Romance Thriller Thriller Thriller
1784,As Good as It Gets (1997),Comedy|Drama|Romance,1997,as good as it gets,year_1997 decade_1990s,Comedy Comedy Comedy Drama Drama Drama Romance Romance Romance,,as good as it gets year_1997 decade_1990s Comedy Comedy Comedy Drama Drama Drama Romance Romance Romance
1785,King of New York (1990),Crime|Thriller,1990,king of new york,year_1990 decade_1990s,Crime Crime Crime Thriller Thriller Thriller,,king of new york year_1990 decade_1990s Crime Crime Crime Thriller Thriller Thriller
1792,U.S. Marshals (1998),Action|Crime|Thriller,1998,u s marshals,year_1998 decade_1990s,Action Action Action Crime Crime Crime Thriller Thriller Thriller,,u s marshals year_1998 decade_1990s Action Action Action Crime Crime Crime Thriller Thriller Thriller
1797,Everest (1998),Documentary,1998,everest,year_1998 decade_1990s,Documentary Documentary Documentary,,everest year_1998 decade_1990s Documentary Documentary Documentary
1799,Suicide Kings (1997),Comedy|Crime|Drama|Mystery|Thriller,1997,suicide kings,year_1997 decade_1990s,Comedy Comedy Comedy Crime Crime Crime Drama Drama Drama Mystery Mystery Mystery Thriller Thriller Thriller,,suicide kings year_1997 decade_1990s Comedy Comedy Comedy Crime Crime Crime Drama Drama Drama Mystery Mystery Mystery Thriller Thriller Thriller
1801,"Man in the Iron Mask, The (1998)",Action|Adventure|Drama,1998,man in the iron mask the,year_1998 decade_1990s,Action Action Action Adventure Adventure Adventure Drama Drama Drama,seen more than once,man in the iron mask the year_1998 decade_1990s Action Action Action Adventure Adventure Adventure Drama Drama Drama seen more than once
1805,Wild Things (1998),Crime|Drama|Mystery|Thriller,1998,wild things,year_1998 decade_1990s,Crime Crime Crime Drama Drama Drama Mystery Mystery Mystery Thriller Thriller Thriller,,wild things year_1998 decade_1990s Crime Crime Crime Drama Drama Drama Mystery Mystery Mystery Thriller Thriller Thriller
1806,Paulie (1998),Adventure|Children|Comedy,1998,paulie,year_1998 decade_1990s,Adventure Adventure Adventure Children Children Children Comedy Comedy Comedy,,paulie year_1998 decade_1990s Adventure Adventure Adventure Children Children Children Comedy Comedy Comedy
1809,Fireworks (Hana-bi) (1997),Crime|Drama,1997,fireworks hana bi,year_1997 decade_1990s,Crime Crime Crime Drama Drama Drama,,fireworks hana bi year_1997 decade_1990s Crime Crime Crime Drama Drama Drama
1810,Primary Colors (1998),Comedy|Drama,1998,primary colors,year_1998 decade_1990s,Comedy Comedy Comedy Drama Drama Drama,politics,primary colors year_1998 decade_1990s Comedy Comedy Comedy Drama Drama Drama politics
1821,"Object of My Affection, The (1998)",Comedy|Romance,1998,object of my affection the,year_1998 decade_1990s,Comedy Comedy Comedy Romance Romance Romance,,object of my affection the year_1998 decade_1990s Comedy Comedy Comedy Romance Romance Romance
1831,Lost in Space (1998),Action|Adventure|Sci-Fi,1998,lost in space,year_1998 decade_1990s,Action Action Action Adventure Adventure Adventure SciFi SciFi SciFi,,lost in space year_1998 decade_1990s Action Action Action Adventure Adventure Adventure SciFi SciFi SciFi
1833,Mercury Rising (1998),Action|Drama|Thriller,1998,mercury rising,year_1998 decade_1990s,Action Action Action Drama Drama Drama Thriller Thriller Thriller,,mercury rising year_1998 decade_1990s Action Action Action Drama Drama Drama Thriller Thriller Thriller
1834,"Spanish Prisoner, The (1997)",Crime|Drama|Mystery|Thriller,1997,spanish prisoner the,year_1997 decade_1990s,Crime Crime Crime Drama Drama Drama Mystery Mystery Mystery Thriller Thriller Thriller,twist ending,spanish prisoner the year_1997 decade_1990s Crime Crime Crime Drama Drama Drama Mystery Mystery Mystery Thriller Thriller Thriller twist ending
1835,City of Angels (1998),Drama|Fantasy|Romance,1998,city of angels,year_1998 decade_1990s,Drama Drama Drama Fantasy Fantasy Fantasy Romance Romance Romance,,city of angels year_1998 decade_1990s Drama Drama Drama Fantasy Fantasy Fantasy Romance Romance Romance
1840,He Got Game (1998),Drama,1998,he got game,year_1998 decade_1990s,Drama Drama Drama,,he got game year_1998 decade_1990s Drama Drama Drama
1845,Zero Effect (1998),Comedy|Mystery|Thriller,1998,zero effect,year_1998 decade_1990s,Comedy Comedy Comedy Mystery Mystery Mystery Thriller Thriller Thriller,,zero effect year_1998 decade_1990s Comedy Comedy Comedy Mystery Mystery Mystery Thriller Thriller Thriller
1848,"Borrowers, The (1997)",Adventure|Children|Comedy|Fantasy,1997,borrowers the,year_1997 decade_1990s,Adventure Adventure Adventure Children Children Children Comedy Comedy Comedy Fantasy Fantasy Fantasy,,borrowers the year_1997 decade_1990s Adventure Adventure Adventure Children Children Children Comedy Comedy Comedy Fantasy Fantasy Fantasy
1855,Krippendorf's Tribe (1998),Comedy,1998,krippendorf s tribe,year_1998 decade_1990s,Comedy Comedy Comedy,,krippendorf s tribe year_1998 decade_1990s Comedy Comedy Comedy
1858,Mr. Nice Guy (Yat goh ho yan) (1997),Action|Comedy,1997,mr nice guy yat goh ho yan,year_1997 decade_1990s,Action Action Action Comedy Comedy Comedy,,mr nice guy yat goh ho yan year_1997 decade_1990s Action Action Action Comedy Comedy Comedy
1862,Species II (1998),Horror|Sci-Fi,1998,species ii,year_1998 decade_1990s,Horror Horror Horror SciFi SciFi SciFi,,species ii year_1998 decade_1990s Horror Horror Horror SciFi SciFi SciFi
1863,Major League: Back to the Minors (1998),Comedy,1998,major league back to the minors,year_1998 decade_1990s,Comedy Comedy Comedy,,major league back to the minors year_1998 decade_1990s Comedy Comedy Comedy
1866,"Big Hit, The (1998)",Action|Comedy|Crime,1998,big hit the,year_1998 decade_1990s,Action Action Action Comedy Comedy Comedy Crime Crime Crime,,big hit the year_1998 decade_1990s Action Action Action Comedy Comedy Comedy Crime Crime Crime
1873,"Misérables, Les (1998)",Crime|Drama|Romance|War,1998,mis rables les,year_1998 decade_1990s,Crime Crime Crime Drama Drama Drama Romance Romance Romance War War War,,mis rables les year_1998 decade_1990s Crime Crime Crime Drama Drama Drama Romance Romance Romance War War War
1875,Clockwatchers (1997),Comedy,1997,clockwatchers,year_1997 decade_1990s,Comedy Comedy Comedy,,clockwatchers year_1997 decade_1990s Comedy Comedy Comedy
1876,Deep Impact (1998),Drama|Sci-Fi|Thriller,1998,deep impact,year_1998 decade_1990s,Drama Drama Drama SciFi SciFi SciFi Thriller Thriller Thriller,,deep impact year_1998 decade_1990s Drama Drama Drama SciFi SciFi SciFi Thriller Thriller Thriller
1882,Godzilla (1998),Action|Sci-Fi|Thriller,1998,godzilla,year_1998 decade_1990s,Action Action Action SciFi SciFi SciFi Thriller Thriller Thriller,,godzilla year_1998 decade_1990s Action Action Action SciFi SciFi SciFi Thriller Thriller Thriller
1883,Bulworth (1998),Comedy|Drama|Romance,1998,bulworth,year_1998 decade_1990s,Comedy Comedy Comedy Drama Drama Drama Romance Romance Romance,,bulworth year_1998 decade_1990s Comedy Comedy Comedy Drama Drama Drama Romance Romance Romance
1884,Fear and Loathing in Las Vegas (1998),Adventure|Comedy|Drama,1998,fear and loathing in las vegas,year_1998 decade_1990s,Adventure Adventure Adventure Comedy Comedy Comedy Drama Drama Drama,,fear and loathing in las vegas year_1998 decade_1990s Adventure Adventure Adventure Comedy Comedy Comedy Drama Drama Drama
1885,"Opposite of Sex, The (1998)",Comedy|Drama|Romance,1998,opposite of sex the,year_1998 decade_1990s,Comedy Comedy Comedy Drama Drama Drama Romance Romance Romance,,opposite of sex the year_1998 decade_1990s Comedy Comedy Comedy Drama Drama Drama Romance Romance Romance
1889,Insomnia (1997),Drama|Mystery|Thriller,1997,insomnia,year_1997 decade_1990s,Drama Drama Drama Mystery Mystery Mystery Thriller Thriller Thriller,,insomnia year_1997 decade_1990s Drama Drama Drama Mystery Mystery Mystery Thriller Thriller Thriller
1892,"Perfect Murder, A (1998)",Thriller,1998,perfect murder a,year_1998 decade_1990s,Thriller Thriller Thriller,,perfect murder a year_1998 decade_1990s Thriller Thriller Thriller
1894,Six Days Seven Nights (1998),Adventure|Comedy|Romance,1998,six days seven nights,year_1998 decade_1990s,Adventure Adventure Adventure Comedy Comedy Comedy Romance Romance Romance,,six days seven nights year_1998 decade_1990s Adventure Adventure Adventure Comedy Comedy Comedy Romance Romance Romance
1895,Can't Hardly Wait (1998),Comedy|Drama|Romance,1998,can t hardly wait,year_1998 decade_1990s,Comedy Comedy Comedy Drama Drama Drama Romance Romance Romance,,can t hardly wait year_1998 decade_1990s Comedy Comedy Comedy Drama Drama Drama Romance Romance Romance
1907,Mulan (1998),Adventure|Animation|Children|Comedy|Drama|Musical|Romance,1998,mulan,year_1998 decade_1990s,Adventure Adventure Adventure Animation Animation Animation Children Children Children Comedy Comedy Comedy Drama Drama Drama Musical Musical Musical Romance Romance Romance,,mulan year_1998 decade_1990s Adventure Adventure Adventure Animation Animation Animation Children Children Children Comedy Comedy Comedy Drama Drama Drama Musical Musical Musical Romance Romance Romance
1909,"X-Files: Fight the Future, The (1998)",Action|Crime|Mystery|Sci-Fi|Thriller,1998,x files fight the future the,year_1998 decade_1990s,Action Action Action Crime Crime Crime Mystery Mystery Mystery SciFi SciFi SciFi Thriller Thriller Thriller,,x files fight the future the year_1998 decade_1990s Action Action Action Crime Crime Crime Mystery Mystery Mystery SciFi SciFi SciFi Thriller Thriller Thriller
1911,Dr. Dolittle (1998),Comedy,1998,dr dolittle,year_1998 decade_1990s,Comedy Comedy Comedy,,dr dolittle year_1998 decade_1990s Comedy Comedy Comedy
1912,Out of Sight (1998),Comedy|Crime|Drama|Romance|Thriller,1998,out of sight,year_1998 decade_1990s,Comedy Comedy Comedy Crime Crime Crime Drama Drama Drama Romance Romance Romance Thriller Thriller Thriller,heist,out of sight year_1998 decade_1990s Comedy Comedy Comedy Crime Crime Crime Drama Drama Drama Romance Romance Romance Thriller Thriller Thriller heist
1914,Smoke Signals (1998),Comedy|Drama,1998,smoke signals,year_1998 decade_1990s,Comedy Comedy Comedy Drama Drama Drama,,smoke signals year_1998 decade_1990s Comedy Comedy Comedy Drama Drama Drama
1916,Buffalo '66 (a.k.a. Buffalo 66) (1998),Drama|Romance,1998,buffalo 66 a k a buffalo 66,year_1998 decade_1990s,Drama Drama Drama Romance Romance Romance,quirky melancholy,buffalo 66 a k a buffalo 66 year_1998 decade_1990s Drama Drama Drama Romance Romance Romance quirky melancholy
1917,Armageddon (1998),Action|Romance|Sci-Fi|Thriller,1998,armageddon,year_1998 decade_1990s,Action Action Action Romance Romance Romance SciFi SciFi SciFi Thriller Thriller Thriller,space,armageddon year_1998 decade_1990s Action Action Action Romance Romance Romance SciFi SciFi SciFi Thriller Thriller Thriller space
1918,Lethal Weapon 4 (1998),Action|Comedy|Crime|Thriller,1998,lethal weapon 4,year_1998 decade_1990s,Action Action Action Comedy Comedy Comedy Crime Crime Crime Thriller Thriller Thriller,,lethal weapon 4 year_1998 decade_1990s Action Action Action Comedy Comedy Comedy Crime Crime Crime Thriller Thriller Thriller
1919,Madeline (1998),Children|Comedy,1998,madeline,year_1998 decade_1990s,Children Children Children Comedy Comedy Comedy,,madeline year_1998 decade_1990s Children Children Children Comedy Comedy Comedy
1920,Small Soldiers (1998),Animation|Children|Fantasy|War,1998,small soldiers,year_1998 decade_1990s,Animation Animation Animation Children Children Children Fantasy Fantasy Fantasy War War War,,small soldiers year_1998 decade_1990s Animation Animation Animation Children Children Children Fantasy Fantasy Fantasy War War War
1921,Pi (1998),Drama|Sci-Fi|Thriller,1998,pi,year_1998 decade_1990s,Drama Drama Drama SciFi SciFi SciFi Thriller Thriller Thriller,mathematics mental illness hallucinatory mindfuck paranoid atmospheric existentialism surreal visually appealing tense cerebral enigmatic insanity paranoia,pi year_1998 decade_1990s Drama Drama Drama SciFi SciFi SciFi Thriller Thriller Thriller mathematics mental illness hallucinatory mindfuck paranoid atmospheric existentialism surreal visually appealing tense cerebral enigmatic insanity paranoia
1923,There's Something About Mary (1998),Comedy|Romance,1998,there s something about mary,year_1998 decade_1990s,Comedy Comedy Comedy Romance Romance Romance,ben stiller crude humor goofy,there s something about mary year_1998 decade_1990s Comedy Comedy Comedy Romance Romance Romance ben stiller crude humor goofy
1924,Plan 9 from Outer Space (1959),Horror|Sci-Fi,1959,plan 9 from outer space,year_1959 decade_1950s,Horror Horror Horror SciFi SciFi SciFi,,plan 9 from outer space year_1959 decade_1950s Horror Horror Horror SciFi SciFi SciFi
1927,All Quiet on the Western Front (1930),Action|Drama|War,1930,all quiet on the western front,year_1930 decade_1930s,Action Action Action Drama Drama Drama War War War,,all quiet on the western front year_1930 decade_1930s Action Action Action Drama Drama Drama War War War
1931,Mutiny on the Bounty (1935),Adventure|Drama,1935,mutiny on the bounty,year_1935 decade_1930s,Adventure Adventure Adventure Drama Drama Drama,,mutiny on the bounty year_1935 decade_1930s Adventure Adventure Adventure Drama Drama Drama
1939,"Best Years of Our Lives, The (1946)",Drama|War,1946,best years of our lives the,year_1946 decade_1940s,Drama Drama Drama War War War,,best years of our lives the year_1946 decade_1940s Drama Drama Drama War War War
1944,From Here to Eternity (1953),Drama|Romance|War,1953,from here to eternity,year_1953 decade_1950s,Drama Drama Drama Romance Romance Romance War War War,,from here to eternity year_1953 decade_1950s Drama Drama Drama Romance Romance Romance War War War
1945,On the Waterfront (1954),Crime|Drama,1954,on the waterfront,year_1954 decade_1950s,Crime Crime Crime Drama Drama Drama,boxing,on the waterfront year_1954 decade_1950s Crime Crime Crime Drama Drama Drama boxing
1947,West Side Story (1961),Drama|Musical|Romance,1961,west side story,year_1961 decade_1960s,Drama Drama Drama Musical Musical Musical Romance Romance Romance,,west side story year_1961 decade_1960s Drama Drama Drama Musical Musical Musical Romance Romance Romance
1948,Tom Jones (1963),Adventure|Comedy|Romance,1963,tom jones,year_1963 decade_1960s,Adventure Adventure Adventure Comedy Comedy Comedy Romance Romance Romance,,tom jones year_1963 decade_1960s Adventure Adventure Adventure Comedy Comedy Comedy Romance Romance Romance
1949,"Man for All Seasons, A (1966)",Drama,1966,man for all seasons a,year_1966 decade_1960s,Drama Drama Drama,,man for all seasons a year_1966 decade_1960s Drama Drama Drama
1950,In the Heat of the Night (1967),Drama|Mystery,1967,in the heat of the night,year_1967 decade_1960s,Drama Drama Drama Mystery Mystery Mystery,racism,in the heat of the night year_1967 decade_1960s Drama Drama Drama Mystery Mystery Mystery racism
1951,Oliver! (1968),Drama|Musical,1968,oliver,year_1968 decade_1960s,Drama Drama Drama Musical Musical Musical,,oliver year_1968 decade_1960s Drama Drama Drama Musical Musical Musical
1952,Midnight Cowboy (1969),Drama,1969,midnight cowboy,year_1969 decade_1960s,Drama Drama Drama,prostitution,midnight cowboy year_1969 decade_1960s Drama Drama Drama prostitution
1953,"French Connection, The (1971)",Action|Crime|Thriller,1971,french connection the,year_1971 decade_1970s,Action Action Action Crime Crime Crime Thriller Thriller Thriller,drugs police,french connection the year_1971 decade_1970s Action Action Action Crime Crime Crime Thriller Thriller Thriller drugs police
1954,Rocky (1976),Drama,1976,rocky,year_1976 decade_1970s,Drama Drama Drama,sports boxing,rocky year_1976 decade_1970s Drama Drama Drama sports boxing
1955,Kramer vs. Kramer (1979),Drama,1979,kramer vs kramer,year_1979 decade_1970s,Drama Drama Drama,divorce,kramer vs kramer year_1979 decade_1970s Drama Drama Drama divorce
1956,Ordinary People (1980),Drama,1980,ordinary people,year_1980 decade_1980s,Drama Drama Drama,,ordinary people year_1980 decade_1980s Drama Drama Drama
1957,Chariots of Fire (1981),Drama,1981,chariots of fire,year_1981 decade_1980s,Drama Drama Drama,sports,chariots of fire year_1981 decade_1980s Drama Drama Drama sports
1958,Terms of Endearment (1983),Comedy|Drama,1983,terms of endearment,year_1983 decade_1980s,Comedy Comedy Comedy Drama Drama Drama,,terms of endearment year_1983 decade_1980s Comedy Comedy Comedy Drama Drama Drama
1959,Out of Africa (1985),Drama|Romance,1985,out of africa,year_1985 decade_1980s,Drama Drama Drama Romance Romance Romance,africa adultery,out of africa year_1985 decade_1980s Drama Drama Drama Romance Romance Romance africa adultery
1960,"Last Emperor, The (1987)",Drama,1987,last emperor the,year_1987 decade_1980s,Drama Drama Drama,china,last emperor the year_1987 decade_1980s Drama Drama Drama china
1961,Rain Man (1988),Drama,1988,rain man,year_1988 decade_1980s,Drama Drama Drama,,rain man year_1988 decade_1980s Drama Drama Drama
1962,Driving Miss Daisy (1989),Drama,1989,driving miss daisy,year_1989 decade_1980s,Drama Drama Drama,rasicm,driving miss daisy year_1989 decade_1980s Drama Drama Drama rasicm
1963,Take the Money and Run (1969),Comedy|Crime,1969,take the money and run,year_1969 decade_1960s,Comedy Comedy Comedy Crime Crime Crime,,take the money and run year_1969 decade_1960s Comedy Comedy Comedy Crime Crime Crime
1964,Klute (1971),Drama|Mystery,1971,klute,year_1971 decade_1970s,Drama Drama Drama Mystery Mystery Mystery,,klute year_1971 decade_1970s Drama Drama Drama Mystery Mystery Mystery
1965,Repo Man (1984),Comedy|Sci-Fi,1984,repo man,year_1984 decade_1980s,Comedy Comedy Comedy SciFi SciFi SciFi,,repo man year_1984 decade_1980s Comedy Comedy Comedy SciFi SciFi SciFi
1966,Metropolitan (1990),Comedy,1990,metropolitan,year_1990 decade_1990s,Comedy Comedy Comedy,,metropolitan year_1990 decade_1990s Comedy Comedy Comedy
1967,Labyrinth (1986),Adventure|Fantasy|Musical,1986,labyrinth,year_1986 decade_1980s,Adventure Adventure Adventure Fantasy Fantasy Fantasy Musical Musical Musical,,labyrinth year_1986 decade_1980s Adventure Adventure Adventure Fantasy Fantasy Fantasy Musical Musical Musical
1968,"Breakfast Club, The (1985)",Comedy|Drama,1985,breakfast club the,year_1985 decade_1980s,Comedy Comedy Comedy Drama Drama Drama,,breakfast club the year_1985 decade_1980s Comedy Comedy Comedy Drama Drama Drama
1969,"Nightmare on Elm Street 2: Freddy's Revenge, A (1985)",Horror,1985,nightmare on elm street 2 freddy s revenge a,year_1985 decade_1980s,Horror Horror Horror,,nightmare on elm street 2 freddy s revenge a year_1985 decade_1980s Horror Horror Horror
1970,"Nightmare on Elm Street 3: Dream Warriors, A (1987)",Horror|Thriller,1987,nightmare on elm street 3 dream warriors a,year_1987 decade_1980s,Horror Horror Horror Thriller Thriller Thriller,,nightmare on elm street 3 dream warriors a year_1987 decade_1980s Horror Horror Horror Thriller Thriller Thriller
1971,"Nightmare on Elm Street 4: The Dream Master, A (1988)",Horror|Thriller,1988,nightmare on elm street 4 the dream master a,year_1988 decade_1980s,Horror Horror Horror Thriller Thriller Thriller,,nightmare on elm street 4 the dream master a year_1988 decade_1980s Horror Horror Horror Thriller Thriller Thriller
1972,"Nightmare on Elm Street 5: The Dream Child, A (1989)",Horror,1989,nightmare on elm street 5 the dream child a,year_1989 decade_1980s,Horror Horror Horror,,nightmare on elm street 5 the dream child a year_1989 decade_1980s Horror Horror Horror
1973,"Freddy's Dead: The Final Nightmare (Nightmare on Elm Street Part 6: Freddy's Dead, A) (1991)",Horror,1991,freddy s dead the final nightmare nightmare on elm street part 6 freddy s dead a,year_1991 decade_1990s,Horror Horror Horror,,freddy s dead the final nightmare nightmare on elm street part 6 freddy s dead a year_1991 decade_1990s Horror Horror Horror
1974,Friday the 13th (1980),Horror|Mystery|Thriller,1980,friday the 13th,year_1980 decade_1980s,Horror Horror Horror Mystery Mystery Mystery Thriller Thriller Thriller,,friday the 13th year_1980 decade_1980s Horror Horror Horror Mystery Mystery Mystery Thriller Thriller Thriller
1975,Friday the 13th Part 2 (1981),Horror,1981,friday the 13th part 2,year_1981 decade_1980s,Horror Horror Horror,jason,friday the 13th part 2 year_1981 decade_1980s Horror Horror Horror jason
1976,Friday the 13th Part 3: 3D (1982),Horror,1982,friday the 13th part 3 3d,year_1982 decade_1980s,Horror Horror Horror,jason,friday the 13th part 3 3d year_1982 decade_1980s Horror Horror Horror jason
1977,Friday the 13th Part IV: The Final Chapter (1984),Horror,1984,friday the 13th part iv the final chapter,year_1984 decade_1980s,Horror Horror Horror,jason,friday the 13th part iv the final chapter year_1984 decade_1980s Horror Horror Horror jason
1982,Halloween (1978),Horror,1978,halloween,year_1978 decade_1970s,Horror Horror Horror,,halloween year_1978 decade_1970s Horror Horror Horror
1983,Halloween II (1981),Horror,1981,halloween ii,year_1981 decade_1980s,Horror Horror Horror,halloween,halloween ii year_1981 decade_1980s Horror Horror Horror halloween
1991,Child's Play (1988),Horror|Thriller,1988,child s play,year_1988 decade_1980s,Horror Horror Horror Thriller Thriller Thriller,,child s play year_1988 decade_1980s Horror Horror Horror Thriller Thriller Thriller
1993,Child's Play 3 (1991),Comedy|Horror|Thriller,1991,child s play 3,year_1991 decade_1990s,Comedy Comedy Comedy Horror Horror Horror Thriller Thriller Thriller,,child s play 3 year_1991 decade_1990s Comedy Comedy Comedy Horror Horror Horror Thriller Thriller Thriller
1994,Poltergeist (1982),Horror|Thriller,1982,poltergeist,year_1982 decade_1980s,Horror Horror Horror Thriller Thriller Thriller,ghosts,poltergeist year_1982 decade_1980s Horror Horror Horror Thriller Thriller Thriller ghosts
1995,Poltergeist II: The Other Side (1986),Horror|Thriller,1986,poltergeist ii the other side,year_1986 decade_1980s,Horror Horror Horror Thriller Thriller Thriller,ghosts,poltergeist ii the other side year_1986 decade_1980s Horror Horror Horror Thriller Thriller Thriller ghosts
1997,"Exorcist, The (1973)",Horror|Mystery,1973,exorcist the,year_1973 decade_1970s,Horror Horror Horror Mystery Mystery Mystery,demons,exorcist the year_1973 decade_1970s Horror Horror Horror Mystery Mystery Mystery demons
2000,Lethal Weapon (1987),Action|Comedy|Crime|Drama,1987,lethal weapon,year_1987 decade_1980s,Action Action Action Comedy Comedy Comedy Crime Crime Crime Drama Drama Drama,,lethal weapon year_1987 decade_1980s Action Action Action Comedy Comedy Comedy Crime Crime Crime Drama Drama Drama
2001,Lethal Weapon 2 (1989),Action|Comedy|Crime|Drama,1989,lethal weapon 2,year_1989 decade_1980s,Action Action Action Comedy Comedy Comedy Crime Crime Crime Drama Drama Drama,,lethal weapon 2 year_1989 decade_1980s Action Action Action Comedy Comedy Comedy Crime Crime Crime Drama Drama Drama
2002,Lethal Weapon 3 (1992),Action|Comedy|Crime|Drama,1992,lethal weapon 3,year_1992 decade_1990s,Action Action Action Comedy Comedy Comedy Crime Crime Crime Drama Drama Drama,,lethal weapon 3 year_1992 decade_1990s Action Action Action Comedy Comedy Comedy Crime Crime Crime Drama Drama Drama
2003,Gremlins (1984),Comedy|Horror,1984,gremlins,year_1984 decade_1980s,Comedy Comedy Comedy Horror Horror Horror,,gremlins year_1984 decade_1980s Comedy Comedy Comedy Horror Horror Horror
2004,Gremlins 2: The New Batch (1990),Comedy|Horror,1990,gremlins 2 the new batch,year_1990 decade_1990s,Comedy Comedy Comedy Horror Horror Horror,,gremlins 2 the new batch year_1990 decade_1990s Comedy Comedy Comedy Horror Horror Horror
2005,"Goonies, The (1985)",Action|Adventure|Children|Comedy|Fantasy,1985,goonies the,year_1985 decade_1980s,Action Action Action Adventure Adventure Adventure Children Children Children Comedy Comedy Comedy Fantasy Fantasy Fantasy,,goonies the year_1985 decade_1980s Action Action Action Adventure Adventure Adventure Children Children Children Comedy Comedy Comedy Fantasy Fantasy Fantasy
2006,"Mask of Zorro, The (1998)",Action|Comedy|Romance,1998,mask of zorro the,year_1998 decade_1990s,Action Action Action Comedy Comedy Comedy Romance Romance Romance,,mask of zorro the year_1998 decade_1990s Action Action Action Comedy Comedy Comedy Romance Romance Romance
2009,Soylent Green (1973),Drama|Mystery|Sci-Fi|Thriller,1973,soylent green,year_1973 decade_1970s,Drama Drama Drama Mystery Mystery Mystery SciFi SciFi SciFi Thriller Thriller Thriller,,soylent green year_1973 decade_1970s Drama Drama Drama Mystery Mystery Mystery SciFi SciFi SciFi Thriller Thriller Thriller
2010,Metropolis (1927),Drama|Sci-Fi,1927,metropolis,year_1927 decade_1920s,Drama Drama Drama SciFi SciFi SciFi,,metropolis year_1927 decade_1920s Drama Drama Drama SciFi SciFi SciFi
2011,Back to the Future Part II (1989),Adventure|Comedy|Sci-Fi,1989,back to the future part ii,year_1989 decade_1980s,Adventure Adventure Adventure Comedy Comedy Comedy SciFi SciFi SciFi,time travel,back to the future part ii year_1989 decade_1980s Adventure Adventure Adventure Comedy Comedy Comedy SciFi SciFi SciFi time travel
2012,Back to the Future Part III (1990),Adventure|Comedy|Sci-Fi|Western,1990,back to the future part iii,year_1990 decade_1990s,Adventure Adventure Adventure Comedy Comedy Comedy SciFi SciFi SciFi Western Western Western,,back to the future part iii year_1990 decade_1990s Adventure Adventure Adventure Comedy Comedy Comedy SciFi SciFi SciFi Western Western Western
2013,"Poseidon Adventure, The (1972)",Action|Adventure|Drama,1972,poseidon adventure the,year_1972 decade_1970s,Action Action Action Adventure Adventure Adventure Drama Drama Drama,,poseidon adventure the year_1972 decade_1970s Action Action Action Adventure Adventure Adventure Drama Drama Drama
2014,Freaky Friday (1977),Children|Comedy|Fantasy,1977,freaky friday,year_1977 decade_1970s,Children Children Children Comedy Comedy Comedy Fantasy Fantasy Fantasy,,freaky friday year_1977 decade_1970s Children Children Children Comedy Comedy Comedy Fantasy Fantasy Fantasy
2015,"Absent-Minded Professor, The (1961)",Children|Comedy|Fantasy,1961,absent minded professor the,year_1961 decade_1960s,Children Children Children Comedy Comedy Comedy Fantasy Fantasy Fantasy,,absent minded professor the year_1961 decade_1960s Children Children Children Comedy Comedy Comedy Fantasy Fantasy Fantasy
2017,Babes in Toyland (1961),Children|Fantasy|Musical,1961,babes in toyland,year_1961 decade_1960s,Children Children Children Fantasy Fantasy Fantasy Musical Musical Musical,,babes in toyland year_1961 decade_1960s Children Children Children Fantasy Fantasy Fantasy Musical Musical Musical
2018,Bambi (1942),Animation|Children|Drama,1942,bambi,year_1942 decade_1940s,Animation Animation Animation Children Children Children Drama Drama Drama,,bambi year_1942 decade_1940s Animation Animation Animation Children Children Children Drama Drama Drama
2019,Seven Samurai (Shichinin no samurai) (1954),Action|Adventure|Drama,1954,seven samurai shichinin no samurai,year_1954 decade_1950s,Action Action Action Adventure Adventure Adventure Drama Drama Drama,samurai,seven samurai shichinin no samurai year_1954 decade_1950s Action Action Action Adventure Adventure Adventure Drama Drama Drama samurai
2020,Dangerous Liaisons (1988),Drama|Romance,1988,dangerous liaisons,year_1988 decade_1980s,Drama Drama Drama Romance Romance Romance,adultery,dangerous liaisons year_1988 decade_1980s Drama Drama Drama Romance Romance Romance adultery
2021,Dune (1984),Adventure|Sci-Fi,1984,dune,year_1984 decade_1980s,Adventure Adventure Adventure SciFi SciFi SciFi,,dune year_1984 decade_1980s Adventure Adventure Adventure SciFi SciFi SciFi
2022,"Last Temptation of Christ, The (1988)",Drama,1988,last temptation of christ the,year_1988 decade_1980s,Drama Drama Drama,bible,last temptation of christ the year_1988 decade_1980s Drama Drama Drama bible
2023,"Godfather: Part III, The (1990)",Crime|Drama|Mystery|Thriller,1990,godfather part iii the,year_1990 decade_1990s,Crime Crime Crime Drama Drama Drama Mystery Mystery Mystery Thriller Thriller Thriller,al pacino mafia classic,godfather part iii the year_1990 decade_1990s Crime Crime Crime Drama Drama Drama Mystery Mystery Mystery Thriller Thriller Thriller al pacino mafia classic
2025,Lolita (1997),Drama|Romance,1997,lolita,year_1997 decade_1990s,Drama Drama Drama Romance Romance Romance,,lolita year_1997 decade_1990s Drama Drama Drama Romance Romance Romance
2027,Jane Austen's Mafia! (1998),Comedy|Crime,1998,jane austen s mafia,year_1998 decade_1990s,Comedy Comedy Comedy Crime Crime Crime,,jane austen s mafia year_1998 decade_1990s Comedy Comedy Comedy Crime Crime Crime
2028,Saving Private Ryan (1998),Action|Drama|War,1998,saving private ryan,year_1998 decade_1990s,Action Action Action Drama Drama Drama War War War,world war ii,saving private ryan year_1998 decade_1990s Action Action Action Drama Drama Drama War War War world war ii
2033,"Black Cauldron, The (1985)",Adventure|Animation|Children|Fantasy,1985,black cauldron the,year_1985 decade_1980s,Adventure Adventure Adventure Animation Animation Animation Children Children Children Fantasy Fantasy Fantasy,,black cauldron the year_1985 decade_1980s Adventure Adventure Adventure Animation Animation Animation Children Children Children Fantasy Fantasy Fantasy
2034,"Black Hole, The (1979)",Children|Sci-Fi,1979,black hole the,year_1979 decade_1970s,Children Children Children SciFi SciFi SciFi,,black hole the year_1979 decade_1970s Children Children Children SciFi SciFi SciFi
2036,Blank Check (1994),Children|Comedy,1994,blank check,year_1994 decade_1990s,Children Children Children Comedy Comedy Comedy,,blank check year_1994 decade_1990s Children Children Children Comedy Comedy Comedy
2040,"Computer Wore Tennis Shoes, The (1969)",Children|Comedy,1969,computer wore tennis shoes the,year_1969 decade_1960s,Children Children Children Comedy Comedy Comedy,,computer wore tennis shoes the year_1969 decade_1960s Children Children Children Comedy Comedy Comedy
2042,D2: The Mighty Ducks (1994),Children|Comedy,1994,d2 the mighty ducks,year_1994 decade_1990s,Children Children Children Comedy Comedy Comedy,,d2 the mighty ducks year_1994 decade_1990s Children Children Children Comedy Comedy Comedy
2046,Flight of the Navigator (1986),Adventure|Children|Sci-Fi,1986,flight of the navigator,year_1986 decade_1980s,Adventure Adventure Adventure Children Children Children SciFi SciFi SciFi,,flight of the navigator year_1986 decade_1980s Adventure Adventure Adventure Children Children Children SciFi SciFi SciFi
2048,"Great Mouse Detective, The (1986)",Action|Animation|Children|Crime,1986,great mouse detective the,year_1986 decade_1980s,Action Action Action Animation Animation Animation Children Children Children Crime Crime Crime,,great mouse detective the year_1986 decade_1980s Action Action Action Animation Animation Animation Children Children Children Crime Crime Crime
2052,Hocus Pocus (1993),Children|Comedy|Fantasy|Horror,1993,hocus pocus,year_1993 decade_1990s,Children Children Children Comedy Comedy Comedy Fantasy Fantasy Fantasy Horror Horror Horror,,hocus pocus year_1993 decade_1990s Children Children Children Comedy Comedy Comedy Fantasy Fantasy Fantasy Horror Horror Horror
2053,"Honey, I Blew Up the Kid (1992)",Children|Comedy|Sci-Fi,1992,honey i blew up the kid,year_1992 decade_1990s,Children Children Children Comedy Comedy Comedy SciFi SciFi SciFi,,honey i blew up the kid year_1992 decade_1990s Children Children Children Comedy Comedy Comedy SciFi SciFi SciFi
2054,"Honey, I Shrunk the Kids (1989)",Adventure|Children|Comedy|Fantasy|Sci-Fi,1989,honey i shrunk the kids,year_1989 decade_1980s,Adventure Adventure Adventure Children Children Children Comedy Comedy Comedy Fantasy Fantasy Fantasy SciFi SciFi SciFi,disney,honey i shrunk the kids year_1989 decade_1980s Adventure Adventure Adventure Children Children Children Comedy Comedy Comedy Fantasy Fantasy Fantasy SciFi SciFi SciFi disney
2058,"Negotiator, The (1998)",Action|Crime|Drama|Mystery|Thriller,1998,negotiator the,year_1998 decade_1990s,Action Action Action Crime Crime Crime Drama Drama Drama Mystery Mystery Mystery Thriller Thriller Thriller,police,negotiator the year_1998 decade_1990s Action Action Action Crime Crime Crime Drama Drama Drama Mystery Mystery Mystery Thriller Thriller Thriller police
2059,"Parent Trap, The (1998)",Children|Comedy|Romance,1998,parent trap the,year_1998 decade_1990s,Children Children Children Comedy Comedy Comedy Romance Romance Romance,twins,parent trap the year_1998 decade_1990s Children Children Children Comedy Comedy Comedy Romance Romance Romance twins
2060,BASEketball (1998),Comedy,1998,baseketball,year_1998 decade_1990s,Comedy Comedy Comedy,,baseketball year_1998 decade_1990s Comedy Comedy Comedy
2064,Roger & Me (1989),Documentary,1989,roger me,year_1989 decade_1980s,Documentary Documentary Documentary,,roger me year_1989 decade_1980s Documentary Documentary Documentary
2065,"Purple Rose of Cairo, The (1985)",Comedy|Drama|Fantasy|Romance,1985,purple rose of cairo the,year_1985 decade_1980s,Comedy Comedy Comedy Drama Drama Drama Fantasy Fantasy Fantasy Romance Romance Romance,,purple rose of cairo the year_1985 decade_1980s Comedy Comedy Comedy Drama Drama Drama Fantasy Fantasy Fantasy Romance Romance Romance
2067,Doctor Zhivago (1965),Drama|Romance|War,1965,doctor zhivago,year_1965 decade_1960s,Drama Drama Drama Romance Romance Romance War War War,,doctor zhivago year_1965 decade_1960s Drama Drama Drama Romance Romance Romance War War War
2070,Tender Mercies (1983),Drama|Romance|Western,1983,tender mercies,year_1983 decade_1980s,Drama Drama Drama Romance Romance Romance Western Western Western,music,tender mercies year_1983 decade_1980s Drama Drama Drama Romance Romance Romance Western Western Western music
2072,"'burbs, The (1989)",Comedy,1989,burbs the,year_1989 decade_1980s,Comedy Comedy Comedy,,burbs the year_1989 decade_1980s Comedy Comedy Comedy
2073,Fandango (1985),Comedy,1985,fandango,year_1985 decade_1980s,Comedy Comedy Comedy,,fandango year_1985 decade_1980s Comedy Comedy Comedy
2076,Blue Velvet (1986),Drama|Mystery|Thriller,1986,blue velvet,year_1986 decade_1980s,Drama Drama Drama Mystery Mystery Mystery Thriller Thriller Thriller,sexuality,blue velvet year_1986 decade_1980s Drama Drama Drama Mystery Mystery Mystery Thriller Thriller Thriller sexuality
2077,"Journey of Natty Gann, The (1985)",Adventure|Children,1985,journey of natty gann the,year_1985 decade_1980s,Adventure Adventure Adventure Children Children Children,,journey of natty gann the year_1985 decade_1980s Adventure Adventure Adventure Children Children Children
2078,"Jungle Book, The (1967)",Animation|Children|Comedy|Musical,1967,jungle book the,year_1967 decade_1960s,Animation Animation Animation Children Children Children Comedy Comedy Comedy Musical Musical Musical,disney,jungle book the year_1967 decade_1960s Animation Animation Animation Children Children Children Comedy Comedy Comedy Musical Musical Musical disney
2080,Lady and the Tramp (1955),Animation|Children|Comedy|Romance,1955,lady and the tramp,year_1955 decade_1950s,Animation Animation Animation Children Children Children Comedy Comedy Comedy Romance Romance Romance,disney,lady and the tramp year_1955 decade_1950s Animation Animation Animation Children Children Children Comedy Comedy Comedy Romance Romance Romance disney
2081,"Little Mermaid, The (1989)",Animation|Children|Comedy|Musical|Romance,1989,little mermaid the,year_1989 decade_1980s,Animation Animation Animation Children Children Children Comedy Comedy Comedy Musical Musical Musical Romance Romance Romance,,little mermaid the year_1989 decade_1980s Animation Animation Animation Children Children Children Comedy Comedy Comedy Musical Musical Musical Romance Romance Romance
2082,"Mighty Ducks, The (1992)",Children|Comedy,1992,mighty ducks the,year_1992 decade_1990s,Children Children Children Comedy Comedy Comedy,,mighty ducks the year_1992 decade_1990s Children Children Children Comedy Comedy Comedy
2083,"Muppet Christmas Carol, The (1992)",Children|Comedy|Musical,1992,muppet christmas carol the,year_1992 decade_1990s,Children Children Children Comedy Comedy Comedy Musical Musical Musical,,muppet christmas carol the year_1992 decade_1990s Children Children Children Comedy Comedy Comedy Musical Musical Musical
2084,Newsies (1992),Children|Musical,1992,newsies,year_1992 decade_1990s,Children Children Children Musical Musical Musical,,newsies year_1992 decade_1990s Children Children Children Musical Musical Musical
2085,101 Dalmatians (One Hundred and One Dalmatians) (1961),Adventure|Animation|Children,1961,101 dalmatians one hundred and one dalmatians,year_1961 decade_1960s,Adventure Adventure Adventure Animation Animation Animation Children Children Children,disney,101 dalmatians one hundred and one dalmatians year_1961 decade_1960s Adventure Adventure Adventure Animation Animation Animation Children Children Children disney
2087,Peter Pan (1953),Animation|Children|Fantasy|Musical,1953,peter pan,year_1953 decade_1950s,Animation Animation Animation Children Children Children Fantasy Fantasy Fantasy Musical Musical Musical,,peter pan year_1953 decade_1950s Animation Animation Animation Children Children Children Fantasy Fantasy Fantasy Musical Musical Musical
2088,Popeye (1980),Adventure|Comedy|Musical,1980,popeye,year_1980 decade_1980s,Adventure Adventure Adventure Comedy Comedy Comedy Musical Musical Musical,,popeye year_1980 decade_1980s Adventure Adventure Adventure Comedy Comedy Comedy Musical Musical Musical
2089,"Rescuers Down Under, The (1990)",Adventure|Animation|Children,1990,rescuers down under the,year_1990 decade_1990s,Adventure Adventure Adventure Animation Animation Animation Children Children Children,,rescuers down under the year_1990 decade_1990s Adventure Adventure Adventure Animation Animation Animation Children Children Children
2090,"Rescuers, The (1977)",Adventure|Animation|Children|Crime|Drama,1977,rescuers the,year_1977 decade_1970s,Adventure Adventure Adventure Animation Animation Animation Children Children Children Crime Crime Crime Drama Drama Drama,,rescuers the year_1977 decade_1970s Adventure Adventure Adventure Animation Animation Animation Children Children Children Crime Crime Crime Drama Drama Drama
2092,"Return of Jafar, The (1994)",Adventure|Animation|Children|Fantasy|Musical|Romance,1994,return of jafar the,year_1994 decade_1990s,Adventure Adventure Adventure Animation Animation Animation Children Children Children Fantasy Fantasy Fantasy Musical Musical Musical Romance Romance Romance,,return of jafar the year_1994 decade_1990s Adventure Adventure Adventure Animation Animation Animation Children Children Children Fantasy Fantasy Fantasy Musical Musical Musical Romance Romance Romance
2093,Return to Oz (1985),Adventure|Children|Fantasy,1985,return to oz,year_1985 decade_1980s,Adventure Adventure Adventure Children Children Children Fantasy Fantasy Fantasy,,return to oz year_1985 decade_1980s Adventure Adventure Adventure Children Children Children Fantasy Fantasy Fantasy
2094,"Rocketeer, The (1991)",Action|Adventure|Sci-Fi,1991,rocketeer the,year_1991 decade_1990s,Action Action Action Adventure Adventure Adventure SciFi SciFi SciFi,,rocketeer the year_1991 decade_1990s Action Action Action Adventure Adventure Adventure SciFi SciFi SciFi
2096,Sleeping Beauty (1959),Animation|Children|Musical,1959,sleeping beauty,year_1959 decade_1950s,Animation Animation Animation Children Children Children Musical Musical Musical,,sleeping beauty year_1959 decade_1950s Animation Animation Animation Children Children Children Musical Musical Musical
2097,Something Wicked This Way Comes (1983),Children|Drama|Fantasy|Mystery|Thriller,1983,something wicked this way comes,year_1983 decade_1980s,Children Children Children Drama Drama Drama Fantasy Fantasy Fantasy Mystery Mystery Mystery Thriller Thriller Thriller,ray bradbury,something wicked this way comes year_1983 decade_1980s Children Children Children Drama Drama Drama Fantasy Fantasy Fantasy Mystery Mystery Mystery Thriller Thriller Thriller ray bradbury
2099,Song of the South (1946),Adventure|Animation|Children|Musical,1946,song of the south,year_1946 decade_1940s,Adventure Adventure Adventure Animation Animation Animation Children Children Children Musical Musical Musical,,song of the south year_1946 decade_1940s Adventure Adventure Adventure Animation Animation Animation Children Children Children Musical Musical Musical
2100,Splash (1984),Comedy|Fantasy|Romance,1984,splash,year_1984 decade_1980s,Comedy Comedy Comedy Fantasy Fantasy Fantasy Romance Romance Romance,,splash year_1984 decade_1980s Comedy Comedy Comedy Fantasy Fantasy Fantasy Romance Romance Romance
2105,Tron (1982),Action|Adventure|Sci-Fi,1982,tron,year_1982 decade_1980s,Action Action Action Adventure Adventure Adventure SciFi SciFi SciFi,,tron year_1982 decade_1980s Action Action Action Adventure Adventure Adventure SciFi SciFi SciFi
2106,Swing Kids (1993),Drama|War,1993,swing kids,year_1993 decade_1990s,Drama Drama Drama War War War,,swing kids year_1993 decade_1990s Drama Drama Drama War War War
2108,L.A. Story (1991),Comedy|Romance,1991,l a story,year_1991 decade_1990s,Comedy Comedy Comedy Romance Romance Romance,,l a story year_1991 decade_1990s Comedy Comedy Comedy Romance Romance Romance
2109,"Jerk, The (1979)",Comedy,1979,jerk the,year_1979 decade_1970s,Comedy Comedy Comedy,,jerk the year_1979 decade_1970s Comedy Comedy Comedy
2110,Dead Men Don't Wear Plaid (1982),Comedy|Crime|Thriller,1982,dead men don t wear plaid,year_1982 decade_1980s,Comedy Comedy Comedy Crime Crime Crime Thriller Thriller Thriller,,dead men don t wear plaid year_1982 decade_1980s Comedy Comedy Comedy Crime Crime Crime Thriller Thriller Thriller
2111,"Man with Two Brains, The (1983)",Comedy,1983,man with two brains the,year_1983 decade_1980s,Comedy Comedy Comedy,,man with two brains the year_1983 decade_1980s Comedy Comedy Comedy
2112,Grand Canyon (1991),Crime|Drama,1991,grand canyon,year_1991 decade_1990s,Crime Crime Crime Drama Drama Drama,,grand canyon year_1991 decade_1990s Crime Crime Crime Drama Drama Drama
2114,"Outsiders, The (1983)",Drama,1983,outsiders the,year_1983 decade_1980s,Drama Drama Drama,,outsiders the year_1983 decade_1980s Drama Drama Drama
2115,Indiana Jones and the Temple of Doom (1984),Action|Adventure|Fantasy,1984,indiana jones and the temple of doom,year_1984 decade_1980s,Action Action Action Adventure Adventure Adventure Fantasy Fantasy Fantasy,archaeology,indiana jones and the temple of doom year_1984 decade_1980s Action Action Action Adventure Adventure Adventure Fantasy Fantasy Fantasy archaeology
2116,"Lord of the Rings, The (1978)",Adventure|Animation|Children|Fantasy,1978,lord of the rings the,year_1978 decade_1970s,Adventure Adventure Adventure Animation Animation Animation Children Children Children Fantasy Fantasy Fantasy,tolkein classic,lord of the rings the year_1978 decade_1970s Adventure Adventure Adventure Animation Animation Animation Children Children Children Fantasy Fantasy Fantasy tolkein classic
2117,1984 (Nineteen Eighty-Four) (1984),Drama|Sci-Fi,1984,1984 nineteen eighty four,year_1984 decade_1980s,Drama Drama Drama SciFi SciFi SciFi,,1984 nineteen eighty four year_1984 decade_1980s Drama Drama Drama SciFi SciFi SciFi
2118,"Dead Zone, The (1983)",Thriller,1983,dead zone the,year_1983 decade_1980s,Thriller Thriller Thriller,stephen king,dead zone the year_1983 decade_1980s Thriller Thriller Thriller stephen king
2121,Cujo (1983),Horror|Thriller,1983,cujo,year_1983 decade_1980s,Horror Horror Horror Thriller Thriller Thriller,stephen king,cujo year_1983 decade_1980s Horror Horror Horror Thriller Thriller Thriller stephen king
2122,Children of the Corn (1984),Horror|Thriller,1984,children of the corn,year_1984 decade_1980s,Horror Horror Horror Thriller Thriller Thriller,stephen king,children of the corn year_1984 decade_1980s Horror Horror Horror Thriller Thriller Thriller stephen king
2123,All Dogs Go to Heaven (1989),Animation|Children|Comedy|Drama|Fantasy,1989,all dogs go to heaven,year_1989 decade_1980s,Animation Animation Animation Children Children Children Comedy Comedy Comedy Drama Drama Drama Fantasy Fantasy Fantasy,,all dogs go to heaven year_1989 decade_1980s Animation Animation Animation Children Children Children Comedy Comedy Comedy Drama Drama Drama Fantasy Fantasy Fantasy
2124,"Addams Family, The (1991)",Children|Comedy|Fantasy,1991,addams family the,year_1991 decade_1990s,Children Children Children Comedy Comedy Comedy Fantasy Fantasy Fantasy,quirky black comedy gothic family christopher lloyd christina ricci,addams family the year_1991 decade_1990s Children Children Children Comedy Comedy Comedy Fantasy Fantasy Fantasy quirky black comedy gothic family christopher lloyd christina ricci
2125,Ever After: A Cinderella Story (1998),Comedy|Drama|Romance,1998,ever after a cinderella story,year_1998 decade_1990s,Comedy Comedy Comedy Drama Drama Drama Romance Romance Romance,,ever after a cinderella story year_1998 decade_1990s Comedy Comedy Comedy Drama Drama Drama Romance Romance Romance
2126,Snake Eyes (1998),Action|Crime|Mystery|Thriller,1998,snake eyes,year_1998 decade_1990s,Action Action Action Crime Crime Crime Mystery Mystery Mystery Thriller Thriller Thriller,,snake eyes year_1998 decade_1990s Action Action Action Crime Crime Crime Mystery Mystery Mystery Thriller Thriller Thriller
2130,Atlantic City (1980),Crime|Drama|Romance,1980,atlantic city,year_1980 decade_1980s,Crime Crime Crime Drama Drama Drama Romance Romance Romance,,atlantic city year_1980 decade_1980s Crime Crime Crime Drama Drama Drama Romance Romance Romance
2132,Who's Afraid of Virginia Woolf? (1966),Drama,1966,who s afraid of virginia woolf,year_1966 decade_1960s,Drama Drama Drama,,who s afraid of virginia woolf year_1966 decade_1960s Drama Drama Drama
2133,Adventures in Babysitting (1987),Adventure|Comedy,1987,adventures in babysitting,year_1987 decade_1980s,Adventure Adventure Adventure Comedy Comedy Comedy,,adventures in babysitting year_1987 decade_1980s Adventure Adventure Adventure Comedy Comedy Comedy
2134,Weird Science (1985),Comedy|Fantasy|Sci-Fi,1985,weird science,year_1985 decade_1980s,Comedy Comedy Comedy Fantasy Fantasy Fantasy SciFi SciFi SciFi,,weird science year_1985 decade_1980s Comedy Comedy Comedy Fantasy Fantasy Fantasy SciFi SciFi SciFi
2135,Doctor Dolittle (1967),Adventure|Children|Musical,1967,doctor dolittle,year_1967 decade_1960s,Adventure Adventure Adventure Children Children Children Musical Musical Musical,,doctor dolittle year_1967 decade_1960s Adventure Adventure Adventure Children Children Children Musical Musical Musical
2136,"Nutty Professor, The (1963)",Comedy|Sci-Fi,1963,nutty professor the,year_1963 decade_1960s,Comedy Comedy Comedy SciFi SciFi SciFi,,nutty professor the year_1963 decade_1960s Comedy Comedy Comedy SciFi SciFi SciFi
2137,Charlotte's Web (1973),Animation|Children,1973,charlotte s web,year_1973 decade_1970s,Animation Animation Animation Children Children Children,,charlotte s web year_1973 decade_1970s Animation Animation Animation Children Children Children
2138,Watership Down (1978),Adventure|Animation|Children|Drama|Fantasy,1978,watership down,year_1978 decade_1970s,Adventure Adventure Adventure Animation Animation Animation Children Children Children Drama Drama Drama Fantasy Fantasy Fantasy,beautiful atmospheric,watership down year_1978 decade_1970s Adventure Adventure Adventure Animation Animation Animation Children Children Children Drama Drama Drama Fantasy Fantasy Fantasy beautiful atmospheric
2139,"Secret of NIMH, The (1982)",Adventure|Animation|Children|Drama,1982,secret of nimh the,year_1982 decade_1980s,Adventure Adventure Adventure Animation Animation Animation Children Children Children Drama Drama Drama,,secret of nimh the year_1982 decade_1980s Adventure Adventure Adventure Animation Animation Animation Children Children Children Drama Drama Drama
2140,"Dark Crystal, The (1982)",Adventure|Fantasy,1982,dark crystal the,year_1982 decade_1980s,Adventure Adventure Adventure Fantasy Fantasy Fantasy,,dark crystal the year_1982 decade_1980s Adventure Adventure Adventure Fantasy Fantasy Fantasy
2141,"American Tail, An (1986)",Adventure|Animation|Children|Comedy,1986,american tail an,year_1986 decade_1980s,Adventure Adventure Adventure Animation Animation Animation Children Children Children Comedy Comedy Comedy,,american tail an year_1986 decade_1980s Adventure Adventure Adventure Animation Animation Animation Children Children Children Comedy Comedy Comedy
2142,"American Tail: Fievel Goes West, An (1991)",Adventure|Animation|Children|Musical|Western,1991,american tail fievel goes west an,year_1991 decade_1990s,Adventure Adventure Adventure Animation Animation Animation Children Children Children Musical Musical Musical Western Western Western,,american tail fievel goes west an year_1991 decade_1990s Adventure Adventure Adventure Animation Animation Animation Children Children Children Musical Musical Musical Western Western Western
2143,Legend (1985),Adventure|Fantasy|Romance,1985,legend,year_1985 decade_1980s,Adventure Adventure Adventure Fantasy Fantasy Fantasy Romance Romance Romance,,legend year_1985 decade_1980s Adventure Adventure Adventure Fantasy Fantasy Fantasy Romance Romance Romance
2144,Sixteen Candles (1984),Comedy|Romance,1984,sixteen candles,year_1984 decade_1980s,Comedy Comedy Comedy Romance Romance Romance,,sixteen candles year_1984 decade_1980s Comedy Comedy Comedy Romance Romance Romance
2145,Pretty in Pink (1986),Comedy|Drama|Romance,1986,pretty in pink,year_1986 decade_1980s,Comedy Comedy Comedy Drama Drama Drama Romance Romance Romance,1980s high school,pretty in pink year_1986 decade_1980s Comedy Comedy Comedy Drama Drama Drama Romance Romance Romance 1980s high school
2146,St. Elmo's Fire (1985),Drama|Romance,1985,st elmo s fire,year_1985 decade_1980s,Drama Drama Drama Romance Romance Romance,,st elmo s fire year_1985 decade_1980s Drama Drama Drama Romance Romance Romance
2148,House (1986),Comedy|Fantasy|Horror,1986,house,year_1986 decade_1980s,Comedy Comedy Comedy Fantasy Fantasy Fantasy Horror Horror Horror,,house year_1986 decade_1980s Comedy Comedy Comedy Fantasy Fantasy Fantasy Horror Horror Horror
2150,"Gods Must Be Crazy, The (1980)",Adventure|Comedy,1980,gods must be crazy the,year_1980 decade_1980s,Adventure Adventure Adventure Comedy Comedy Comedy,,gods must be crazy the year_1980 decade_1980s Adventure Adventure Adventure Comedy Comedy Comedy
2151,"Gods Must Be Crazy II, The (1989)",Comedy,1989,gods must be crazy ii the,year_1989 decade_1980s,Comedy Comedy Comedy,,gods must be crazy ii the year_1989 decade_1980s Comedy Comedy Comedy
2153,"Avengers, The (1998)",Action|Adventure,1998,avengers the,year_1998 decade_1990s,Action Action Action Adventure Adventure Adventure,,avengers the year_1998 decade_1990s Action Action Action Adventure Adventure Adventure
2155,"Slums of Beverly Hills, The (1998)",Comedy|Drama,1998,slums of beverly hills the,year_1998 decade_1990s,Comedy Comedy Comedy Drama Drama Drama,,slums of beverly hills the year_1998 decade_1990s Comedy Comedy Comedy Drama Drama Drama
2159,Henry: Portrait of a Serial Killer (1986),Crime|Horror|Thriller,1986,henry portrait of a serial killer,year_1986 decade_1980s,Crime Crime Crime Horror Horror Horror Thriller Thriller Thriller,,henry portrait of a serial killer year_1986 decade_1980s Crime Crime Crime Horror Horror Horror Thriller Thriller Thriller
2160,Rosemary's Baby (1968),Drama|Horror|Thriller,1968,rosemary s baby,year_1968 decade_1960s,Drama Drama Drama Horror Horror Horror Thriller Thriller Thriller,demons scary paranoia atmospheric suspense creepy,rosemary s baby year_1968 decade_1960s Drama Drama Drama Horror Horror Horror Thriller Thriller Thriller demons scary paranoia atmospheric suspense creepy
2161,"NeverEnding Story, The (1984)",Adventure|Children|Fantasy,1984,neverending story the,year_1984 decade_1980s,Adventure Adventure Adventure Children Children Children Fantasy Fantasy Fantasy,,neverending story the year_1984 decade_1980s Adventure Adventure Adventure Children Children Children Fantasy Fantasy Fantasy
2162,"NeverEnding Story II: The Next Chapter, The (1990)",Adventure|Children|Fantasy,1990,neverending story ii the next chapter the,year_1990 decade_1990s,Adventure Adventure Adventure Children Children Children Fantasy Fantasy Fantasy,,neverending story ii the next chapter the year_1990 decade_1990s Adventure Adventure Adventure Children Children Children Fantasy Fantasy Fantasy
2163,Attack of the Killer Tomatoes! (1978),Comedy|Horror,1978,attack of the killer tomatoes,year_1978 decade_1970s,Comedy Comedy Comedy Horror Horror Horror,,attack of the killer tomatoes year_1978 decade_1970s Comedy Comedy Comedy Horror Horror Horror
2167,Blade (1998),Action|Horror|Thriller,1998,blade,year_1998 decade_1990s,Action Action Action Horror Horror Horror Thriller Thriller Thriller,vampires,blade year_1998 decade_1990s Action Action Action Horror Horror Horror Thriller Thriller Thriller vampires
2169,Dead Man on Campus (1998),Comedy,1998,dead man on campus,year_1998 decade_1990s,Comedy Comedy Comedy,,dead man on campus year_1998 decade_1990s Comedy Comedy Comedy
2170,Wrongfully Accused (1998),Action|Comedy,1998,wrongfully accused,year_1998 decade_1990s,Action Action Action Comedy Comedy Comedy,,wrongfully accused year_1998 decade_1990s Action Action Action Comedy Comedy Comedy
2171,Next Stop Wonderland (1998),Comedy|Drama|Romance,1998,next stop wonderland,year_1998 decade_1990s,Comedy Comedy Comedy Drama Drama Drama Romance Romance Romance,,next stop wonderland year_1998 decade_1990s Comedy Comedy Comedy Drama Drama Drama Romance Romance Romance
2174,Beetlejuice (1988),Comedy|Fantasy,1988,beetlejuice,year_1988 decade_1980s,Comedy Comedy Comedy Fantasy Fantasy Fantasy,,beetlejuice year_1988 decade_1980s Comedy Comedy Comedy Fantasy Fantasy Fantasy
2176,Rope (1948),Crime|Drama|Thriller,1948,rope,year_1948 decade_1940s,Crime Crime Crime Drama Drama Drama Thriller Thriller Thriller,,rope year_1948 decade_1940s Crime Crime Crime Drama Drama Drama Thriller Thriller Thriller
2183,"Man Who Knew Too Much, The (1956)",Adventure|Drama|Mystery|Thriller,1956,man who knew too much the,year_1956 decade_1950s,Adventure Adventure Adventure Drama Drama Drama Mystery Mystery Mystery Thriller Thriller Thriller,,man who knew too much the year_1956 decade_1950s Adventure Adventure Adventure Drama Drama Drama Mystery Mystery Mystery Thriller Thriller Thriller
2184,"Trouble with Harry, The (1955)",Comedy|Mystery,1955,trouble with harry the,year_1955 decade_1950s,Comedy Comedy Comedy Mystery Mystery Mystery,,trouble with harry the year_1955 decade_1950s Comedy Comedy Comedy Mystery Mystery Mystery
2186,Strangers on a Train (1951),Crime|Drama|Film-Noir|Thriller,1951,strangers on a train,year_1951 decade_1950s,Crime Crime Crime Drama Drama Drama FilmNoir FilmNoir FilmNoir Thriller Thriller Thriller,murder,strangers on a train year_1951 decade_1950s Crime Crime Crime Drama Drama Drama FilmNoir FilmNoir FilmNoir Thriller Thriller Thriller murder
2188,54 (1998),Drama,1998,54,year_1998 decade_1990s,Drama Drama Drama,,54 year_1998 decade_1990s Drama Drama Drama
2193,Willow (1988),Action|Adventure|Fantasy,1988,willow,year_1988 decade_1980s,Action Action Action Adventure Adventure Adventure Fantasy Fantasy Fantasy,,willow year_1988 decade_1980s Action Action Action Adventure Adventure Adventure Fantasy Fantasy Fantasy
2194,"Untouchables, The (1987)",Action|Crime|Drama,1987,untouchables the,year_1987 decade_1980s,Action Action Action Crime Crime Crime Drama Drama Drama,gangsters,untouchables the year_1987 decade_1980s Action Action Action Crime Crime Crime Drama Drama Drama gangsters
2195,Dirty Work (1998),Comedy,1998,dirty work,year_1998 decade_1990s,Comedy Comedy Comedy,,dirty work year_1998 decade_1990s Comedy Comedy Comedy
2202,Lifeboat (1944),Drama|War,1944,lifeboat,year_1944 decade_1940s,Drama Drama Drama War War War,survival,lifeboat year_1944 decade_1940s Drama Drama Drama War War War survival
2203,Shadow of a Doubt (1943),Crime|Drama|Thriller,1943,shadow of a doubt,year_1943 decade_1940s,Crime Crime Crime Drama Drama Drama Thriller Thriller Thriller,,shadow of a doubt year_1943 decade_1940s Crime Crime Crime Drama Drama Drama Thriller Thriller Thriller
2206,Suspicion (1941),Film-Noir|Mystery|Thriller,1941,suspicion,year_1941 decade_1940s,FilmNoir FilmNoir FilmNoir Mystery Mystery Mystery Thriller Thriller Thriller,paranoia,suspicion year_1941 decade_1940s FilmNoir FilmNoir FilmNoir Mystery Mystery Mystery Thriller Thriller Thriller paranoia
2208,"Lady Vanishes, The (1938)",Drama|Mystery|Thriller,1938,lady vanishes the,year_1938 decade_1930s,Drama Drama Drama Mystery Mystery Mystery Thriller Thriller Thriller,train,lady vanishes the year_1938 decade_1930s Drama Drama Drama Mystery Mystery Mystery Thriller Thriller Thriller train
2231,Rounders (1998),Drama,1998,rounders,year_1998 decade_1990s,Drama Drama Drama,,rounders year_1998 decade_1990s Drama Drama Drama
2232,Cube (1997),Horror|Mystery|Sci-Fi|Thriller,1997,cube,year_1997 decade_1990s,Horror Horror Horror Mystery Mystery Mystery SciFi SciFi SciFi Thriller Thriller Thriller,,cube year_1997 decade_1990s Horror Horror Horror Mystery Mystery Mystery SciFi SciFi SciFi Thriller Thriller Thriller
2236,Simon Birch (1998),Drama,1998,simon birch,year_1998 decade_1990s,Drama Drama Drama,,simon birch year_1998 decade_1990s Drama Drama Drama
2239,Swept Away (Travolti da un insolito destino nell'azzurro mare d'Agosto) (1975),Comedy|Drama,1975,swept away travolti da un insolito destino nell azzurro mare d agosto,year_1975 decade_1970s,Comedy Comedy Comedy Drama Drama Drama,,swept away travolti da un insolito destino nell azzurro mare d agosto year_1975 decade_1970s Comedy Comedy Comedy Drama Drama Drama
2240,My Bodyguard (1980),Drama,1980,my bodyguard,year_1980 decade_1980s,Drama Drama Drama,,my bodyguard year_1980 decade_1980s Drama Drama Drama
2243,Broadcast News (1987),Comedy|Drama|Romance,1987,broadcast news,year_1987 decade_1980s,Comedy Comedy Comedy Drama Drama Drama Romance Romance Romance,journalism,broadcast news year_1987 decade_1980s Comedy Comedy Comedy Drama Drama Drama Romance Romance Romance journalism
2245,Working Girl (1988),Comedy|Drama|Romance,1988,working girl,year_1988 decade_1980s,Comedy Comedy Comedy Drama Drama Drama Romance Romance Romance,,working girl year_1988 decade_1980s Comedy Comedy Comedy Drama Drama Drama Romance Romance Romance
2247,Married to the Mob (1988),Comedy,1988,married to the mob,year_1988 decade_1980s,Comedy Comedy Comedy,mafia,married to the mob year_1988 decade_1980s Comedy Comedy Comedy mafia
2248,Say Anything... (1989),Comedy|Drama|Romance,1989,say anything,year_1989 decade_1980s,Comedy Comedy Comedy Drama Drama Drama Romance Romance Romance,,say anything year_1989 decade_1980s Comedy Comedy Comedy Drama Drama Drama Romance Romance Romance
2249,My Blue Heaven (1990),Comedy,1990,my blue heaven,year_1990 decade_1990s,Comedy Comedy Comedy,mafia,my blue heaven year_1990 decade_1990s Comedy Comedy Comedy mafia
2252,Hero (1992),Comedy|Drama,1992,hero,year_1992 decade_1990s,Comedy Comedy Comedy Drama Drama Drama,,hero year_1992 decade_1990s Comedy Comedy Comedy Drama Drama Drama
2253,Toys (1992),Comedy|Fantasy,1992,toys,year_1992 decade_1990s,Comedy Comedy Comedy Fantasy Fantasy Fantasy,,toys year_1992 decade_1990s Comedy Comedy Comedy Fantasy Fantasy Fantasy
2259,Blame It on Rio (1984),Comedy|Romance,1984,blame it on rio,year_1984 decade_1980s,Comedy Comedy Comedy Romance Romance Romance,,blame it on rio year_1984 decade_1980s Comedy Comedy Comedy Romance Romance Romance
2261,One Crazy Summer (1986),Comedy,1986,one crazy summer,year_1986 decade_1980s,Comedy Comedy Comedy,,one crazy summer year_1986 decade_1980s Comedy Comedy Comedy
2262,About Last Night... (1986),Comedy|Drama|Romance,1986,about last night,year_1986 decade_1980s,Comedy Comedy Comedy Drama Drama Drama Romance Romance Romance,,about last night year_1986 decade_1980s Comedy Comedy Comedy Drama Drama Drama Romance Romance Romance
2263,"Seventh Sign, The (1988)",Drama|Fantasy|Thriller,1988,seventh sign the,year_1988 decade_1980s,Drama Drama Drama Fantasy Fantasy Fantasy Thriller Thriller Thriller,,seventh sign the year_1988 decade_1980s Drama Drama Drama Fantasy Fantasy Fantasy Thriller Thriller Thriller
2266,"Butcher's Wife, The (1991)",Comedy|Romance,1991,butcher s wife the,year_1991 decade_1990s,Comedy Comedy Comedy Romance Romance Romance,,butcher s wife the year_1991 decade_1990s Comedy Comedy Comedy Romance Romance Romance
2268,"Few Good Men, A (1992)",Crime|Drama|Thriller,1992,few good men a,year_1992 decade_1990s,Crime Crime Crime Drama Drama Drama Thriller Thriller Thriller,court military,few good men a year_1992 decade_1990s Crime Crime Crime Drama Drama Drama Thriller Thriller Thriller court military
2269,Indecent Proposal (1993),Drama|Romance,1993,indecent proposal,year_1993 decade_1990s,Drama Drama Drama Romance Romance Romance,,indecent proposal year_1993 decade_1990s Drama Drama Drama Romance Romance Romance
2273,Rush Hour (1998),Action|Comedy|Crime|Thriller,1998,rush hour,year_1998 decade_1990s,Action Action Action Comedy Comedy Comedy Crime Crime Crime Thriller Thriller Thriller,,rush hour year_1998 decade_1990s Action Action Action Comedy Comedy Comedy Crime Crime Crime Thriller Thriller Thriller
2275,Six-String Samurai (1998),Action|Adventure|Sci-Fi,1998,six string samurai,year_1998 decade_1990s,Action Action Action Adventure Adventure Adventure SciFi SciFi SciFi,,six string samurai year_1998 decade_1990s Action Action Action Adventure Adventure Adventure SciFi SciFi SciFi
2278,Ronin (1998),Action|Crime|Thriller,1998,ronin,year_1998 decade_1990s,Action Action Action Crime Crime Crime Thriller Thriller Thriller,,ronin year_1998 decade_1990s Action Action Action Crime Crime Crime Thriller Thriller Thriller
2279,Urban Legend (1998),Horror|Thriller,1998,urban legend,year_1998 decade_1990s,Horror Horror Horror Thriller Thriller Thriller,,urban legend year_1998 decade_1990s Horror Horror Horror Thriller Thriller Thriller
2282,Pecker (1998),Comedy|Drama,1998,pecker,year_1998 decade_1990s,Comedy Comedy Comedy Drama Drama Drama,,pecker year_1998 decade_1990s Comedy Comedy Comedy Drama Drama Drama
2287,Them! (1954),Horror|Sci-Fi|Thriller,1954,them,year_1954 decade_1950s,Horror Horror Horror SciFi SciFi SciFi Thriller Thriller Thriller,,them year_1954 decade_1950s Horror Horror Horror SciFi SciFi SciFi Thriller Thriller Thriller
2288,"Thing, The (1982)",Action|Horror|Sci-Fi|Thriller,1982,thing the,year_1982 decade_1980s,Action Action Action Horror Horror Horror SciFi SciFi SciFi Thriller Thriller Thriller,,thing the year_1982 decade_1980s Action Action Action Horror Horror Horror SciFi SciFi SciFi Thriller Thriller Thriller
2289,"Player, The (1992)",Comedy|Crime|Drama,1992,player the,year_1992 decade_1990s,Comedy Comedy Comedy Crime Crime Crime Drama Drama Drama,,player the year_1992 decade_1990s Comedy Comedy Comedy Crime Crime Crime Drama Drama Drama
2290,Stardust Memories (1980),Comedy|Drama,1980,stardust memories,year_1980 decade_1980s,Comedy Comedy Comedy Drama Drama Drama,,stardust memories year_1980 decade_1980s Comedy Comedy Comedy Drama Drama Drama
2291,Edward Scissorhands (1990),Drama|Fantasy|Romance,1990,edward scissorhands,year_1990 decade_1990s,Drama Drama Drama Fantasy Fantasy Fantasy Romance Romance Romance,freaks,edward scissorhands year_1990 decade_1990s Drama Drama Drama Fantasy Fantasy Fantasy Romance Romance Romance freaks
2294,Antz (1998),Adventure|Animation|Children|Comedy|Fantasy,1998,antz,year_1998 decade_1990s,Adventure Adventure Adventure Animation Animation Animation Children Children Children Comedy Comedy Comedy Fantasy Fantasy Fantasy,,antz year_1998 decade_1990s Adventure Adventure Adventure Animation Animation Animation Children Children Children Comedy Comedy Comedy Fantasy Fantasy Fantasy
2296,"Night at the Roxbury, A (1998)",Comedy,1998,night at the roxbury a,year_1998 decade_1990s,Comedy Comedy Comedy,,night at the roxbury a year_1998 decade_1990s Comedy Comedy Comedy
2297,What Dreams May Come (1998),Adventure|Drama|Fantasy|Romance,1998,what dreams may come,year_1998 decade_1990s,Adventure Adventure Adventure Drama Drama Drama Fantasy Fantasy Fantasy Romance Romance Romance,,what dreams may come year_1998 decade_1990s Adventure Adventure Adventure Drama Drama Drama Fantasy Fantasy Fantasy Romance Romance Romance
2300,"Producers, The (1968)",Comedy,1968,producers the,year_1968 decade_1960s,Comedy Comedy Comedy,,producers the year_1968 decade_1960s Comedy Comedy Comedy
2301,History of the World: Part I (1981),Comedy|Musical,1981,history of the world part i,year_1981 decade_1980s,Comedy Comedy Comedy Musical Musical Musical,,history of the world part i year_1981 decade_1980s Comedy Comedy Comedy Musical Musical Musical
2302,My Cousin Vinny (1992),Comedy,1992,my cousin vinny,year_1992 decade_1990s,Comedy Comedy Comedy,court,my cousin vinny year_1992 decade_1990s Comedy Comedy Comedy court
2303,Nashville (1975),Drama|Musical,1975,nashville,year_1975 decade_1970s,Drama Drama Drama Musical Musical Musical,,nashville year_1975 decade_1970s Drama Drama Drama Musical Musical Musical
2306,Holy Man (1998),Comedy,1998,holy man,year_1998 decade_1990s,Comedy Comedy Comedy,,holy man year_1998 decade_1990s Comedy Comedy Comedy
2311,2010: The Year We Make Contact (1984),Sci-Fi,1984,2010 the year we make contact,year_1984 decade_1980s,SciFi SciFi SciFi,,2010 the year we make contact year_1984 decade_1980s SciFi SciFi SciFi
2312,Children of a Lesser God (1986),Drama,1986,children of a lesser god,year_1986 decade_1980s,Drama Drama Drama,death penalty,children of a lesser god year_1986 decade_1980s Drama Drama Drama death penalty
2313,"Elephant Man, The (1980)",Drama,1980,elephant man the,year_1980 decade_1980s,Drama Drama Drama,freaks,elephant man the year_1980 decade_1980s Drama Drama Drama freaks
2315,Bride of Chucky (Child's Play 4) (1998),Comedy|Horror|Thriller,1998,bride of chucky child s play 4,year_1998 decade_1990s,Comedy Comedy Comedy Horror Horror Horror Thriller Thriller Thriller,,bride of chucky child s play 4 year_1998 decade_1990s Comedy Comedy Comedy Horror Horror Horror Thriller Thriller Thriller
2316,Practical Magic (1998),Drama|Fantasy|Mystery|Romance,1998,practical magic,year_1998 decade_1990s,Drama Drama Drama Fantasy Fantasy Fantasy Mystery Mystery Mystery Romance Romance Romance,,practical magic year_1998 decade_1990s Drama Drama Drama Fantasy Fantasy Fantasy Mystery Mystery Mystery Romance Romance Romance
2318,Happiness (1998),Comedy|Drama,1998,happiness,year_1998 decade_1990s,Comedy Comedy Comedy Drama Drama Drama,,happiness year_1998 decade_1990s Comedy Comedy Comedy Drama Drama Drama
2320,Apt Pupil (1998),Drama|Thriller,1998,apt pupil,year_1998 decade_1990s,Drama Drama Drama Thriller Thriller Thriller,,apt pupil year_1998 decade_1990s Drama Drama Drama Thriller Thriller Thriller
2321,Pleasantville (1998),Comedy|Drama|Fantasy,1998,pleasantville,year_1998 decade_1990s,Comedy Comedy Comedy Drama Drama Drama Fantasy Fantasy Fantasy,,pleasantville year_1998 decade_1990s Comedy Comedy Comedy Drama Drama Drama Fantasy Fantasy Fantasy
2322,Soldier (1998),Action|Sci-Fi|War,1998,soldier,year_1998 decade_1990s,Action Action Action SciFi SciFi SciFi War War War,,soldier year_1998 decade_1990s Action Action Action SciFi SciFi SciFi War War War
2324,Life Is Beautiful (La Vita è bella) (1997),Comedy|Drama|Romance|War,1997,life is beautiful la vita bella,year_1997 decade_1990s,Comedy Comedy Comedy Drama Drama Drama Romance Romance Romance War War War,holocaust bittersweet emotional sentimental heartwarming tear jerker poignant,life is beautiful la vita bella year_1997 decade_1990s Comedy Comedy Comedy Drama Drama Drama Romance Romance Romance War War War holocaust bittersweet emotional sentimental heartwarming tear jerker poignant
2325,Orgazmo (1997),Comedy,1997,orgazmo,year_1997 decade_1990s,Comedy Comedy Comedy,,orgazmo year_1997 decade_1990s Comedy Comedy Comedy
2328,Vampires (1998),Horror|Western,1998,vampires,year_1998 decade_1990s,Horror Horror Horror Western Western Western,,vampires year_1998 decade_1990s Horror Horror Horror Western Western Western
2329,American History X (1998),Crime|Drama,1998,american history x,year_1998 decade_1990s,Crime Crime Crime Drama Drama Drama,racism edward norton emotional politics thought provoking,american history x year_1998 decade_1990s Crime Crime Crime Drama Drama Drama racism edward norton emotional politics thought provoking
2334,"Siege, The (1998)",Action|Thriller,1998,siege the,year_1998 decade_1990s,Action Action Action Thriller Thriller Thriller,terrorism,siege the year_1998 decade_1990s Action Action Action Thriller Thriller Thriller terrorism
2335,"Waterboy, The (1998)",Comedy,1998,waterboy the,year_1998 decade_1990s,Comedy Comedy Comedy,football,waterboy the year_1998 decade_1990s Comedy Comedy Comedy football
2336,Elizabeth (1998),Drama,1998,elizabeth,year_1998 decade_1990s,Drama Drama Drama,england,elizabeth year_1998 decade_1990s Drama Drama Drama england
2338,I Still Know What You Did Last Summer (1998),Horror|Mystery|Thriller,1998,i still know what you did last summer,year_1998 decade_1990s,Horror Horror Horror Mystery Mystery Mystery Thriller Thriller Thriller,,i still know what you did last summer year_1998 decade_1990s Horror Horror Horror Mystery Mystery Mystery Thriller Thriller Thriller
2340,Meet Joe Black (1998),Romance,1998,meet joe black,year_1998 decade_1990s,Romance Romance Romance,,meet joe black year_1998 decade_1990s Romance Romance Romance
2344,Runaway Train (1985),Action|Adventure|Drama|Thriller,1985,runaway train,year_1985 decade_1980s,Action Action Action Adventure Adventure Adventure Drama Drama Drama Thriller Thriller Thriller,,runaway train year_1985 decade_1980s Action Action Action Adventure Adventure Adventure Drama Drama Drama Thriller Thriller Thriller
2346,"Stepford Wives, The (1975)",Mystery|Sci-Fi|Thriller,1975,stepford wives the,year_1975 decade_1970s,Mystery Mystery Mystery SciFi SciFi SciFi Thriller Thriller Thriller,,stepford wives the year_1975 decade_1970s Mystery Mystery Mystery SciFi SciFi SciFi Thriller Thriller Thriller
2348,Sid and Nancy (1986),Drama,1986,sid and nancy,year_1986 decade_1980s,Drama Drama Drama,,sid and nancy year_1986 decade_1980s Drama Drama Drama
2349,Mona Lisa (1986),Comedy|Thriller,1986,mona lisa,year_1986 decade_1980s,Comedy Comedy Comedy Thriller Thriller Thriller,,mona lisa year_1986 decade_1980s Comedy Comedy Comedy Thriller Thriller Thriller
2351,"Nights of Cabiria (Notti di Cabiria, Le) (1957)",Drama,1957,nights of cabiria notti di cabiria le,year_1957 decade_1950s,Drama Drama Drama,,nights of cabiria notti di cabiria le year_1957 decade_1950s Drama Drama Drama
2352,"Big Chill, The (1983)",Comedy|Drama,1983,big chill the,year_1983 decade_1980s,Comedy Comedy Comedy Drama Drama Drama,,big chill the year_1983 decade_1980s Comedy Comedy Comedy Drama Drama Drama
2353,Enemy of the State (1998),Action|Thriller,1998,enemy of the state,year_1998 decade_1990s,Action Action Action Thriller Thriller Thriller,,enemy of the state year_1998 decade_1990s Action Action Action Thriller Thriller Thriller
2354,"Rugrats Movie, The (1998)",Animation|Children|Comedy,1998,rugrats movie the,year_1998 decade_1990s,Animation Animation Animation Children Children Children Comedy Comedy Comedy,,rugrats movie the year_1998 decade_1990s Animation Animation Animation Children Children Children Comedy Comedy Comedy
2355,"Bug's Life, A (1998)",Adventure|Animation|Children|Comedy,1998,bug s life a,year_1998 decade_1990s,Adventure Adventure Adventure Animation Animation Animation Children Children Children Comedy Comedy Comedy,pixar,bug s life a year_1998 decade_1990s Adventure Adventure Adventure Animation Animation Animation Children Children Children Comedy Comedy Comedy pixar
2356,Celebrity (1998),Comedy,1998,celebrity,year_1998 decade_1990s,Comedy Comedy Comedy,,celebrity year_1998 decade_1990s Comedy Comedy Comedy
2357,Central Station (Central do Brasil) (1998),Drama,1998,central station central do brasil,year_1998 decade_1990s,Drama Drama Drama,,central station central do brasil year_1998 decade_1990s Drama Drama Drama
2359,Waking Ned Devine (a.k.a. Waking Ned) (1998),Comedy,1998,waking ned devine a k a waking ned,year_1998 decade_1990s,Comedy Comedy Comedy,,waking ned devine a k a waking ned year_1998 decade_1990s Comedy Comedy Comedy
2360,"Celebration, The (Festen) (1998)",Drama,1998,celebration the festen,year_1998 decade_1990s,Drama Drama Drama,,celebration the festen year_1998 decade_1990s Drama Drama Drama
2361,Pink Flamingos (1972),Comedy,1972,pink flamingos,year_1972 decade_1970s,Comedy Comedy Comedy,,pink flamingos year_1972 decade_1970s Comedy Comedy Comedy
2366,King Kong (1933),Action|Adventure|Fantasy|Horror,1933,king kong,year_1933 decade_1930s,Action Action Action Adventure Adventure Adventure Fantasy Fantasy Fantasy Horror Horror Horror,,king kong year_1933 decade_1930s Action Action Action Adventure Adventure Adventure Fantasy Fantasy Fantasy Horror Horror Horror
2367,King Kong (1976),Adventure|Fantasy|Romance|Sci-Fi|Thriller,1976,king kong,year_1976 decade_1970s,Adventure Adventure Adventure Fantasy Fantasy Fantasy Romance Romance Romance SciFi SciFi SciFi Thriller Thriller Thriller,,king kong year_1976 decade_1970s Adventure Adventure Adventure Fantasy Fantasy Fantasy Romance Romance Romance SciFi SciFi SciFi Thriller Thriller Thriller
2369,Desperately Seeking Susan (1985),Comedy|Drama|Romance,1985,desperately seeking susan,year_1985 decade_1980s,Comedy Comedy Comedy Drama Drama Drama Romance Romance Romance,,desperately seeking susan year_1985 decade_1980s Comedy Comedy Comedy Drama Drama Drama Romance Romance Romance
2371,Fletch (1985),Comedy|Crime|Mystery,1985,fletch,year_1985 decade_1980s,Comedy Comedy Comedy Crime Crime Crime Mystery Mystery Mystery,,fletch year_1985 decade_1980s Comedy Comedy Comedy Crime Crime Crime Mystery Mystery Mystery
2372,Fletch Lives (1989),Comedy,1989,fletch lives,year_1989 decade_1980s,Comedy Comedy Comedy,,fletch lives year_1989 decade_1980s Comedy Comedy Comedy
2373,Red Sonja (1985),Action|Adventure|Fantasy,1985,red sonja,year_1985 decade_1980s,Action Action Action Adventure Adventure Adventure Fantasy Fantasy Fantasy,,red sonja year_1985 decade_1980s Action Action Action Adventure Adventure Adventure Fantasy Fantasy Fantasy
2374,Gung Ho (1986),Comedy|Drama,1986,gung ho,year_1986 decade_1980s,Comedy Comedy Comedy Drama Drama Drama,,gung ho year_1986 decade_1980s Comedy Comedy Comedy Drama Drama Drama
2375,"Money Pit, The (1986)",Comedy,1986,money pit the,year_1986 decade_1980s,Comedy Comedy Comedy,,money pit the year_1986 decade_1980s Comedy Comedy Comedy
2376,"View to a Kill, A (1985)",Action|Adventure|Thriller,1985,view to a kill a,year_1985 decade_1980s,Action Action Action Adventure Adventure Adventure Thriller Thriller Thriller,,view to a kill a year_1985 decade_1980s Action Action Action Adventure Adventure Adventure Thriller Thriller Thriller
2377,Lifeforce (1985),Horror|Sci-Fi,1985,lifeforce,year_1985 decade_1980s,Horror Horror Horror SciFi SciFi SciFi,,lifeforce year_1985 decade_1980s Horror Horror Horror SciFi SciFi SciFi
2378,Police Academy (1984),Comedy|Crime,1984,police academy,year_1984 decade_1980s,Comedy Comedy Comedy Crime Crime Crime,,police academy year_1984 decade_1980s Comedy Comedy Comedy Crime Crime Crime
2379,Police Academy 2: Their First Assignment (1985),Comedy|Crime,1985,police academy 2 their first assignment,year_1985 decade_1980s,Comedy Comedy Comedy Crime Crime Crime,,police academy 2 their first assignment year_1985 decade_1980s Comedy Comedy Comedy Crime Crime Crime
2380,Police Academy 3: Back in Training (1986),Comedy|Crime,1986,police academy 3 back in training,year_1986 decade_1980s,Comedy Comedy Comedy Crime Crime Crime,,police academy 3 back in training year_1986 decade_1980s Comedy Comedy Comedy Crime Crime Crime
2381,Police Academy 4: Citizens on Patrol (1987),Comedy|Crime,1987,police academy 4 citizens on patrol,year_1987 decade_1980s,Comedy Comedy Comedy Crime Crime Crime,,police academy 4 citizens on patrol year_1987 decade_1980s Comedy Comedy Comedy Crime Crime Crime
2382,Police Academy 5: Assignment: Miami Beach (1988),Comedy|Crime,1988,police academy 5 assignment miami beach,year_1988 decade_1980s,Comedy Comedy Comedy Crime Crime Crime,,police academy 5 assignment miami beach year_1988 decade_1980s Comedy Comedy Comedy Crime Crime Crime
2384,Babe: Pig in the City (1998),Adventure|Children|Drama,1998,babe pig in the city,year_1998 decade_1990s,Adventure Adventure Adventure Children Children Children Drama Drama Drama,,babe pig in the city year_1998 decade_1990s Adventure Adventure Adventure Children Children Children Drama Drama Drama
2387,Very Bad Things (1998),Comedy|Crime,1998,very bad things,year_1998 decade_1990s,Comedy Comedy Comedy Crime Crime Crime,dark humor dark comedy,very bad things year_1998 decade_1990s Comedy Comedy Comedy Crime Crime Crime dark humor dark comedy
2389,Psycho (1998),Crime|Horror|Thriller,1998,psycho,year_1998 decade_1990s,Crime Crime Crime Horror Horror Horror Thriller Thriller Thriller,,psycho year_1998 decade_1990s Crime Crime Crime Horror Horror Horror Thriller Thriller Thriller
2390,Little Voice (1998),Comedy,1998,little voice,year_1998 decade_1990s,Comedy Comedy Comedy,,little voice year_1998 decade_1990s Comedy Comedy Comedy
2391,"Simple Plan, A (1998)",Crime|Drama|Thriller,1998,simple plan a,year_1998 decade_1990s,Crime Crime Crime Drama Drama Drama Thriller Thriller Thriller,heist,simple plan a year_1998 decade_1990s Crime Crime Crime Drama Drama Drama Thriller Thriller Thriller heist
2392,Jack Frost (1998),Children|Comedy|Drama,1998,jack frost,year_1998 decade_1990s,Children Children Children Comedy Comedy Comedy Drama Drama Drama,,jack frost year_1998 decade_1990s Children Children Children Comedy Comedy Comedy Drama Drama Drama
2393,Star Trek: Insurrection (1998),Action|Drama|Romance|Sci-Fi,1998,star trek insurrection,year_1998 decade_1990s,Action Action Action Drama Drama Drama Romance Romance Romance SciFi SciFi SciFi,space opera,star trek insurrection year_1998 decade_1990s Action Action Action Drama Drama Drama Romance Romance Romance SciFi SciFi SciFi space opera
2394,"Prince of Egypt, The (1998)",Animation|Musical,1998,prince of egypt the,year_1998 decade_1990s,Animation Animation Animation Musical Musical Musical,bible,prince of egypt the year_1998 decade_1990s Animation Animation Animation Musical Musical Musical bible
2395,Rushmore (1998),Comedy|Drama,1998,rushmore,year_1998 decade_1990s,Comedy Comedy Comedy Drama Drama Drama,,rushmore year_1998 decade_1990s Comedy Comedy Comedy Drama Drama Drama
2396,Shakespeare in Love (1998),Comedy|Drama|Romance,1998,shakespeare in love,year_1998 decade_1990s,Comedy Comedy Comedy Drama Drama Drama Romance Romance Romance,england,shakespeare in love year_1998 decade_1990s Comedy Comedy Comedy Drama Drama Drama Romance Romance Romance england
2398,Miracle on 34th Street (1947),Comedy|Drama,1947,miracle on 34th street,year_1947 decade_1940s,Comedy Comedy Comedy Drama Drama Drama,,miracle on 34th street year_1947 decade_1940s Comedy Comedy Comedy Drama Drama Drama
2401,Pale Rider (1985),Western,1985,pale rider,year_1985 decade_1980s,Western Western Western,,pale rider year_1985 decade_1980s Western Western Western
2402,Rambo: First Blood Part II (1985),Action|Adventure|Thriller,1985,rambo first blood part ii,year_1985 decade_1980s,Action Action Action Adventure Adventure Adventure Thriller Thriller Thriller,,rambo first blood part ii year_1985 decade_1980s Action Action Action Adventure Adventure Adventure Thriller Thriller Thriller
2403,First Blood (Rambo: First Blood) (1982),Action|Adventure|Drama|Thriller,1982,first blood rambo first blood,year_1982 decade_1980s,Action Action Action Adventure Adventure Adventure Drama Drama Drama Thriller Thriller Thriller,,first blood rambo first blood year_1982 decade_1980s Action Action Action Adventure Adventure Adventure Drama Drama Drama Thriller Thriller Thriller
2404,Rambo III (1988),Action|Adventure|Thriller|War,1988,rambo iii,year_1988 decade_1980s,Action Action Action Adventure Adventure Adventure Thriller Thriller Thriller War War War,,rambo iii year_1988 decade_1980s Action Action Action Adventure Adventure Adventure Thriller Thriller Thriller War War War
2405,"Jewel of the Nile, The (1985)",Action|Adventure|Comedy|Romance,1985,jewel of the nile the,year_1985 decade_1980s,Action Action Action Adventure Adventure Adventure Comedy Comedy Comedy Romance Romance Romance,,jewel of the nile the year_1985 decade_1980s Action Action Action Adventure Adventure Adventure Comedy Comedy Comedy Romance Romance Romance
2406,Romancing the Stone (1984),Action|Adventure|Comedy|Romance,1984,romancing the stone,year_1984 decade_1980s,Action Action Action Adventure Adventure Adventure Comedy Comedy Comedy Romance Romance Romance,,romancing the stone year_1984 decade_1980s Action Action Action Adventure Adventure Adventure Comedy Comedy Comedy Romance Romance Romance
2407,Cocoon (1985),Comedy|Sci-Fi,1985,cocoon,year_1985 decade_1980s,Comedy Comedy Comedy SciFi SciFi SciFi,,cocoon year_1985 decade_1980s Comedy Comedy Comedy SciFi SciFi SciFi
2408,Cocoon: The Return (1988),Comedy|Sci-Fi,1988,cocoon the return,year_1988 decade_1980s,Comedy Comedy Comedy SciFi SciFi SciFi,,cocoon the return year_1988 decade_1980s Comedy Comedy Comedy SciFi SciFi SciFi
2409,Rocky II (1979),Action|Drama,1979,rocky ii,year_1979 decade_1970s,Action Action Action Drama Drama Drama,,rocky ii year_1979 decade_1970s Action Action Action Drama Drama Drama
2410,Rocky III (1982),Action|Drama,1982,rocky iii,year_1982 decade_1980s,Action Action Action Drama Drama Drama,boxing,rocky iii year_1982 decade_1980s Action Action Action Drama Drama Drama boxing
2411,Rocky IV (1985),Action|Drama,1985,rocky iv,year_1985 decade_1980s,Action Action Action Drama Drama Drama,boxing,rocky iv year_1985 decade_1980s Action Action Action Drama Drama Drama boxing
2412,Rocky V (1990),Action|Drama,1990,rocky v,year_1990 decade_1990s,Action Action Action Drama Drama Drama,boxing,rocky v year_1990 decade_1990s Action Action Action Drama Drama Drama boxing
2413,Clue (1985),Comedy|Crime|Mystery|Thriller,1985,clue,year_1985 decade_1980s,Comedy Comedy Comedy Crime Crime Crime Mystery Mystery Mystery Thriller Thriller Thriller,,clue year_1985 decade_1980s Comedy Comedy Comedy Crime Crime Crime Mystery Mystery Mystery Thriller Thriller Thriller
2414,Young Sherlock Holmes (1985),Action|Adventure|Children|Fantasy|Mystery|Thriller,1985,young sherlock holmes,year_1985 decade_1980s,Action Action Action Adventure Adventure Adventure Children Children Children Fantasy Fantasy Fantasy Mystery Mystery Mystery Thriller Thriller Thriller,,young sherlock holmes year_1985 decade_1980s Action Action Action Adventure Adventure Adventure Children Children Children Fantasy Fantasy Fantasy Mystery Mystery Mystery Thriller Thriller Thriller
2416,Back to School (1986),Comedy,1986,back to school,year_1986 decade_1980s,Comedy Comedy Comedy,,back to school year_1986 decade_1980s Comedy Comedy Comedy
2418,Nothing in Common (1986),Comedy,1986,nothing in common,year_1986 decade_1980s,Comedy Comedy Comedy,,nothing in common year_1986 decade_1980s Comedy Comedy Comedy
2420,"Karate Kid, The (1984)",Drama,1984,karate kid the,year_1984 decade_1980s,Drama Drama Drama,martial arts,karate kid the year_1984 decade_1980s Drama Drama Drama martial arts
2421,"Karate Kid, Part II, The (1986)",Action|Adventure|Drama,1986,karate kid part ii the,year_1986 decade_1980s,Action Action Action Adventure Adventure Adventure Drama Drama Drama,martial arts,karate kid part ii the year_1986 decade_1980s Action Action Action Adventure Adventure Adventure Drama Drama Drama martial arts
2422,"Karate Kid, Part III, The (1989)",Action|Adventure|Children|Drama,1989,karate kid part iii the,year_1989 decade_1980s,Action Action Action Adventure Adventure Adventure Children Children Children Drama Drama Drama,martial arts,karate kid part iii the year_1989 decade_1980s Action Action Action Adventure Adventure Adventure Children Children Children Drama Drama Drama martial arts
2423,Christmas Vacation (National Lampoon's Christmas Vacation) (1989),Comedy,1989,christmas vacation national lampoon s christmas vacation,year_1989 decade_1980s,Comedy Comedy Comedy,christmas,christmas vacation national lampoon s christmas vacation year_1989 decade_1980s Comedy Comedy Comedy christmas
2424,You've Got Mail (1998),Comedy|Romance,1998,you ve got mail,year_1998 decade_1990s,Comedy Comedy Comedy Romance Romance Romance,remake,you ve got mail year_1998 decade_1990s Comedy Comedy Comedy Romance Romance Romance remake
2427,"Thin Red Line, The (1998)",Action|Drama|War,1998,thin red line the,year_1998 decade_1990s,Action Action Action Drama Drama Drama War War War,,thin red line the year_1998 decade_1990s Action Action Action Drama Drama Drama War War War
2428,"Faculty, The (1998)",Horror|Sci-Fi,1998,faculty the,year_1998 decade_1990s,Horror Horror Horror SciFi SciFi SciFi,,faculty the year_1998 decade_1990s Horror Horror Horror SciFi SciFi SciFi
2429,Mighty Joe Young (1998),Action|Adventure|Drama|Fantasy|Thriller,1998,mighty joe young,year_1998 decade_1990s,Action Action Action Adventure Adventure Adventure Drama Drama Drama Fantasy Fantasy Fantasy Thriller Thriller Thriller,,mighty joe young year_1998 decade_1990s Action Action Action Adventure Adventure Adventure Drama Drama Drama Fantasy Fantasy Fantasy Thriller Thriller Thriller
2430,Mighty Joe Young (1949),Adventure|Children|Drama,1949,mighty joe young,year_1949 decade_1940s,Adventure Adventure Adventure Children Children Children Drama Drama Drama,,mighty joe young year_1949 decade_1940s Adventure Adventure Adventure Children Children Children Drama Drama Drama
2431,Patch Adams (1998),Comedy|Drama,1998,patch adams,year_1998 decade_1990s,Comedy Comedy Comedy Drama Drama Drama,bad,patch adams year_1998 decade_1990s Comedy Comedy Comedy Drama Drama Drama bad
2432,Stepmom (1998),Drama,1998,stepmom,year_1998 decade_1990s,Drama Drama Drama,,stepmom year_1998 decade_1990s Drama Drama Drama
2433,"Civil Action, A (1998)",Drama,1998,civil action a,year_1998 decade_1990s,Drama Drama Drama,,civil action a year_1998 decade_1990s Drama Drama Drama
2436,Tea with Mussolini (1999),Comedy|Drama|War,1999,tea with mussolini,year_1999 decade_1990s,Comedy Comedy Comedy Drama Drama Drama War War War,,tea with mussolini year_1999 decade_1990s Comedy Comedy Comedy Drama Drama Drama War War War
2443,Playing by Heart (1998),Drama|Romance,1998,playing by heart,year_1998 decade_1990s,Drama Drama Drama Romance Romance Romance,,playing by heart year_1998 decade_1990s Drama Drama Drama Romance Romance Romance
2445,At First Sight (1999),Drama,1999,at first sight,year_1999 decade_1990s,Drama Drama Drama,,at first sight year_1999 decade_1990s Drama Drama Drama
2447,Varsity Blues (1999),Comedy|Drama,1999,varsity blues,year_1999 decade_1990s,Comedy Comedy Comedy Drama Drama Drama,,varsity blues year_1999 decade_1990s Comedy Comedy Comedy Drama Drama Drama
2450,Howard the Duck (1986),Adventure|Comedy|Sci-Fi,1986,howard the duck,year_1986 decade_1980s,Adventure Adventure Adventure Comedy Comedy Comedy SciFi SciFi SciFi,,howard the duck year_1986 decade_1980s Adventure Adventure Adventure Comedy Comedy Comedy SciFi SciFi SciFi
2454,"Fly, The (1958)",Horror|Mystery|Sci-Fi,1958,fly the,year_1958 decade_1950s,Horror Horror Horror Mystery Mystery Mystery SciFi SciFi SciFi,,fly the year_1958 decade_1950s Horror Horror Horror Mystery Mystery Mystery SciFi SciFi SciFi
2455,"Fly, The (1986)",Drama|Horror|Sci-Fi|Thriller,1986,fly the,year_1986 decade_1980s,Drama Drama Drama Horror Horror Horror SciFi SciFi SciFi Thriller Thriller Thriller,,fly the year_1986 decade_1980s Drama Drama Drama Horror Horror Horror SciFi SciFi SciFi Thriller Thriller Thriller
2456,"Fly II, The (1989)",Horror|Sci-Fi,1989,fly ii the,year_1989 decade_1980s,Horror Horror Horror SciFi SciFi SciFi,,fly ii the year_1989 decade_1980s Horror Horror Horror SciFi SciFi SciFi
2457,Running Scared (1986),Action|Comedy,1986,running scared,year_1986 decade_1980s,Action Action Action Comedy Comedy Comedy,,running scared year_1986 decade_1980s Action Action Action Comedy Comedy Comedy
2458,Armed and Dangerous (1986),Comedy|Crime,1986,armed and dangerous,year_1986 decade_1980s,Comedy Comedy Comedy Crime Crime Crime,,armed and dangerous year_1986 decade_1980s Comedy Comedy Comedy Crime Crime Crime
2459,"Texas Chainsaw Massacre, The (1974)",Horror,1974,texas chainsaw massacre the,year_1974 decade_1970s,Horror Horror Horror,,texas chainsaw massacre the year_1974 decade_1970s Horror Horror Horror
2463,Ruthless People (1986),Comedy,1986,ruthless people,year_1986 decade_1980s,Comedy Comedy Comedy,kidnapping,ruthless people year_1986 decade_1980s Comedy Comedy Comedy kidnapping
2467,"Name of the Rose, The (Name der Rose, Der) (1986)",Crime|Drama|Mystery|Thriller,1986,name of the rose the name der rose der,year_1986 decade_1980s,Crime Crime Crime Drama Drama Drama Mystery Mystery Mystery Thriller Thriller Thriller,religion,name of the rose the name der rose der year_1986 decade_1980s Crime Crime Crime Drama Drama Drama Mystery Mystery Mystery Thriller Thriller Thriller religion
2468,Jumpin' Jack Flash (1986),Action|Comedy|Romance|Thriller,1986,jumpin jack flash,year_1986 decade_1980s,Action Action Action Comedy Comedy Comedy Romance Romance Romance Thriller Thriller Thriller,,jumpin jack flash year_1986 decade_1980s Action Action Action Comedy Comedy Comedy Romance Romance Romance Thriller Thriller Thriller
2469,Peggy Sue Got Married (1986),Comedy|Drama,1986,peggy sue got married,year_1986 decade_1980s,Comedy Comedy Comedy Drama Drama Drama,,peggy sue got married year_1986 decade_1980s Comedy Comedy Comedy Drama Drama Drama
2470,Crocodile Dundee (1986),Adventure|Comedy,1986,crocodile dundee,year_1986 decade_1980s,Adventure Adventure Adventure Comedy Comedy Comedy,australia,crocodile dundee year_1986 decade_1980s Adventure Adventure Adventure Comedy Comedy Comedy australia
2471,Crocodile Dundee II (1988),Action|Adventure|Comedy,1988,crocodile dundee ii,year_1988 decade_1980s,Action Action Action Adventure Adventure Adventure Comedy Comedy Comedy,australia,crocodile dundee ii year_1988 decade_1980s Action Action Action Adventure Adventure Adventure Comedy Comedy Comedy australia
2473,Soul Man (1986),Comedy,1986,soul man,year_1986 decade_1980s,Comedy Comedy Comedy,,soul man year_1986 decade_1980s Comedy Comedy Comedy
2474,"Color of Money, The (1986)",Drama,1986,color of money the,year_1986 decade_1980s,Drama Drama Drama,,color of money the year_1986 decade_1980s Drama Drama Drama
2476,Heartbreak Ridge (1986),Action|War,1986,heartbreak ridge,year_1986 decade_1980s,Action Action Action War War War,,heartbreak ridge year_1986 decade_1980s Action Action Action War War War
2478,¡Three Amigos! (1986),Comedy|Western,1986,three amigos,year_1986 decade_1980s,Comedy Comedy Comedy Western Western Western,,three amigos year_1986 decade_1980s Comedy Comedy Comedy Western Western Western
2485,She's All That (1999),Comedy|Romance,1999,she s all that,year_1999 decade_1990s,Comedy Comedy Comedy Romance Romance Romance,,she s all that year_1999 decade_1990s Comedy Comedy Comedy Romance Romance Romance
2490,Payback (1999),Action|Thriller,1999,payback,year_1999 decade_1990s,Action Action Action Thriller Thriller Thriller,,payback year_1999 decade_1990s Action Action Action Thriller Thriller Thriller
2491,Simply Irresistible (1999),Comedy|Romance,1999,simply irresistible,year_1999 decade_1990s,Comedy Comedy Comedy Romance Romance Romance,food,simply irresistible year_1999 decade_1990s Comedy Comedy Comedy Romance Romance Romance food
2492,20 Dates (1998),Comedy|Romance,1998,20 dates,year_1998 decade_1990s,Comedy Comedy Comedy Romance Romance Romance,,20 dates year_1998 decade_1990s Comedy Comedy Comedy Romance Romance Romance
2496,Blast from the Past (1999),Comedy|Romance,1999,blast from the past,year_1999 decade_1990s,Comedy Comedy Comedy Romance Romance Romance,,blast from the past year_1999 decade_1990s Comedy Comedy Comedy Romance Romance Romance
2497,Message in a Bottle (1999),Romance,1999,message in a bottle,year_1999 decade_1990s,Romance Romance Romance,,message in a bottle year_1999 decade_1990s Romance Romance Romance
2498,My Favorite Martian (1999),Comedy|Sci-Fi,1999,my favorite martian,year_1999 decade_1990s,Comedy Comedy Comedy SciFi SciFi SciFi,,my favorite martian year_1999 decade_1990s Comedy Comedy Comedy SciFi SciFi SciFi
2500,Jawbreaker (1999),Comedy,1999,jawbreaker,year_1999 decade_1990s,Comedy Comedy Comedy,,jawbreaker year_1999 decade_1990s Comedy Comedy Comedy
2501,October Sky (1999),Drama,1999,october sky,year_1999 decade_1990s,Drama Drama Drama,,october sky year_1999 decade_1990s Drama Drama Drama
2502,Office Space (1999),Comedy|Crime,1999,office space,year_1999 decade_1990s,Comedy Comedy Comedy Crime Crime Crime,,office space year_1999 decade_1990s Comedy Comedy Comedy Crime Crime Crime
2504,200 Cigarettes (1999),Comedy|Drama,1999,200 cigarettes,year_1999 decade_1990s,Comedy Comedy Comedy Drama Drama Drama,,200 cigarettes year_1999 decade_1990s Comedy Comedy Comedy Drama Drama Drama
2505,8MM (1999),Drama|Mystery|Thriller,1999,8mm,year_1999 decade_1990s,Drama Drama Drama Mystery Mystery Mystery Thriller Thriller Thriller,,8mm year_1999 decade_1990s Drama Drama Drama Mystery Mystery Mystery Thriller Thriller Thriller
2506,"Other Sister, The (1999)",Comedy|Drama|Romance,1999,other sister the,year_1999 decade_1990s,Comedy Comedy Comedy Drama Drama Drama Romance Romance Romance,disability,other sister the year_1999 decade_1990s Comedy Comedy Comedy Drama Drama Drama Romance Romance Romance disability
2513,Pet Sematary (1989),Horror,1989,pet sematary,year_1989 decade_1980s,Horror Horror Horror,,pet sematary year_1989 decade_1980s Horror Horror Horror
2517,Christine (1983),Horror,1983,christine,year_1983 decade_1980s,Horror Horror Horror,stephen king,christine year_1983 decade_1980s Horror Horror Horror stephen king
2518,Night Shift (1982),Comedy,1982,night shift,year_1982 decade_1980s,Comedy Comedy Comedy,,night shift year_1982 decade_1980s Comedy Comedy Comedy
2524,"Towering Inferno, The (1974)",Action|Adventure|Drama|Thriller,1974,towering inferno the,year_1974 decade_1970s,Action Action Action Adventure Adventure Adventure Drama Drama Drama Thriller Thriller Thriller,,towering inferno the year_1974 decade_1970s Action Action Action Adventure Adventure Adventure Drama Drama Drama Thriller Thriller Thriller
2527,Westworld (1973),Action|Sci-Fi|Thriller|Western,1973,westworld,year_1973 decade_1970s,Action Action Action SciFi SciFi SciFi Thriller Thriller Thriller Western Western Western,,westworld year_1973 decade_1970s Action Action Action SciFi SciFi SciFi Thriller Thriller Thriller Western Western Western
2528,Logan's Run (1976),Action|Adventure|Sci-Fi,1976,logan s run,year_1976 decade_1970s,Action Action Action Adventure Adventure Adventure SciFi SciFi SciFi,,logan s run year_1976 decade_1970s Action Action Action Adventure Adventure Adventure SciFi SciFi SciFi
2529,Planet of the Apes (1968),Action|Drama|Sci-Fi,1968,planet of the apes,year_1968 decade_1960s,Action Action Action Drama Drama Drama SciFi SciFi SciFi,twist ending,planet of the apes year_1968 decade_1960s Action Action Action Drama Drama Drama SciFi SciFi SciFi twist ending
2530,Beneath the Planet of the Apes (1970),Action|Sci-Fi,1970,beneath the planet of the apes,year_1970 decade_1970s,Action Action Action SciFi SciFi SciFi,,beneath the planet of the apes year_1970 decade_1970s Action Action Action SciFi SciFi SciFi
2531,Battle for the Planet of the Apes (1973),Action|Sci-Fi,1973,battle for the planet of the apes,year_1973 decade_1970s,Action Action Action SciFi SciFi SciFi,,battle for the planet of the apes year_1973 decade_1970s Action Action Action SciFi SciFi SciFi
2532,Conquest of the Planet of the Apes (1972),Action|Sci-Fi,1972,conquest of the planet of the apes,year_1972 decade_1970s,Action Action Action SciFi SciFi SciFi,,conquest of the planet of the apes year_1972 decade_1970s Action Action Action SciFi SciFi SciFi
2533,Escape from the Planet of the Apes (1971),Action|Sci-Fi,1971,escape from the planet of the apes,year_1971 decade_1970s,Action Action Action SciFi SciFi SciFi,,escape from the planet of the apes year_1971 decade_1970s Action Action Action SciFi SciFi SciFi
2539,Analyze This (1999),Comedy,1999,analyze this,year_1999 decade_1990s,Comedy Comedy Comedy,,analyze this year_1999 decade_1990s Comedy Comedy Comedy
2541,Cruel Intentions (1999),Drama,1999,cruel intentions,year_1999 decade_1990s,Drama Drama Drama,,cruel intentions year_1999 decade_1990s Drama Drama Drama
2542,"Lock, Stock & Two Smoking Barrels (1998)",Comedy|Crime|Thriller,1998,lock stock two smoking barrels,year_1998 decade_1990s,Comedy Comedy Comedy Crime Crime Crime Thriller Thriller Thriller,,lock stock two smoking barrels year_1998 decade_1990s Comedy Comedy Comedy Crime Crime Crime Thriller Thriller Thriller
2548,"Rage: Carrie 2, The (1999)",Horror,1999,rage carrie 2 the,year_1999 decade_1990s,Horror Horror Horror,,rage carrie 2 the year_1999 decade_1990s Horror Horror Horror
2549,Wing Commander (1999),Action|Sci-Fi,1999,wing commander,year_1999 decade_1990s,Action Action Action SciFi SciFi SciFi,,wing commander year_1999 decade_1990s Action Action Action SciFi SciFi SciFi
2550,"Haunting, The (1963)",Horror|Thriller,1963,haunting the,year_1963 decade_1960s,Horror Horror Horror Thriller Thriller Thriller,ghosts,haunting the year_1963 decade_1960s Horror Horror Horror Thriller Thriller Thriller ghosts
2551,Dead Ringers (1988),Drama|Horror|Thriller,1988,dead ringers,year_1988 decade_1980s,Drama Drama Drama Horror Horror Horror Thriller Thriller Thriller,,dead ringers year_1988 decade_1980s Drama Drama Drama Horror Horror Horror Thriller Thriller Thriller
2553,Village of the Damned (1960),Horror|Sci-Fi|Thriller,1960,village of the damned,year_1960 decade_1960s,Horror Horror Horror SciFi SciFi SciFi Thriller Thriller Thriller,,village of the damned year_1960 decade_1960s Horror Horror Horror SciFi SciFi SciFi Thriller Thriller Thriller
2558,Forces of Nature (1999),Comedy|Romance,1999,forces of nature,year_1999 decade_1990s,Comedy Comedy Comedy Romance Romance Romance,,forces of nature year_1999 decade_1990s Comedy Comedy Comedy Romance Romance Romance
2560,Ravenous (1999),Horror|Thriller,1999,ravenous,year_1999 decade_1990s,Horror Horror Horror Thriller Thriller Thriller,,ravenous year_1999 decade_1990s Horror Horror Horror Thriller Thriller Thriller
2565,"King and I, The (1956)",Drama|Musical|Romance,1956,king and i the,year_1956 decade_1950s,Drama Drama Drama Musical Musical Musical Romance Romance Romance,,king and i the year_1956 decade_1950s Drama Drama Drama Musical Musical Musical Romance Romance Romance
2567,EDtv (1999),Comedy,1999,edtv,year_1999 decade_1990s,Comedy Comedy Comedy,,edtv year_1999 decade_1990s Comedy Comedy Comedy
2568,"Mod Squad, The (1999)",Action|Crime,1999,mod squad the,year_1999 decade_1990s,Action Action Action Crime Crime Crime,,mod squad the year_1999 decade_1990s Action Action Action Crime Crime Crime
2570,"Walk on the Moon, A (1999)",Drama|Romance,1999,walk on the moon a,year_1999 decade_1990s,Drama Drama Drama Romance Romance Romance,,walk on the moon a year_1999 decade_1990s Drama Drama Drama Romance Romance Romance
2571,"Matrix, The (1999)",Action|Sci-Fi|Thriller,1999,matrix the,year_1999 decade_1990s,Action Action Action SciFi SciFi SciFi Thriller Thriller Thriller,alternate universe philosophy post apocalyptic sci fi martial arts,matrix the year_1999 decade_1990s Action Action Action SciFi SciFi SciFi Thriller Thriller Thriller alternate universe philosophy post apocalyptic sci fi martial arts
2572,10 Things I Hate About You (1999),Comedy|Romance,1999,10 things i hate about you,year_1999 decade_1990s,Comedy Comedy Comedy Romance Romance Romance,shakespeare sort of,10 things i hate about you year_1999 decade_1990s Comedy Comedy Comedy Romance Romance Romance shakespeare sort of
2574,"Out-of-Towners, The (1999)",Comedy,1999,out of towners the,year_1999 decade_1990s,Comedy Comedy Comedy,,out of towners the year_1999 decade_1990s Comedy Comedy Comedy
2579,Following (1998),Crime|Mystery|Thriller,1998,following,year_1998 decade_1990s,Crime Crime Crime Mystery Mystery Mystery Thriller Thriller Thriller,black and white twist ending christopher nolan mindfuck,following year_1998 decade_1990s Crime Crime Crime Mystery Mystery Mystery Thriller Thriller Thriller black and white twist ending christopher nolan mindfuck
2580,Go (1999),Comedy|Crime,1999,go,year_1999 decade_1990s,Comedy Comedy Comedy Crime Crime Crime,,go year_1999 decade_1990s Comedy Comedy Comedy Crime Crime Crime
2581,Never Been Kissed (1999),Comedy|Romance,1999,never been kissed,year_1999 decade_1990s,Comedy Comedy Comedy Romance Romance Romance,high school,never been kissed year_1999 decade_1990s Comedy Comedy Comedy Romance Romance Romance high school
2583,Cookie's Fortune (1999),Comedy|Drama,1999,cookie s fortune,year_1999 decade_1990s,Comedy Comedy Comedy Drama Drama Drama,,cookie s fortune year_1999 decade_1990s Comedy Comedy Comedy Drama Drama Drama
2594,Open Your Eyes (Abre los ojos) (1997),Drama|Romance|Sci-Fi|Thriller,1997,open your eyes abre los ojos,year_1997 decade_1990s,Drama Drama Drama Romance Romance Romance SciFi SciFi SciFi Thriller Thriller Thriller,,open your eyes abre los ojos year_1997 decade_1990s Drama Drama Drama Romance Romance Romance SciFi SciFi SciFi Thriller Thriller Thriller
2596,SLC Punk! (1998),Comedy|Drama,1998,slc punk,year_1998 decade_1990s,Comedy Comedy Comedy Drama Drama Drama,,slc punk year_1998 decade_1990s Comedy Comedy Comedy Drama Drama Drama
2598,Pushing Tin (1999),Comedy,1999,pushing tin,year_1999 decade_1990s,Comedy Comedy Comedy,,pushing tin year_1999 decade_1990s Comedy Comedy Comedy
2599,Election (1999),Comedy,1999,election,year_1999 decade_1990s,Comedy Comedy Comedy,,election year_1999 decade_1990s Comedy Comedy Comedy
2600,eXistenZ (1999),Action|Sci-Fi|Thriller,1999,existenz,year_1999 decade_1990s,Action Action Action SciFi SciFi SciFi Thriller Thriller Thriller,,existenz year_1999 decade_1990s Action Action Action SciFi SciFi SciFi Thriller Thriller Thriller
2605,Entrapment (1999),Crime|Thriller,1999,entrapment,year_1999 decade_1990s,Crime Crime Crime Thriller Thriller Thriller,,entrapment year_1999 decade_1990s Crime Crime Crime Thriller Thriller Thriller
2606,Idle Hands (1999),Comedy|Horror,1999,idle hands,year_1999 decade_1990s,Comedy Comedy Comedy Horror Horror Horror,,idle hands year_1999 decade_1990s Comedy Comedy Comedy Horror Horror Horror
2613,Night of the Comet (1984),Comedy|Horror|Sci-Fi,1984,night of the comet,year_1984 decade_1980s,Comedy Comedy Comedy Horror Horror Horror SciFi SciFi SciFi,,night of the comet year_1984 decade_1980s Comedy Comedy Comedy Horror Horror Horror SciFi SciFi SciFi
2616,Dick Tracy (1990),Action|Crime,1990,dick tracy,year_1990 decade_1990s,Action Action Action Crime Crime Crime,comic book,dick tracy year_1990 decade_1990s Action Action Action Crime Crime Crime comic book
2617,"Mummy, The (1999)",Action|Adventure|Comedy|Fantasy|Horror|Thriller,1999,mummy the,year_1999 decade_1990s,Action Action Action Adventure Adventure Adventure Comedy Comedy Comedy Fantasy Fantasy Fantasy Horror Horror Horror Thriller Thriller Thriller,,mummy the year_1999 decade_1990s Action Action Action Adventure Adventure Adventure Comedy Comedy Comedy Fantasy Fantasy Fantasy Horror Horror Horror Thriller Thriller Thriller
2618,"Castle, The (1997)",Comedy,1997,castle the,year_1997 decade_1990s,Comedy Comedy Comedy,,castle the year_1997 decade_1990s Comedy Comedy Comedy
2622,William Shakespeare's A Midsummer Night's Dream (1999),Comedy|Fantasy,1999,william shakespeare s a midsummer night s dream,year_1999 decade_1990s,Comedy Comedy Comedy Fantasy Fantasy Fantasy,,william shakespeare s a midsummer night s dream year_1999 decade_1990s Comedy Comedy Comedy Fantasy Fantasy Fantasy
2628,Star Wars: Episode I - The Phantom Menace (1999),Action|Adventure|Sci-Fi,1999,star wars episode i the phantom menace,year_1999 decade_1990s,Action Action Action Adventure Adventure Adventure SciFi SciFi SciFi,,star wars episode i the phantom menace year_1999 decade_1990s Action Action Action Adventure Adventure Adventure SciFi SciFi SciFi
2640,Superman (1978),Action|Adventure|Sci-Fi,1978,superman,year_1978 decade_1970s,Action Action Action Adventure Adventure Adventure SciFi SciFi SciFi,superhero,superman year_1978 decade_1970s Action Action Action Adventure Adventure Adventure SciFi SciFi SciFi superhero
2641,Superman II (1980),Action|Sci-Fi,1980,superman ii,year_1980 decade_1980s,Action Action Action SciFi SciFi SciFi,superhero,superman ii year_1980 decade_1980s Action Action Action SciFi SciFi SciFi superhero
2642,Superman III (1983),Action|Adventure|Sci-Fi,1983,superman iii,year_1983 decade_1980s,Action Action Action Adventure Adventure Adventure SciFi SciFi SciFi,superhero,superman iii year_1983 decade_1980s Action Action Action Adventure Adventure Adventure SciFi SciFi SciFi superhero
2643,Superman IV: The Quest for Peace (1987),Action|Adventure|Sci-Fi,1987,superman iv the quest for peace,year_1987 decade_1980s,Action Action Action Adventure Adventure Adventure SciFi SciFi SciFi,,superman iv the quest for peace year_1987 decade_1980s Action Action Action Adventure Adventure Adventure SciFi SciFi SciFi
2644,Dracula (1931),Horror,1931,dracula,year_1931 decade_1930s,Horror Horror Horror,,dracula year_1931 decade_1930s Horror Horror Horror
2648,Frankenstein (1931),Drama|Horror|Sci-Fi,1931,frankenstein,year_1931 decade_1930s,Drama Drama Drama Horror Horror Horror SciFi SciFi SciFi,,frankenstein year_1931 decade_1930s Drama Drama Drama Horror Horror Horror SciFi SciFi SciFi
2654,"Wolf Man, The (1941)",Drama|Fantasy|Horror,1941,wolf man the,year_1941 decade_1940s,Drama Drama Drama Fantasy Fantasy Fantasy Horror Horror Horror,,wolf man the year_1941 decade_1940s Drama Drama Drama Fantasy Fantasy Fantasy Horror Horror Horror
2657,"Rocky Horror Picture Show, The (1975)",Comedy|Horror|Musical|Sci-Fi,1975,rocky horror picture show the,year_1975 decade_1970s,Comedy Comedy Comedy Horror Horror Horror Musical Musical Musical SciFi SciFi SciFi,,rocky horror picture show the year_1975 decade_1970s Comedy Comedy Comedy Horror Horror Horror Musical Musical Musical SciFi SciFi SciFi
2662,"War of the Worlds, The (1953)",Action|Drama|Sci-Fi,1953,war of the worlds the,year_1953 decade_1950s,Action Action Action Drama Drama Drama SciFi SciFi SciFi,classic,war of the worlds the year_1953 decade_1950s Action Action Action Drama Drama Drama SciFi SciFi SciFi classic
2664,Invasion of the Body Snatchers (1956),Horror|Sci-Fi|Thriller,1956,invasion of the body snatchers,year_1956 decade_1950s,Horror Horror Horror SciFi SciFi SciFi Thriller Thriller Thriller,1950s,invasion of the body snatchers year_1956 decade_1950s Horror Horror Horror SciFi SciFi SciFi Thriller Thriller Thriller 1950s
2668,Swamp Thing (1982),Horror|Sci-Fi,1982,swamp thing,year_1982 decade_1980s,Horror Horror Horror SciFi SciFi SciFi,,swamp thing year_1982 decade_1980s Horror Horror Horror SciFi SciFi SciFi
2670,Run Silent Run Deep (1958),War,1958,run silent run deep,year_1958 decade_1950s,War War War,,run silent run deep year_1958 decade_1950s War War War
2671,Notting Hill (1999),Comedy|Romance,1999,notting hill,year_1999 decade_1990s,Comedy Comedy Comedy Romance Romance Romance,,notting hill year_1999 decade_1990s Comedy Comedy Comedy Romance Romance Romance
2672,"Thirteenth Floor, The (1999)",Drama|Sci-Fi|Thriller,1999,thirteenth floor the,year_1999 decade_1990s,Drama Drama Drama SciFi SciFi SciFi Thriller Thriller Thriller,,thirteenth floor the year_1999 decade_1990s Drama Drama Drama SciFi SciFi SciFi Thriller Thriller Thriller
2676,Instinct (1999),Drama|Thriller,1999,instinct,year_1999 decade_1990s,Drama Drama Drama Thriller Thriller Thriller,,instinct year_1999 decade_1990s Drama Drama Drama Thriller Thriller Thriller
2683,Austin Powers: The Spy Who Shagged Me (1999),Action|Adventure|Comedy,1999,austin powers the spy who shagged me,year_1999 decade_1990s,Action Action Action Adventure Adventure Adventure Comedy Comedy Comedy,,austin powers the spy who shagged me year_1999 decade_1990s Action Action Action Adventure Adventure Adventure Comedy Comedy Comedy
2686,"Red Violin, The (Violon rouge, Le) (1998)",Drama|Mystery,1998,red violin the violon rouge le,year_1998 decade_1990s,Drama Drama Drama Mystery Mystery Mystery,,red violin the violon rouge le year_1998 decade_1990s Drama Drama Drama Mystery Mystery Mystery
2687,Tarzan (1999),Adventure|Animation|Children|Drama,1999,tarzan,year_1999 decade_1990s,Adventure Adventure Adventure Animation Animation Animation Children Children Children Drama Drama Drama,,tarzan year_1999 decade_1990s Adventure Adventure Adventure Animation Animation Animation Children Children Children Drama Drama Drama
2688,"General's Daughter, The (1999)",Crime|Drama|Mystery|Thriller,1999,general s daughter the,year_1999 decade_1990s,Crime Crime Crime Drama Drama Drama Mystery Mystery Mystery Thriller Thriller Thriller,,general s daughter the year_1999 decade_1990s Crime Crime Crime Drama Drama Drama Mystery Mystery Mystery Thriller Thriller Thriller
2690,"Ideal Husband, An (1999)",Comedy|Romance,1999,ideal husband an,year_1999 decade_1990s,Comedy Comedy Comedy Romance Romance Romance,,ideal husband an year_1999 decade_1990s Comedy Comedy Comedy Romance Romance Romance
2692,Run Lola Run (Lola rennt) (1998),Action|Crime,1998,run lola run lola rennt,year_1998 decade_1990s,Action Action Action Crime Crime Crime,alternate endings,run lola run lola rennt year_1998 decade_1990s Action Action Action Crime Crime Crime alternate endings
2694,Big Daddy (1999),Comedy,1999,big daddy,year_1999 decade_1990s,Comedy Comedy Comedy,adam sandler,big daddy year_1999 decade_1990s Comedy Comedy Comedy adam sandler
2699,Arachnophobia (1990),Comedy|Horror,1990,arachnophobia,year_1990 decade_1990s,Comedy Comedy Comedy Horror Horror Horror,,arachnophobia year_1990 decade_1990s Comedy Comedy Comedy Horror Horror Horror
2700,"South Park: Bigger, Longer and Uncut (1999)",Animation|Comedy|Musical,1999,south park bigger longer and uncut,year_1999 decade_1990s,Animation Animation Animation Comedy Comedy Comedy Musical Musical Musical,satire parody crude humor controversial,south park bigger longer and uncut year_1999 decade_1990s Animation Animation Animation Comedy Comedy Comedy Musical Musical Musical satire parody crude humor controversial
2701,Wild Wild West (1999),Action|Comedy|Sci-Fi|Western,1999,wild wild west,year_1999 decade_1990s,Action Action Action Comedy Comedy Comedy SciFi SciFi SciFi Western Western Western,,wild wild west year_1999 decade_1990s Action Action Action Comedy Comedy Comedy SciFi SciFi SciFi Western Western Western
2702,Summer of Sam (1999),Drama,1999,summer of sam,year_1999 decade_1990s,Drama Drama Drama,,summer of sam year_1999 decade_1990s Drama Drama Drama
2706,American Pie (1999),Comedy|Romance,1999,american pie,year_1999 decade_1990s,Comedy Comedy Comedy Romance Romance Romance,teen seann william scott,american pie year_1999 decade_1990s Comedy Comedy Comedy Romance Romance Romance teen seann william scott
2707,Arlington Road (1999),Thriller,1999,arlington road,year_1999 decade_1990s,Thriller Thriller Thriller,,arlington road year_1999 decade_1990s Thriller Thriller Thriller
2709,Muppets From Space (1999),Children|Comedy,1999,muppets from space,year_1999 decade_1990s,Children Children Children Comedy Comedy Comedy,,muppets from space year_1999 decade_1990s Children Children Children Comedy Comedy Comedy
2710,"Blair Witch Project, The (1999)",Drama|Horror|Thriller,1999,blair witch project the,year_1999 decade_1990s,Drama Drama Drama Horror Horror Horror Thriller Thriller Thriller,,blair witch project the year_1999 decade_1990s Drama Drama Drama Horror Horror Horror Thriller Thriller Thriller
2712,Eyes Wide Shut (1999),Drama|Mystery|Thriller,1999,eyes wide shut,year_1999 decade_1990s,Drama Drama Drama Mystery Mystery Mystery Thriller Thriller Thriller,sexuality,eyes wide shut year_1999 decade_1990s Drama Drama Drama Mystery Mystery Mystery Thriller Thriller Thriller sexuality
2713,Lake Placid (1999),Horror|Thriller,1999,lake placid,year_1999 decade_1990s,Horror Horror Horror Thriller Thriller Thriller,,lake placid year_1999 decade_1990s Horror Horror Horror Thriller Thriller Thriller
2716,Ghostbusters (a.k.a. Ghost Busters) (1984),Action|Comedy|Sci-Fi,1984,ghostbusters a k a ghost busters,year_1984 decade_1980s,Action Action Action Comedy Comedy Comedy SciFi SciFi SciFi,ghosts,ghostbusters a k a ghost busters year_1984 decade_1980s Action Action Action Comedy Comedy Comedy SciFi SciFi SciFi ghosts
2717,Ghostbusters II (1989),Comedy|Fantasy|Sci-Fi,1989,ghostbusters ii,year_1989 decade_1980s,Comedy Comedy Comedy Fantasy Fantasy Fantasy SciFi SciFi SciFi,ghosts,ghostbusters ii year_1989 decade_1980s Comedy Comedy Comedy Fantasy Fantasy Fantasy SciFi SciFi SciFi ghosts
2718,Drop Dead Gorgeous (1999),Comedy,1999,drop dead gorgeous,year_1999 decade_1990s,Comedy Comedy Comedy,,drop dead gorgeous year_1999 decade_1990s Comedy Comedy Comedy
2719,"Haunting, The (1999)",Horror|Thriller,1999,haunting the,year_1999 decade_1990s,Horror Horror Horror Thriller Thriller Thriller,remake,haunting the year_1999 decade_1990s Horror Horror Horror Thriller Thriller Thriller remake
2720,Inspector Gadget (1999),Action|Adventure|Children|Comedy,1999,inspector gadget,year_1999 decade_1990s,Action Action Action Adventure Adventure Adventure Children Children Children Comedy Comedy Comedy,,inspector gadget year_1999 decade_1990s Action Action Action Adventure Adventure Adventure Children Children Children Comedy Comedy Comedy
2722,Deep Blue Sea (1999),Action|Horror|Sci-Fi|Thriller,1999,deep blue sea,year_1999 decade_1990s,Action Action Action Horror Horror Horror SciFi SciFi SciFi Thriller Thriller Thriller,,deep blue sea year_1999 decade_1990s Action Action Action Horror Horror Horror SciFi SciFi SciFi Thriller Thriller Thriller
2723,Mystery Men (1999),Action|Comedy|Fantasy,1999,mystery men,year_1999 decade_1990s,Action Action Action Comedy Comedy Comedy Fantasy Fantasy Fantasy,superhero,mystery men year_1999 decade_1990s Action Action Action Comedy Comedy Comedy Fantasy Fantasy Fantasy superhero
2724,Runaway Bride (1999),Comedy|Romance,1999,runaway bride,year_1999 decade_1990s,Comedy Comedy Comedy Romance Romance Romance,,runaway bride year_1999 decade_1990s Comedy Comedy Comedy Romance Romance Romance
2726,"Killing, The (1956)",Crime|Film-Noir,1956,killing the,year_1956 decade_1950s,Crime Crime Crime FilmNoir FilmNoir FilmNoir,heist,killing the year_1956 decade_1950s Crime Crime Crime FilmNoir FilmNoir FilmNoir heist
2728,Spartacus (1960),Action|Drama|Romance|War,1960,spartacus,year_1960 decade_1960s,Action Action Action Drama Drama Drama Romance Romance Romance War War War,rome,spartacus year_1960 decade_1960s Action Action Action Drama Drama Drama Romance Romance Romance War War War rome
2729,Lolita (1962),Drama|Romance,1962,lolita,year_1962 decade_1960s,Drama Drama Drama Romance Romance Romance,,lolita year_1962 decade_1960s Drama Drama Drama Romance Romance Romance
2730,Barry Lyndon (1975),Drama|Romance|War,1975,barry lyndon,year_1975 decade_1970s,Drama Drama Drama Romance Romance Romance War War War,,barry lyndon year_1975 decade_1970s Drama Drama Drama Romance Romance Romance War War War
2731,"400 Blows, The (Les quatre cents coups) (1959)",Crime|Drama,1959,400 blows the les quatre cents coups,year_1959 decade_1950s,Crime Crime Crime Drama Drama Drama,reflective emotional lyrical heartwarming,400 blows the les quatre cents coups year_1959 decade_1950s Crime Crime Crime Drama Drama Drama reflective emotional lyrical heartwarming
2732,Jules and Jim (Jules et Jim) (1961),Drama|Romance,1961,jules and jim jules et jim,year_1961 decade_1960s,Drama Drama Drama Romance Romance Romance,,jules and jim jules et jim year_1961 decade_1960s Drama Drama Drama Romance Romance Romance
2734,"Mosquito Coast, The (1986)",Adventure|Drama|Thriller,1986,mosquito coast the,year_1986 decade_1980s,Adventure Adventure Adventure Drama Drama Drama Thriller Thriller Thriller,,mosquito coast the year_1986 decade_1980s Adventure Adventure Adventure Drama Drama Drama Thriller Thriller Thriller
2735,"Golden Child, The (1986)",Action|Adventure|Comedy|Fantasy|Mystery,1986,golden child the,year_1986 decade_1980s,Action Action Action Adventure Adventure Adventure Comedy Comedy Comedy Fantasy Fantasy Fantasy Mystery Mystery Mystery,,golden child the year_1986 decade_1980s Action Action Action Adventure Adventure Adventure Comedy Comedy Comedy Fantasy Fantasy Fantasy Mystery Mystery Mystery
2736,Brighton Beach Memoirs (1986),Comedy,1986,brighton beach memoirs,year_1986 decade_1980s,Comedy Comedy Comedy,,brighton beach memoirs year_1986 decade_1980s Comedy Comedy Comedy
2739,"Color Purple, The (1985)",Drama,1985,color purple the,year_1985 decade_1980s,Drama Drama Drama,,color purple the year_1985 decade_1980s Drama Drama Drama
2745,"Mission, The (1986)",Drama,1986,mission the,year_1986 decade_1980s,Drama Drama Drama,priest missionary,mission the year_1986 decade_1980s Drama Drama Drama priest missionary
2746,Little Shop of Horrors (1986),Comedy|Horror|Musical,1986,little shop of horrors,year_1986 decade_1980s,Comedy Comedy Comedy Horror Horror Horror Musical Musical Musical,,little shop of horrors year_1986 decade_1980s Comedy Comedy Comedy Horror Horror Horror Musical Musical Musical
2747,"Little Shop of Horrors, The (1960)",Comedy|Horror,1960,little shop of horrors the,year_1960 decade_1960s,Comedy Comedy Comedy Horror Horror Horror,,little shop of horrors the year_1960 decade_1960s Comedy Comedy Comedy Horror Horror Horror
2748,Allan Quatermain and the Lost City of Gold (1987),Action|Adventure|Comedy,1987,allan quatermain and the lost city of gold,year_1987 decade_1980s,Action Action Action Adventure Adventure Adventure Comedy Comedy Comedy,,allan quatermain and the lost city of gold year_1987 decade_1980s Action Action Action Adventure Adventure Adventure Comedy Comedy Comedy
2750,Radio Days (1987),Comedy|Drama,1987,radio days,year_1987 decade_1980s,Comedy Comedy Comedy Drama Drama Drama,,radio days year_1987 decade_1980s Comedy Comedy Comedy Drama Drama Drama
2752,Outrageous Fortune (1987),Comedy|Mystery,1987,outrageous fortune,year_1987 decade_1980s,Comedy Comedy Comedy Mystery Mystery Mystery,,outrageous fortune year_1987 decade_1980s Comedy Comedy Comedy Mystery Mystery Mystery
2759,Dick (1999),Comedy,1999,dick,year_1999 decade_1990s,Comedy Comedy Comedy,,dick year_1999 decade_1990s Comedy Comedy Comedy
2761,"Iron Giant, The (1999)",Adventure|Animation|Children|Drama|Sci-Fi,1999,iron giant the,year_1999 decade_1990s,Adventure Adventure Adventure Animation Animation Animation Children Children Children Drama Drama Drama SciFi SciFi SciFi,robots animation,iron giant the year_1999 decade_1990s Adventure Adventure Adventure Animation Animation Animation Children Children Children Drama Drama Drama SciFi SciFi SciFi robots animation
2762,"Sixth Sense, The (1999)",Drama|Horror|Mystery,1999,sixth sense the,year_1999 decade_1990s,Drama Drama Drama Horror Horror Horror Mystery Mystery Mystery,ghosts atmospheric imdb top 250 mindfuck twist ending stylized bruce willis,sixth sense the year_1999 decade_1990s Drama Drama Drama Horror Horror Horror Mystery Mystery Mystery ghosts atmospheric imdb top 250 mindfuck twist ending stylized bruce willis
2763,"Thomas Crown Affair, The (1999)",Action|Mystery,1999,thomas crown affair the,year_1999 decade_1990s,Action Action Action Mystery Mystery Mystery,,thomas crown affair the year_1999 decade_1990s Action Action Action Mystery Mystery Mystery
2764,"Thomas Crown Affair, The (1968)",Crime|Drama|Romance|Thriller,1968,thomas crown affair the,year_1968 decade_1960s,Crime Crime Crime Drama Drama Drama Romance Romance Romance Thriller Thriller Thriller,,thomas crown affair the year_1968 decade_1960s Crime Crime Crime Drama Drama Drama Romance Romance Romance Thriller Thriller Thriller
2769,"Yards, The (2000)",Crime|Drama,2000,yards the,year_2000 decade_2000s,Crime Crime Crime Drama Drama Drama,,yards the year_2000 decade_2000s Crime Crime Crime Drama Drama Drama
2770,Bowfinger (1999),Comedy,1999,bowfinger,year_1999 decade_1990s,Comedy Comedy Comedy,,bowfinger year_1999 decade_1990s Comedy Comedy Comedy
2772,Detroit Rock City (1999),Comedy,1999,detroit rock city,year_1999 decade_1990s,Comedy Comedy Comedy,,detroit rock city year_1999 decade_1990s Comedy Comedy Comedy
2779,Heaven Can Wait (1978),Comedy,1978,heaven can wait,year_1978 decade_1970s,Comedy Comedy Comedy,,heaven can wait year_1978 decade_1970s Comedy Comedy Comedy
2787,Cat's Eye (1985),Horror,1985,cat s eye,year_1985 decade_1980s,Horror Horror Horror,stephen king,cat s eye year_1985 decade_1980s Horror Horror Horror stephen king
2788,Monty Python's And Now for Something Completely Different (1971),Comedy,1971,monty python s and now for something completely different,year_1971 decade_1970s,Comedy Comedy Comedy,,monty python s and now for something completely different year_1971 decade_1970s Comedy Comedy Comedy
2791,Airplane! (1980),Comedy,1980,airplane,year_1980 decade_1980s,Comedy Comedy Comedy,spoof,airplane year_1980 decade_1980s Comedy Comedy Comedy spoof
2792,Airplane II: The Sequel (1982),Comedy,1982,airplane ii the sequel,year_1982 decade_1980s,Comedy Comedy Comedy,,airplane ii the sequel year_1982 decade_1980s Comedy Comedy Comedy
2793,"American Werewolf in Paris, An (1997)",Comedy|Horror|Romance|Thriller,1997,american werewolf in paris an,year_1997 decade_1990s,Comedy Comedy Comedy Horror Horror Horror Romance Romance Romance Thriller Thriller Thriller,,american werewolf in paris an year_1997 decade_1990s Comedy Comedy Comedy Horror Horror Horror Romance Romance Romance Thriller Thriller Thriller
2794,European Vacation (aka National Lampoon's European Vacation) (1985),Adventure|Comedy|Romance,1985,european vacation aka national lampoon s european vacation,year_1985 decade_1980s,Adventure Adventure Adventure Comedy Comedy Comedy Romance Romance Romance,,european vacation aka national lampoon s european vacation year_1985 decade_1980s Adventure Adventure Adventure Comedy Comedy Comedy Romance Romance Romance
2795,National Lampoon's Vacation (1983),Comedy,1983,national lampoon s vacation,year_1983 decade_1980s,Comedy Comedy Comedy,,national lampoon s vacation year_1983 decade_1980s Comedy Comedy Comedy
2796,Funny Farm (1988),Comedy,1988,funny farm,year_1988 decade_1980s,Comedy Comedy Comedy,,funny farm year_1988 decade_1980s Comedy Comedy Comedy
2797,Big (1988),Comedy|Drama|Fantasy|Romance,1988,big,year_1988 decade_1980s,Comedy Comedy Comedy Drama Drama Drama Fantasy Fantasy Fantasy Romance Romance Romance,children,big year_1988 decade_1980s Comedy Comedy Comedy Drama Drama Drama Fantasy Fantasy Fantasy Romance Romance Romance children
2798,Problem Child (1990),Children|Comedy,1990,problem child,year_1990 decade_1990s,Children Children Children Comedy Comedy Comedy,,problem child year_1990 decade_1990s Children Children Children Comedy Comedy Comedy
2799,Problem Child 2 (1991),Comedy,1991,problem child 2,year_1991 decade_1990s,Comedy Comedy Comedy,,problem child 2 year_1991 decade_1990s Comedy Comedy Comedy
2802,Tequila Sunrise (1988),Action|Drama|Romance|Thriller,1988,tequila sunrise,year_1988 decade_1980s,Action Action Action Drama Drama Drama Romance Romance Romance Thriller Thriller Thriller,,tequila sunrise year_1988 decade_1980s Action Action Action Drama Drama Drama Romance Romance Romance Thriller Thriller Thriller
2803,"Pelican Brief, The (1993)",Crime|Drama|Mystery|Romance|Thriller,1993,pelican brief the,year_1993 decade_1990s,Crime Crime Crime Drama Drama Drama Mystery Mystery Mystery Romance Romance Romance Thriller Thriller Thriller,lawyers,pelican brief the year_1993 decade_1990s Crime Crime Crime Drama Drama Drama Mystery Mystery Mystery Romance Romance Romance Thriller Thriller Thriller lawyers
2804,"Christmas Story, A (1983)",Children|Comedy,1983,christmas story a,year_1983 decade_1980s,Children Children Children Comedy Comedy Comedy,christmas,christmas story a year_1983 decade_1980s Children Children Children Comedy Comedy Comedy christmas
2805,Mickey Blue Eyes (1999),Comedy|Romance,1999,mickey blue eyes,year_1999 decade_1990s,Comedy Comedy Comedy Romance Romance Romance,,mickey blue eyes year_1999 decade_1990s Comedy Comedy Comedy Romance Romance Romance
2806,Teaching Mrs. Tingle (1999),Comedy|Thriller,1999,teaching mrs tingle,year_1999 decade_1990s,Comedy Comedy Comedy Thriller Thriller Thriller,,teaching mrs tingle year_1999 decade_1990s Comedy Comedy Comedy Thriller Thriller Thriller
2808,Universal Soldier (1992),Action|Sci-Fi,1992,universal soldier,year_1992 decade_1990s,Action Action Action SciFi SciFi SciFi,,universal soldier year_1992 decade_1990s Action Action Action SciFi SciFi SciFi
2810,Perfect Blue (1997),Animation|Horror|Mystery|Thriller,1997,perfect blue,year_1997 decade_1990s,Animation Animation Animation Horror Horror Horror Mystery Mystery Mystery Thriller Thriller Thriller,,perfect blue year_1997 decade_1990s Animation Animation Animation Horror Horror Horror Mystery Mystery Mystery Thriller Thriller Thriller
2815,Iron Eagle (1986),Action|War,1986,iron eagle,year_1986 decade_1980s,Action Action Action War War War,,iron eagle year_1986 decade_1980s Action Action Action War War War
2819,Three Days of the Condor (3 Days of the Condor) (1975),Drama|Mystery|Romance|Thriller,1975,three days of the condor 3 days of the condor,year_1975 decade_1970s,Drama Drama Drama Mystery Mystery Mystery Romance Romance Romance Thriller Thriller Thriller,,three days of the condor 3 days of the condor year_1975 decade_1970s Drama Drama Drama Mystery Mystery Mystery Romance Romance Romance Thriller Thriller Thriller
2822,Medicine Man (1992),Adventure|Romance,1992,medicine man,year_1992 decade_1990s,Adventure Adventure Adventure Romance Romance Romance,,medicine man year_1992 decade_1990s Adventure Adventure Adventure Romance Romance Romance
2826,"13th Warrior, The (1999)",Action|Adventure|Fantasy,1999,13th warrior the,year_1999 decade_1990s,Action Action Action Adventure Adventure Adventure Fantasy Fantasy Fantasy,,13th warrior the year_1999 decade_1990s Action Action Action Adventure Adventure Adventure Fantasy Fantasy Fantasy
2827,"Astronaut's Wife, The (1999)",Horror|Sci-Fi|Thriller,1999,astronaut s wife the,year_1999 decade_1990s,Horror Horror Horror SciFi SciFi SciFi Thriller Thriller Thriller,aliens,astronaut s wife the year_1999 decade_1990s Horror Horror Horror SciFi SciFi SciFi Thriller Thriller Thriller aliens
2829,"Muse, The (1999)",Comedy,1999,muse the,year_1999 decade_1990s,Comedy Comedy Comedy,,muse the year_1999 decade_1990s Comedy Comedy Comedy
2840,Stigmata (1999),Drama|Thriller,1999,stigmata,year_1999 decade_1990s,Drama Drama Drama Thriller Thriller Thriller,,stigmata year_1999 decade_1990s Drama Drama Drama Thriller Thriller Thriller
2841,Stir of Echoes (1999),Horror|Mystery|Thriller,1999,stir of echoes,year_1999 decade_1990s,Horror Horror Horror Mystery Mystery Mystery Thriller Thriller Thriller,,stir of echoes year_1999 decade_1990s Horror Horror Horror Mystery Mystery Mystery Thriller Thriller Thriller
2843,"Black Cat, White Cat (Crna macka, beli macor) (1998)",Comedy|Romance,1998,black cat white cat crna macka beli macor,year_1998 decade_1990s,Comedy Comedy Comedy Romance Romance Romance,,black cat white cat crna macka beli macor year_1998 decade_1990s Comedy Comedy Comedy Romance Romance Romance
2846,"Adventures of Milo and Otis, The (Koneko monogatari) (1986)",Adventure|Children|Comedy|Drama,1986,adventures of milo and otis the koneko monogatari,year_1986 decade_1980s,Adventure Adventure Adventure Children Children Children Comedy Comedy Comedy Drama Drama Drama,,adventures of milo and otis the koneko monogatari year_1986 decade_1980s Adventure Adventure Adventure Children Children Children Comedy Comedy Comedy Drama Drama Drama
2857,Yellow Submarine (1968),Adventure|Animation|Comedy|Fantasy|Musical,1968,yellow submarine,year_1968 decade_1960s,Adventure Adventure Adventure Animation Animation Animation Comedy Comedy Comedy Fantasy Fantasy Fantasy Musical Musical Musical,,yellow submarine year_1968 decade_1960s Adventure Adventure Adventure Animation Animation Animation Comedy Comedy Comedy Fantasy Fantasy Fantasy Musical Musical Musical
2858,American Beauty (1999),Drama|Romance,1999,american beauty,year_1999 decade_1990s,Drama Drama Drama Romance Romance Romance,,american beauty year_1999 decade_1990s Drama Drama Drama Romance Romance Romance
2859,Stop Making Sense (1984),Documentary|Musical,1984,stop making sense,year_1984 decade_1980s,Documentary Documentary Documentary Musical Musical Musical,,stop making sense year_1984 decade_1980s Documentary Documentary Documentary Musical Musical Musical
2860,Blue Streak (1999),Comedy,1999,blue streak,year_1999 decade_1990s,Comedy Comedy Comedy,,blue streak year_1999 decade_1990s Comedy Comedy Comedy
2861,For Love of the Game (1999),Comedy|Drama,1999,for love of the game,year_1999 decade_1990s,Comedy Comedy Comedy Drama Drama Drama,,for love of the game year_1999 decade_1990s Comedy Comedy Comedy Drama Drama Drama
2863,"Hard Day's Night, A (1964)",Adventure|Comedy|Musical,1964,hard day s night a,year_1964 decade_1960s,Adventure Adventure Adventure Comedy Comedy Comedy Musical Musical Musical,,hard day s night a year_1964 decade_1960s Adventure Adventure Adventure Comedy Comedy Comedy Musical Musical Musical
2866,"Buddy Holly Story, The (1978)",Drama,1978,buddy holly story the,year_1978 decade_1970s,Drama Drama Drama,,buddy holly story the year_1978 decade_1970s Drama Drama Drama
2867,Fright Night (1985),Comedy|Horror|Thriller,1985,fright night,year_1985 decade_1980s,Comedy Comedy Comedy Horror Horror Horror Thriller Thriller Thriller,,fright night year_1985 decade_1980s Comedy Comedy Comedy Horror Horror Horror Thriller Thriller Thriller
2870,Barefoot in the Park (1967),Comedy,1967,barefoot in the park,year_1967 decade_1960s,Comedy Comedy Comedy,,barefoot in the park year_1967 decade_1960s Comedy Comedy Comedy
2871,Deliverance (1972),Adventure|Drama|Thriller,1972,deliverance,year_1972 decade_1970s,Adventure Adventure Adventure Drama Drama Drama Thriller Thriller Thriller,,deliverance year_1972 decade_1970s Adventure Adventure Adventure Drama Drama Drama Thriller Thriller Thriller
2872,Excalibur (1981),Adventure|Fantasy,1981,excalibur,year_1981 decade_1980s,Adventure Adventure Adventure Fantasy Fantasy Fantasy,king arthur england,excalibur year_1981 decade_1980s Adventure Adventure Adventure Fantasy Fantasy Fantasy king arthur england
2875,Sommersby (1993),Drama|Mystery|Romance,1993,sommersby,year_1993 decade_1990s,Drama Drama Drama Mystery Mystery Mystery Romance Romance Romance,,sommersby year_1993 decade_1990s Drama Drama Drama Mystery Mystery Mystery Romance Romance Romance
2877,Tommy (1975),Musical,1975,tommy,year_1975 decade_1970s,Musical Musical Musical,,tommy year_1975 decade_1970s Musical Musical Musical
2879,Armour of God II: Operation Condor (Operation Condor) (Fei ying gai wak) (1991),Action|Adventure|Comedy,1991,armour of god ii operation condor operation condor fei ying gai wak,year_1991 decade_1990s,Action Action Action Adventure Adventure Adventure Comedy Comedy Comedy,,armour of god ii operation condor operation condor fei ying gai wak year_1991 decade_1990s Action Action Action Adventure Adventure Adventure Comedy Comedy Comedy
2880,Armour of God (Long xiong hu di) (1987),Action|Adventure|Comedy,1987,armour of god long xiong hu di,year_1987 decade_1980s,Action Action Action Adventure Adventure Adventure Comedy Comedy Comedy,,armour of god long xiong hu di year_1987 decade_1980s Action Action Action Adventure Adventure Adventure Comedy Comedy Comedy
2881,Double Jeopardy (1999),Action|Crime|Drama|Thriller,1999,double jeopardy,year_1999 decade_1990s,Action Action Action Crime Crime Crime Drama Drama Drama Thriller Thriller Thriller,,double jeopardy year_1999 decade_1990s Action Action Action Crime Crime Crime Drama Drama Drama Thriller Thriller Thriller
2883,Mumford (1999),Comedy|Drama,1999,mumford,year_1999 decade_1990s,Comedy Comedy Comedy Drama Drama Drama,,mumford year_1999 decade_1990s Comedy Comedy Comedy Drama Drama Drama
2888,Drive Me Crazy (1999),Comedy|Romance,1999,drive me crazy,year_1999 decade_1990s,Comedy Comedy Comedy Romance Romance Romance,,drive me crazy year_1999 decade_1990s Comedy Comedy Comedy Romance Romance Romance
2889,"Mystery, Alaska (1999)",Comedy|Drama,1999,mystery alaska,year_1999 decade_1990s,Comedy Comedy Comedy Drama Drama Drama,,mystery alaska year_1999 decade_1990s Comedy Comedy Comedy Drama Drama Drama
2890,Three Kings (1999),Action|Adventure|Comedy|Drama|War,1999,three kings,year_1999 decade_1990s,Action Action Action Adventure Adventure Adventure Comedy Comedy Comedy Drama Drama Drama War War War,,three kings year_1999 decade_1990s Action Action Action Adventure Adventure Adventure Comedy Comedy Comedy Drama Drama Drama War War War
2901,Phantasm (1979),Horror|Sci-Fi,1979,phantasm,year_1979 decade_1970s,Horror Horror Horror SciFi SciFi SciFi,,phantasm year_1979 decade_1970s Horror Horror Horror SciFi SciFi SciFi
2906,Random Hearts (1999),Drama|Romance,1999,random hearts,year_1999 decade_1990s,Drama Drama Drama Romance Romance Romance,,random hearts year_1999 decade_1990s Drama Drama Drama Romance Romance Romance
2907,Superstar (1999),Comedy,1999,superstar,year_1999 decade_1990s,Comedy Comedy Comedy,,superstar year_1999 decade_1990s Comedy Comedy Comedy
2908,Boys Don't Cry (1999),Drama,1999,boys don t cry,year_1999 decade_1990s,Drama Drama Drama,,boys don t cry year_1999 decade_1990s Drama Drama Drama
2912,"Limey, The (1999)",Crime|Drama|Thriller,1999,limey the,year_1999 decade_1990s,Crime Crime Crime Drama Drama Drama Thriller Thriller Thriller,,limey the year_1999 decade_1990s Crime Crime Crime Drama Drama Drama Thriller Thriller Thriller
2915,Risky Business (1983),Comedy,1983,risky business,year_1983 decade_1980s,Comedy Comedy Comedy,prostitution,risky business year_1983 decade_1980s Comedy Comedy Comedy prostitution
2916,Total Recall (1990),Action|Adventure|Sci-Fi|Thriller,1990,total recall,year_1990 decade_1990s,Action Action Action Adventure Adventure Adventure SciFi SciFi SciFi Thriller Thriller Thriller,,total recall year_1990 decade_1990s Action Action Action Adventure Adventure Adventure SciFi SciFi SciFi Thriller Thriller Thriller
2917,Body Heat (1981),Crime|Thriller,1981,body heat,year_1981 decade_1980s,Crime Crime Crime Thriller Thriller Thriller,,body heat year_1981 decade_1980s Crime Crime Crime Thriller Thriller Thriller
2918,Ferris Bueller's Day Off (1986),Comedy,1986,ferris bueller s day off,year_1986 decade_1980s,Comedy Comedy Comedy,high school,ferris bueller s day off year_1986 decade_1980s Comedy Comedy Comedy high school
2919,"Year of Living Dangerously, The (1982)",Drama|Romance|War,1982,year of living dangerously the,year_1982 decade_1980s,Drama Drama Drama Romance Romance Romance War War War,journalism,year of living dangerously the year_1982 decade_1980s Drama Drama Drama Romance Romance Romance War War War journalism
2921,High Plains Drifter (1973),Western,1973,high plains drifter,year_1973 decade_1970s,Western Western Western,,high plains drifter year_1973 decade_1970s Western Western Western
2922,Hang 'Em High (1968),Crime|Drama|Western,1968,hang em high,year_1968 decade_1960s,Crime Crime Crime Drama Drama Drama Western Western Western,,hang em high year_1968 decade_1960s Crime Crime Crime Drama Drama Drama Western Western Western
2924,Drunken Master (Jui kuen) (1978),Action|Comedy,1978,drunken master jui kuen,year_1978 decade_1970s,Action Action Action Comedy Comedy Comedy,,drunken master jui kuen year_1978 decade_1970s Action Action Action Comedy Comedy Comedy
2925,"Conformist, The (Conformista, Il) (1970)",Drama,1970,conformist the conformista il,year_1970 decade_1970s,Drama Drama Drama,,conformist the conformista il year_1970 decade_1970s Drama Drama Drama
2926,Hairspray (1988),Comedy|Drama,1988,hairspray,year_1988 decade_1980s,Comedy Comedy Comedy Drama Drama Drama,,hairspray year_1988 decade_1980s Comedy Comedy Comedy Drama Drama Drama
2935,"Lady Eve, The (1941)",Comedy|Romance,1941,lady eve the,year_1941 decade_1940s,Comedy Comedy Comedy Romance Romance Romance,gambling,lady eve the year_1941 decade_1940s Comedy Comedy Comedy Romance Romance Romance gambling
2936,Sullivan's Travels (1941),Adventure|Comedy|Romance,1941,sullivan s travels,year_1941 decade_1940s,Adventure Adventure Adventure Comedy Comedy Comedy Romance Romance Romance,,sullivan s travels year_1941 decade_1940s Adventure Adventure Adventure Comedy Comedy Comedy Romance Romance Romance
2937,"Palm Beach Story, The (1942)",Comedy,1942,palm beach story the,year_1942 decade_1940s,Comedy Comedy Comedy,screwball,palm beach story the year_1942 decade_1940s Comedy Comedy Comedy screwball
2940,Gilda (1946),Drama|Film-Noir|Mystery|Romance,1946,gilda,year_1946 decade_1940s,Drama Drama Drama FilmNoir FilmNoir FilmNoir Mystery Mystery Mystery Romance Romance Romance,nightclub,gilda year_1946 decade_1940s Drama Drama Drama FilmNoir FilmNoir FilmNoir Mystery Mystery Mystery Romance Romance Romance nightclub
2941,South Pacific (1958),Musical|Romance|War,1958,south pacific,year_1958 decade_1950s,Musical Musical Musical Romance Romance Romance War War War,island,south pacific year_1958 decade_1950s Musical Musical Musical Romance Romance Romance War War War island
2942,Flashdance (1983),Drama|Romance,1983,flashdance,year_1983 decade_1980s,Drama Drama Drama Romance Romance Romance,,flashdance year_1983 decade_1980s Drama Drama Drama Romance Romance Romance
2944,"Dirty Dozen, The (1967)",Action|Drama|War,1967,dirty dozen the,year_1967 decade_1960s,Action Action Action Drama Drama Drama War War War,,dirty dozen the year_1967 decade_1960s Action Action Action Drama Drama Drama War War War
2946,Help! (1965),Comedy|Musical,1965,help,year_1965 decade_1960s,Comedy Comedy Comedy Musical Musical Musical,,help year_1965 decade_1960s Comedy Comedy Comedy Musical Musical Musical
2947,Goldfinger (1964),Action|Adventure|Thriller,1964,goldfinger,year_1964 decade_1960s,Action Action Action Adventure Adventure Adventure Thriller Thriller Thriller,,goldfinger year_1964 decade_1960s Action Action Action Adventure Adventure Adventure Thriller Thriller Thriller
2948,From Russia with Love (1963),Action|Adventure|Thriller,1963,from russia with love,year_1963 decade_1960s,Action Action Action Adventure Adventure Adventure Thriller Thriller Thriller,,from russia with love year_1963 decade_1960s Action Action Action Adventure Adventure Adventure Thriller Thriller Thriller
2949,Dr. No (1962),Action|Adventure|Thriller,1962,dr no,year_1962 decade_1960s,Action Action Action Adventure Adventure Adventure Thriller Thriller Thriller,,dr no year_1962 decade_1960s Action Action Action Adventure Adventure Adventure Thriller Thriller Thriller
2950,"Blue Lagoon, The (1980)",Adventure|Drama|Romance,1980,blue lagoon the,year_1980 decade_1980s,Adventure Adventure Adventure Drama Drama Drama Romance Romance Romance,,blue lagoon the year_1980 decade_1980s Adventure Adventure Adventure Drama Drama Drama Romance Romance Romance
2951,"Fistful of Dollars, A (Per un pugno di dollari) (1964)",Action|Western,1964,fistful of dollars a per un pugno di dollari,year_1964 decade_1960s,Action Action Action Western Western Western,bad,fistful of dollars a per un pugno di dollari year_1964 decade_1960s Action Action Action Western Western Western bad
2952,Sydney (Hard Eight) (1996),Crime|Drama|Thriller,1996,sydney hard eight,year_1996 decade_1990s,Crime Crime Crime Drama Drama Drama Thriller Thriller Thriller,gambling,sydney hard eight year_1996 decade_1990s Crime Crime Crime Drama Drama Drama Thriller Thriller Thriller gambling
2953,Home Alone 2: Lost in New York (1992),Children|Comedy,1992,home alone 2 lost in new york,year_1992 decade_1990s,Children Children Children Comedy Comedy Comedy,family funny sequel,home alone 2 lost in new york year_1992 decade_1990s Children Children Children Comedy Comedy Comedy family funny sequel
2956,Someone to Watch Over Me (1987),Action|Crime|Thriller,1987,someone to watch over me,year_1987 decade_1980s,Action Action Action Crime Crime Crime Thriller Thriller Thriller,,someone to watch over me year_1987 decade_1980s Action Action Action Crime Crime Crime Thriller Thriller Thriller
2959,Fight Club (1999),Action|Crime|Drama|Thriller,1999,fight club,year_1999 decade_1990s,Action Action Action Crime Crime Crime Drama Drama Drama Thriller Thriller Thriller,violence dark comedy twist ending thought provoking psychology brad pitt social commentary edward norton philosophy surreal mental illness atmospheric disturbing psychological philosophical mindfuck violent based on a book quirky satirical powerful ending complicated classic dark action stylized narrated crime helena bonham carter imdb top 250 twist great acting psychological thriller clever terrorism schizophrenia,fight club year_1999 decade_1990s Action Action Action Crime Crime Crime Drama Drama Drama Thriller Thriller Thriller violence dark comedy twist ending thought provoking psychology brad pitt social commentary edward norton philosophy surreal mental illness atmospheric disturbing psychological philosophical mindfuck violent based on a book quirky satirical powerful ending complicated classic dark action stylized narrated crime helena bonham carter imdb top 250 twist great acting psychological thriller clever terrorism schizophrenia
2961,"Story of Us, The (1999)",Comedy|Drama,1999,story of us the,year_1999 decade_1990s,Comedy Comedy Comedy Drama Drama Drama,,story of us the year_1999 decade_1990s Comedy Comedy Comedy Drama Drama Drama
2966,"Straight Story, The (1999)",Adventure|Drama,1999,straight story the,year_1999 decade_1990s,Adventure Adventure Adventure Drama Drama Drama,,straight story the year_1999 decade_1990s Adventure Adventure Adventure Drama Drama Drama
2968,Time Bandits (1981),Adventure|Comedy|Fantasy|Sci-Fi,1981,time bandits,year_1981 decade_1980s,Adventure Adventure Adventure Comedy Comedy Comedy Fantasy Fantasy Fantasy SciFi SciFi SciFi,time travel,time bandits year_1981 decade_1980s Adventure Adventure Adventure Comedy Comedy Comedy Fantasy Fantasy Fantasy SciFi SciFi SciFi time travel
2971,All That Jazz (1979),Drama|Fantasy|Musical,1979,all that jazz,year_1979 decade_1970s,Drama Drama Drama Fantasy Fantasy Fantasy Musical Musical Musical,,all that jazz year_1979 decade_1970s Drama Drama Drama Fantasy Fantasy Fantasy Musical Musical Musical
2973,Crimes and Misdemeanors (1989),Comedy|Crime|Drama,1989,crimes and misdemeanors,year_1989 decade_1980s,Comedy Comedy Comedy Crime Crime Crime Drama Drama Drama,,crimes and misdemeanors year_1989 decade_1980s Comedy Comedy Comedy Crime Crime Crime Drama Drama Drama
2976,Bringing Out the Dead (1999),Drama,1999,bringing out the dead,year_1999 decade_1990s,Drama Drama Drama,,bringing out the dead year_1999 decade_1990s Drama Drama Drama
2985,RoboCop (1987),Action|Crime|Drama|Sci-Fi|Thriller,1987,robocop,year_1987 decade_1980s,Action Action Action Crime Crime Crime Drama Drama Drama SciFi SciFi SciFi Thriller Thriller Thriller,,robocop year_1987 decade_1980s Action Action Action Crime Crime Crime Drama Drama Drama SciFi SciFi SciFi Thriller Thriller Thriller
2986,RoboCop 2 (1990),Action|Crime|Sci-Fi|Thriller,1990,robocop 2,year_1990 decade_1990s,Action Action Action Crime Crime Crime SciFi SciFi SciFi Thriller Thriller Thriller,,robocop 2 year_1990 decade_1990s Action Action Action Crime Crime Crime SciFi SciFi SciFi Thriller Thriller Thriller
2987,Who Framed Roger Rabbit? (1988),Adventure|Animation|Children|Comedy|Crime|Fantasy|Mystery,1988,who framed roger rabbit,year_1988 decade_1980s,Adventure Adventure Adventure Animation Animation Animation Children Children Children Comedy Comedy Comedy Crime Crime Crime Fantasy Fantasy Fantasy Mystery Mystery Mystery,,who framed roger rabbit year_1988 decade_1980s Adventure Adventure Adventure Animation Animation Animation Children Children Children Comedy Comedy Comedy Crime Crime Crime Fantasy Fantasy Fantasy Mystery Mystery Mystery
2989,For Your Eyes Only (1981),Action|Adventure|Thriller,1981,for your eyes only,year_1981 decade_1980s,Action Action Action Adventure Adventure Adventure Thriller Thriller Thriller,,for your eyes only year_1981 decade_1980s Action Action Action Adventure Adventure Adventure Thriller Thriller Thriller
2990,Licence to Kill (1989),Action|Adventure|Thriller,1989,licence to kill,year_1989 decade_1980s,Action Action Action Adventure Adventure Adventure Thriller Thriller Thriller,,licence to kill year_1989 decade_1980s Action Action Action Adventure Adventure Adventure Thriller Thriller Thriller
2991,Live and Let Die (1973),Action|Adventure|Thriller,1973,live and let die,year_1973 decade_1970s,Action Action Action Adventure Adventure Adventure Thriller Thriller Thriller,,live and let die year_1973 decade_1970s Action Action Action Adventure Adventure Adventure Thriller Thriller Thriller
2993,Thunderball (1965),Action|Adventure|Thriller,1965,thunderball,year_1965 decade_1960s,Action Action Action Adventure Adventure Adventure Thriller Thriller Thriller,,thunderball year_1965 decade_1960s Action Action Action Adventure Adventure Adventure Thriller Thriller Thriller
2995,House on Haunted Hill (1999),Horror|Thriller,1999,house on haunted hill,year_1999 decade_1990s,Horror Horror Horror Thriller Thriller Thriller,,house on haunted hill year_1999 decade_1990s Horror Horror Horror Thriller Thriller Thriller
2997,Being John Malkovich (1999),Comedy|Drama|Fantasy,1999,being john malkovich,year_1999 decade_1990s,Comedy Comedy Comedy Drama Drama Drama Fantasy Fantasy Fantasy,,being john malkovich year_1999 decade_1990s Comedy Comedy Comedy Drama Drama Drama Fantasy Fantasy Fantasy
3000,Princess Mononoke (Mononoke-hime) (1997),Action|Adventure|Animation|Drama|Fantasy,1997,princess mononoke mononoke hime,year_1997 decade_1990s,Action Action Action Adventure Adventure Adventure Animation Animation Animation Drama Drama Drama Fantasy Fantasy Fantasy,anime studio ghibli surreal fantasy world atmospheric adventure,princess mononoke mononoke hime year_1997 decade_1990s Action Action Action Adventure Adventure Adventure Animation Animation Animation Drama Drama Drama Fantasy Fantasy Fantasy anime studio ghibli surreal fantasy world atmospheric adventure
3004,"Bachelor, The (1999)",Comedy|Romance,1999,bachelor the,year_1999 decade_1990s,Comedy Comedy Comedy Romance Romance Romance,,bachelor the year_1999 decade_1990s Comedy Comedy Comedy Romance Romance Romance
3005,"Bone Collector, The (1999)",Thriller,1999,bone collector the,year_1999 decade_1990s,Thriller Thriller Thriller,,bone collector the year_1999 decade_1990s Thriller Thriller Thriller
3006,"Insider, The (1999)",Drama|Thriller,1999,insider the,year_1999 decade_1990s,Drama Drama Drama Thriller Thriller Thriller,true story,insider the year_1999 decade_1990s Drama Drama Drama Thriller Thriller Thriller true story
3007,American Movie (1999),Documentary,1999,american movie,year_1999 decade_1990s,Documentary Documentary Documentary,,american movie year_1999 decade_1990s Documentary Documentary Documentary
3016,Creepshow (1982),Horror,1982,creepshow,year_1982 decade_1980s,Horror Horror Horror,,creepshow year_1982 decade_1980s Horror Horror Horror
3018,Re-Animator (1985),Comedy|Horror|Sci-Fi,1985,re animator,year_1985 decade_1980s,Comedy Comedy Comedy Horror Horror Horror SciFi SciFi SciFi,,re animator year_1985 decade_1980s Comedy Comedy Comedy Horror Horror Horror SciFi SciFi SciFi
3019,Drugstore Cowboy (1989),Crime|Drama,1989,drugstore cowboy,year_1989 decade_1980s,Crime Crime Crime Drama Drama Drama,,drugstore cowboy year_1989 decade_1980s Crime Crime Crime Drama Drama Drama
3020,Falling Down (1993),Action|Drama,1993,falling down,year_1993 decade_1990s,Action Action Action Drama Drama Drama,,falling down year_1993 decade_1990s Action Action Action Drama Drama Drama
3022,"General, The (1926)",Comedy|War,1926,general the,year_1926 decade_1920s,Comedy Comedy Comedy War War War,,general the year_1926 decade_1920s Comedy Comedy Comedy War War War
3024,Piranha (1978),Horror|Sci-Fi,1978,piranha,year_1978 decade_1970s,Horror Horror Horror SciFi SciFi SciFi,,piranha year_1978 decade_1970s Horror Horror Horror SciFi SciFi SciFi
3029,Nighthawks (1981),Action|Drama,1981,nighthawks,year_1981 decade_1980s,Action Action Action Drama Drama Drama,,nighthawks year_1981 decade_1980s Action Action Action Drama Drama Drama
3030,Yojimbo (1961),Action|Adventure,1961,yojimbo,year_1961 decade_1960s,Action Action Action Adventure Adventure Adventure,samurai,yojimbo year_1961 decade_1960s Action Action Action Adventure Adventure Adventure samurai
3032,"Omega Man, The (1971)",Action|Drama|Sci-Fi|Thriller,1971,omega man the,year_1971 decade_1970s,Action Action Action Drama Drama Drama SciFi SciFi SciFi Thriller Thriller Thriller,,omega man the year_1971 decade_1970s Action Action Action Drama Drama Drama SciFi SciFi SciFi Thriller Thriller Thriller
3033,Spaceballs (1987),Comedy|Sci-Fi,1987,spaceballs,year_1987 decade_1980s,Comedy Comedy Comedy SciFi SciFi SciFi,,spaceballs year_1987 decade_1980s Comedy Comedy Comedy SciFi SciFi SciFi
3034,Robin Hood (1973),Adventure|Animation|Children|Comedy|Musical,1973,robin hood,year_1973 decade_1970s,Adventure Adventure Adventure Animation Animation Animation Children Children Children Comedy Comedy Comedy Musical Musical Musical,,robin hood year_1973 decade_1970s Adventure Adventure Adventure Animation Animation Animation Children Children Children Comedy Comedy Comedy Musical Musical Musical
3035,Mister Roberts (1955),Comedy|Drama|War,1955,mister roberts,year_1955 decade_1950s,Comedy Comedy Comedy Drama Drama Drama War War War,,mister roberts year_1955 decade_1950s Comedy Comedy Comedy Drama Drama Drama War War War
3036,"Quest for Fire (Guerre du feu, La) (1981)",Adventure|Drama,1981,quest for fire guerre du feu la,year_1981 decade_1980s,Adventure Adventure Adventure Drama Drama Drama,,quest for fire guerre du feu la year_1981 decade_1980s Adventure Adventure Adventure Drama Drama Drama
3037,Little Big Man (1970),Western,1970,little big man,year_1970 decade_1970s,Western Western Western,,little big man year_1970 decade_1970s Western Western Western
3038,"Face in the Crowd, A (1957)",Drama,1957,face in the crowd a,year_1957 decade_1950s,Drama Drama Drama,,face in the crowd a year_1957 decade_1950s Drama Drama Drama
3039,Trading Places (1983),Comedy,1983,trading places,year_1983 decade_1980s,Comedy Comedy Comedy,,trading places year_1983 decade_1980s Comedy Comedy Comedy
3040,Meatballs (1979),Comedy,1979,meatballs,year_1979 decade_1970s,Comedy Comedy Comedy,,meatballs year_1979 decade_1970s Comedy Comedy Comedy
3041,Meatballs Part II (1984),Comedy,1984,meatballs part ii,year_1984 decade_1980s,Comedy Comedy Comedy,,meatballs part ii year_1984 decade_1980s Comedy Comedy Comedy
3044,Dead Again (1991),Mystery|Romance|Thriller,1991,dead again,year_1991 decade_1990s,Mystery Mystery Mystery Romance Romance Romance Thriller Thriller Thriller,music memory,dead again year_1991 decade_1990s Mystery Mystery Mystery Romance Romance Romance Thriller Thriller Thriller music memory
3045,Peter's Friends (1992),Comedy|Drama,1992,peter s friends,year_1992 decade_1990s,Comedy Comedy Comedy Drama Drama Drama,,peter s friends year_1992 decade_1990s Comedy Comedy Comedy Drama Drama Drama
3052,Dogma (1999),Adventure|Comedy|Fantasy,1999,dogma,year_1999 decade_1990s,Adventure Adventure Adventure Comedy Comedy Comedy Fantasy Fantasy Fantasy,religion satire irreverent,dogma year_1999 decade_1990s Adventure Adventure Adventure Comedy Comedy Comedy Fantasy Fantasy Fantasy religion satire irreverent
3053,"Messenger: The Story of Joan of Arc, The (1999)",Drama|War,1999,messenger the story of joan of arc the,year_1999 decade_1990s,Drama Drama Drama War War War,,messenger the story of joan of arc the year_1999 decade_1990s Drama Drama Drama War War War
3054,Pokémon: The First Movie (1998),Adventure|Animation|Children|Fantasy|Sci-Fi,1998,pok mon the first movie,year_1998 decade_1990s,Adventure Adventure Adventure Animation Animation Animation Children Children Children Fantasy Fantasy Fantasy SciFi SciFi SciFi,,pok mon the first movie year_1998 decade_1990s Adventure Adventure Adventure Animation Animation Animation Children Children Children Fantasy Fantasy Fantasy SciFi SciFi SciFi
3060,"Commitments, The (1991)",Comedy|Drama|Musical,1991,commitments the,year_1991 decade_1990s,Comedy Comedy Comedy Drama Drama Drama Musical Musical Musical,,commitments the year_1991 decade_1990s Comedy Comedy Comedy Drama Drama Drama Musical Musical Musical
3061,Holiday Inn (1942),Comedy|Musical,1942,holiday inn,year_1942 decade_1940s,Comedy Comedy Comedy Musical Musical Musical,,holiday inn year_1942 decade_1940s Comedy Comedy Comedy Musical Musical Musical
3062,"Longest Day, The (1962)",Action|Drama|War,1962,longest day the,year_1962 decade_1960s,Action Action Action Drama Drama Drama War War War,,longest day the year_1962 decade_1960s Action Action Action Drama Drama Drama War War War
3063,Poison Ivy (1992),Drama|Thriller,1992,poison ivy,year_1992 decade_1990s,Drama Drama Drama Thriller Thriller Thriller,,poison ivy year_1992 decade_1990s Drama Drama Drama Thriller Thriller Thriller
3066,Tora! Tora! Tora! (1970),Action|Drama|War,1970,tora tora tora,year_1970 decade_1970s,Action Action Action Drama Drama Drama War War War,,tora tora tora year_1970 decade_1970s Action Action Action Drama Drama Drama War War War
3067,Women on the Verge of a Nervous Breakdown (Mujeres al borde de un ataque de nervios) (1988),Comedy|Drama,1988,women on the verge of a nervous breakdown mujeres al borde de un ataque de nervios,year_1988 decade_1980s,Comedy Comedy Comedy Drama Drama Drama,,women on the verge of a nervous breakdown mujeres al borde de un ataque de nervios year_1988 decade_1980s Comedy Comedy Comedy Drama Drama Drama
3068,"Verdict, The (1982)",Drama|Mystery,1982,verdict the,year_1982 decade_1980s,Drama Drama Drama Mystery Mystery Mystery,,verdict the year_1982 decade_1980s Drama Drama Drama Mystery Mystery Mystery
3070,"Adventures of Buckaroo Banzai Across the 8th Dimension, The (1984)",Adventure|Comedy|Sci-Fi,1984,adventures of buckaroo banzai across the 8th dimension the,year_1984 decade_1980s,Adventure Adventure Adventure Comedy Comedy Comedy SciFi SciFi SciFi,,adventures of buckaroo banzai across the 8th dimension the year_1984 decade_1980s Adventure Adventure Adventure Comedy Comedy Comedy SciFi SciFi SciFi
3071,Stand and Deliver (1988),Comedy|Drama,1988,stand and deliver,year_1988 decade_1980s,Comedy Comedy Comedy Drama Drama Drama,high school,stand and deliver year_1988 decade_1980s Comedy Comedy Comedy Drama Drama Drama high school
3072,Moonstruck (1987),Comedy|Romance,1987,moonstruck,year_1987 decade_1980s,Comedy Comedy Comedy Romance Romance Romance,new york,moonstruck year_1987 decade_1980s Comedy Comedy Comedy Romance Romance Romance new york
3079,Mansfield Park (1999),Comedy|Drama|Romance,1999,mansfield park,year_1999 decade_1990s,Comedy Comedy Comedy Drama Drama Drama Romance Romance Romance,,mansfield park year_1999 decade_1990s Comedy Comedy Comedy Drama Drama Drama Romance Romance Romance
3081,Sleepy Hollow (1999),Fantasy|Horror|Mystery|Romance,1999,sleepy hollow,year_1999 decade_1990s,Fantasy Fantasy Fantasy Horror Horror Horror Mystery Mystery Mystery Romance Romance Romance,,sleepy hollow year_1999 decade_1990s Fantasy Fantasy Fantasy Horror Horror Horror Mystery Mystery Mystery Romance Romance Romance
3082,"World Is Not Enough, The (1999)",Action|Adventure|Thriller,1999,world is not enough the,year_1999 decade_1990s,Action Action Action Adventure Adventure Adventure Thriller Thriller Thriller,,world is not enough the year_1999 decade_1990s Action Action Action Adventure Adventure Adventure Thriller Thriller Thriller
3083,All About My Mother (Todo sobre mi madre) (1999),Drama,1999,all about my mother todo sobre mi madre,year_1999 decade_1990s,Drama Drama Drama,,all about my mother todo sobre mi madre year_1999 decade_1990s Drama Drama Drama
3087,Scrooged (1988),Comedy|Fantasy|Romance,1988,scrooged,year_1988 decade_1980s,Comedy Comedy Comedy Fantasy Fantasy Fantasy Romance Romance Romance,new york christmas,scrooged year_1988 decade_1980s Comedy Comedy Comedy Fantasy Fantasy Fantasy Romance Romance Romance new york christmas
3088,Harvey (1950),Comedy|Fantasy,1950,harvey,year_1950 decade_1950s,Comedy Comedy Comedy Fantasy Fantasy Fantasy,,harvey year_1950 decade_1950s Comedy Comedy Comedy Fantasy Fantasy Fantasy
3089,Bicycle Thieves (a.k.a. The Bicycle Thief) (a.k.a. The Bicycle Thieves) (Ladri di biciclette) (1948),Drama,1948,bicycle thieves a k a the bicycle thief a k a the bicycle thieves ladri di biciclette,year_1948 decade_1940s,Drama Drama Drama,,bicycle thieves a k a the bicycle thief a k a the bicycle thieves ladri di biciclette year_1948 decade_1940s Drama Drama Drama
3090,Matewan (1987),Drama,1987,matewan,year_1987 decade_1980s,Drama Drama Drama,,matewan year_1987 decade_1980s Drama Drama Drama
3095,"Grapes of Wrath, The (1940)",Drama,1940,grapes of wrath the,year_1940 decade_1940s,Drama Drama Drama,,grapes of wrath the year_1940 decade_1940s Drama Drama Drama
3098,"Natural, The (1984)",Drama,1984,natural the,year_1984 decade_1980s,Drama Drama Drama,baseball sports,natural the year_1984 decade_1980s Drama Drama Drama baseball sports
3099,Shampoo (1975),Comedy|Drama|Romance,1975,shampoo,year_1975 decade_1970s,Comedy Comedy Comedy Drama Drama Drama Romance Romance Romance,,shampoo year_1975 decade_1970s Comedy Comedy Comedy Drama Drama Drama Romance Romance Romance
3100,"River Runs Through It, A (1992)",Drama,1992,river runs through it a,year_1992 decade_1990s,Drama Drama Drama,,river runs through it a year_1992 decade_1990s Drama Drama Drama
3101,Fatal Attraction (1987),Drama|Thriller,1987,fatal attraction,year_1987 decade_1980s,Drama Drama Drama Thriller Thriller Thriller,adultery,fatal attraction year_1987 decade_1980s Drama Drama Drama Thriller Thriller Thriller adultery
3102,Jagged Edge (1985),Crime|Romance|Thriller,1985,jagged edge,year_1985 decade_1980s,Crime Crime Crime Romance Romance Romance Thriller Thriller Thriller,,jagged edge year_1985 decade_1980s Crime Crime Crime Romance Romance Romance Thriller Thriller Thriller
3104,Midnight Run (1988),Action|Comedy|Crime|Thriller,1988,midnight run,year_1988 decade_1980s,Action Action Action Comedy Comedy Comedy Crime Crime Crime Thriller Thriller Thriller,,midnight run year_1988 decade_1980s Action Action Action Comedy Comedy Comedy Crime Crime Crime Thriller Thriller Thriller
3105,Awakenings (1990),Drama|Mystery,1990,awakenings,year_1990 decade_1990s,Drama Drama Drama Mystery Mystery Mystery,,awakenings year_1990 decade_1990s Drama Drama Drama Mystery Mystery Mystery
3107,Backdraft (1991),Action|Drama,1991,backdraft,year_1991 decade_1990s,Action Action Action Drama Drama Drama,,backdraft year_1991 decade_1990s Action Action Action Drama Drama Drama
3108,"Fisher King, The (1991)",Comedy|Drama|Fantasy|Romance,1991,fisher king the,year_1991 decade_1990s,Comedy Comedy Comedy Drama Drama Drama Fantasy Fantasy Fantasy Romance Romance Romance,homeless,fisher king the year_1991 decade_1990s Comedy Comedy Comedy Drama Drama Drama Fantasy Fantasy Fantasy Romance Romance Romance homeless
3113,End of Days (1999),Action|Fantasy|Horror|Mystery|Thriller,1999,end of days,year_1999 decade_1990s,Action Action Action Fantasy Fantasy Fantasy Horror Horror Horror Mystery Mystery Mystery Thriller Thriller Thriller,,end of days year_1999 decade_1990s Action Action Action Fantasy Fantasy Fantasy Horror Horror Horror Mystery Mystery Mystery Thriller Thriller Thriller
3114,Toy Story 2 (1999),Adventure|Animation|Children|Comedy|Fantasy,1999,toy story 2,year_1999 decade_1990s,Adventure Adventure Adventure Animation Animation Animation Children Children Children Comedy Comedy Comedy Fantasy Fantasy Fantasy,pixar disney animation sequel funny original tom hanks,toy story 2 year_1999 decade_1990s Adventure Adventure Adventure Animation Animation Animation Children Children Children Comedy Comedy Comedy Fantasy Fantasy Fantasy pixar disney animation sequel funny original tom hanks
3115,Flawless (1999),Drama,1999,flawless,year_1999 decade_1990s,Drama Drama Drama,men in drag,flawless year_1999 decade_1990s Drama Drama Drama men in drag
3130,Bonfire of the Vanities (1990),Comedy|Crime|Drama,1990,bonfire of the vanities,year_1990 decade_1990s,Comedy Comedy Comedy Crime Crime Crime Drama Drama Drama,,bonfire of the vanities year_1990 decade_1990s Comedy Comedy Comedy Crime Crime Crime Drama Drama Drama
3134,Grand Illusion (La grande illusion) (1937),Drama|War,1937,grand illusion la grande illusion,year_1937 decade_1930s,Drama Drama Drama War War War,downbeat poignant,grand illusion la grande illusion year_1937 decade_1930s Drama Drama Drama War War War downbeat poignant
3146,Deuce Bigalow: Male Gigolo (1999),Comedy,1999,deuce bigalow male gigolo,year_1999 decade_1990s,Comedy Comedy Comedy,,deuce bigalow male gigolo year_1999 decade_1990s Comedy Comedy Comedy
3147,"Green Mile, The (1999)",Crime|Drama,1999,green mile the,year_1999 decade_1990s,Crime Crime Crime Drama Drama Drama,stephen king,green mile the year_1999 decade_1990s Crime Crime Crime Drama Drama Drama stephen king
3148,"Cider House Rules, The (1999)",Drama,1999,cider house rules the,year_1999 decade_1990s,Drama Drama Drama,,cider house rules the year_1999 decade_1990s Drama Drama Drama
3152,"Last Picture Show, The (1971)",Drama,1971,last picture show the,year_1971 decade_1970s,Drama Drama Drama,black and white,last picture show the year_1971 decade_1970s Drama Drama Drama black and white
3153,"7th Voyage of Sinbad, The (1958)",Action|Adventure|Fantasy,1958,7th voyage of sinbad the,year_1958 decade_1950s,Action Action Action Adventure Adventure Adventure Fantasy Fantasy Fantasy,,7th voyage of sinbad the year_1958 decade_1950s Action Action Action Adventure Adventure Adventure Fantasy Fantasy Fantasy
3155,Anna and the King (1999),Drama|Romance,1999,anna and the king,year_1999 decade_1990s,Drama Drama Drama Romance Romance Romance,,anna and the king year_1999 decade_1990s Drama Drama Drama Romance Romance Romance
3156,Bicentennial Man (1999),Drama|Romance|Sci-Fi,1999,bicentennial man,year_1999 decade_1990s,Drama Drama Drama Romance Romance Romance SciFi SciFi SciFi,,bicentennial man year_1999 decade_1990s Drama Drama Drama Romance Romance Romance SciFi SciFi SciFi
3157,Stuart Little (1999),Children|Comedy|Fantasy,1999,stuart little,year_1999 decade_1990s,Children Children Children Comedy Comedy Comedy Fantasy Fantasy Fantasy,,stuart little year_1999 decade_1990s Children Children Children Comedy Comedy Comedy Fantasy Fantasy Fantasy
3159,Fantasia 2000 (1999),Animation|Children|Musical,1999,fantasia 2000,year_1999 decade_1990s,Animation Animation Animation Children Children Children Musical Musical Musical,,fantasia 2000 year_1999 decade_1990s Animation Animation Animation Children Children Children Musical Musical Musical
3160,Magnolia (1999),Drama,1999,magnolia,year_1999 decade_1990s,Drama Drama Drama,,magnolia year_1999 decade_1990s Drama Drama Drama
3168,Easy Rider (1969),Adventure|Drama,1969,easy rider,year_1969 decade_1960s,Adventure Adventure Adventure Drama Drama Drama,,easy rider year_1969 decade_1960s Adventure Adventure Adventure Drama Drama Drama
3169,The Falcon and the Snowman (1985),Crime|Drama|Thriller,1985,the falcon and the snowman,year_1985 decade_1980s,Crime Crime Crime Drama Drama Drama Thriller Thriller Thriller,,the falcon and the snowman year_1985 decade_1980s Crime Crime Crime Drama Drama Drama Thriller Thriller Thriller
3173,Any Given Sunday (1999),Drama,1999,any given sunday,year_1999 decade_1990s,Drama Drama Drama,,any given sunday year_1999 decade_1990s Drama Drama Drama
3174,Man on the Moon (1999),Comedy|Drama,1999,man on the moon,year_1999 decade_1990s,Comedy Comedy Comedy Drama Drama Drama,,man on the moon year_1999 decade_1990s Comedy Comedy Comedy Drama Drama Drama
3175,Galaxy Quest (1999),Adventure|Comedy|Sci-Fi,1999,galaxy quest,year_1999 decade_1990s,Adventure Adventure Adventure Comedy Comedy Comedy SciFi SciFi SciFi,spoof,galaxy quest year_1999 decade_1990s Adventure Adventure Adventure Comedy Comedy Comedy SciFi SciFi SciFi spoof
3176,"Talented Mr. Ripley, The (1999)",Drama|Mystery|Thriller,1999,talented mr ripley the,year_1999 decade_1990s,Drama Drama Drama Mystery Mystery Mystery Thriller Thriller Thriller,murder psychology jude law disturbing serial killer creepy obsession suspense based on a book,talented mr ripley the year_1999 decade_1990s Drama Drama Drama Mystery Mystery Mystery Thriller Thriller Thriller murder psychology jude law disturbing serial killer creepy obsession suspense based on a book
3177,Next Friday (2000),Comedy,2000,next friday,year_2000 decade_2000s,Comedy Comedy Comedy,,next friday year_2000 decade_2000s Comedy Comedy Comedy
3178,"Hurricane, The (1999)",Drama,1999,hurricane the,year_1999 decade_1990s,Drama Drama Drama,boxing,hurricane the year_1999 decade_1990s Drama Drama Drama boxing
3181,Titus (1999),Drama,1999,titus,year_1999 decade_1990s,Drama Drama Drama,shakespeare,titus year_1999 decade_1990s Drama Drama Drama shakespeare
3182,"Mr. Death: The Rise and Fall of Fred A. Leuchter, Jr. (1999)",Documentary,1999,mr death the rise and fall of fred a leuchter jr,year_1999 decade_1990s,Documentary Documentary Documentary,,mr death the rise and fall of fred a leuchter jr year_1999 decade_1990s Documentary Documentary Documentary
3186,"Girl, Interrupted (1999)",Drama,1999,girl interrupted,year_1999 decade_1990s,Drama Drama Drama,psychology based on a true story,girl interrupted year_1999 decade_1990s Drama Drama Drama psychology based on a true story
3189,My Dog Skip (1999),Children|Drama,1999,my dog skip,year_1999 decade_1990s,Children Children Children Drama Drama Drama,,my dog skip year_1999 decade_1990s Children Children Children Drama Drama Drama
3196,Stalag 17 (1953),Drama|War,1953,stalag 17,year_1953 decade_1950s,Drama Drama Drama War War War,,stalag 17 year_1953 decade_1950s Drama Drama Drama War War War
3197,"Presidio, The (1988)",Action|Crime|Romance|Thriller,1988,presidio the,year_1988 decade_1980s,Action Action Action Crime Crime Crime Romance Romance Romance Thriller Thriller Thriller,,presidio the year_1988 decade_1980s Action Action Action Crime Crime Crime Romance Romance Romance Thriller Thriller Thriller
3198,Papillon (1973),Crime|Drama,1973,papillon,year_1973 decade_1970s,Crime Crime Crime Drama Drama Drama,,papillon year_1973 decade_1970s Crime Crime Crime Drama Drama Drama
3200,"Last Detail, The (1973)",Comedy|Drama,1973,last detail the,year_1973 decade_1970s,Comedy Comedy Comedy Drama Drama Drama,,last detail the year_1973 decade_1970s Comedy Comedy Comedy Drama Drama Drama
3201,Five Easy Pieces (1970),Drama,1970,five easy pieces,year_1970 decade_1970s,Drama Drama Drama,,five easy pieces year_1970 decade_1970s Drama Drama Drama
3203,Dead Calm (1989),Thriller,1989,dead calm,year_1989 decade_1980s,Thriller Thriller Thriller,,dead calm year_1989 decade_1980s Thriller Thriller Thriller
3204,"Boys from Brazil, The (1978)",Action|Mystery|Thriller,1978,boys from brazil the,year_1978 decade_1970s,Action Action Action Mystery Mystery Mystery Thriller Thriller Thriller,,boys from brazil the year_1978 decade_1970s Action Action Action Mystery Mystery Mystery Thriller Thriller Thriller
3208,Loaded Weapon 1 (National Lampoon's Loaded Weapon 1) (1993),Action|Comedy,1993,loaded weapon 1 national lampoon s loaded weapon 1,year_1993 decade_1990s,Action Action Action Comedy Comedy Comedy,,loaded weapon 1 national lampoon s loaded weapon 1 year_1993 decade_1990s Action Action Action Comedy Comedy Comedy
3210,Fast Times at Ridgemont High (1982),Comedy|Drama|Romance,1982,fast times at ridgemont high,year_1982 decade_1980s,Comedy Comedy Comedy Drama Drama Drama Romance Romance Romance,high school,fast times at ridgemont high year_1982 decade_1980s Comedy Comedy Comedy Drama Drama Drama Romance Romance Romance high school
3213,Batman: Mask of the Phantasm (1993),Animation|Children,1993,batman mask of the phantasm,year_1993 decade_1990s,Animation Animation Animation Children Children Children,,batman mask of the phantasm year_1993 decade_1990s Animation Animation Animation Children Children Children
3219,Pacific Heights (1990),Mystery|Thriller,1990,pacific heights,year_1990 decade_1990s,Mystery Mystery Mystery Thriller Thriller Thriller,,pacific heights year_1990 decade_1990s Mystery Mystery Mystery Thriller Thriller Thriller
3221,"Draughtsman's Contract, The (1982)",Drama,1982,draughtsman s contract the,year_1982 decade_1980s,Drama Drama Drama,,draughtsman s contract the year_1982 decade_1980s Drama Drama Drama
3238,Eye of the Beholder (1999),Thriller,1999,eye of the beholder,year_1999 decade_1990s,Thriller Thriller Thriller,,eye of the beholder year_1999 decade_1990s Thriller Thriller Thriller
3243,Encino Man (1992),Comedy,1992,encino man,year_1992 decade_1990s,Comedy Comedy Comedy,,encino man year_1992 decade_1990s Comedy Comedy Comedy
3244,"Goodbye Girl, The (1977)",Comedy|Romance,1977,goodbye girl the,year_1977 decade_1970s,Comedy Comedy Comedy Romance Romance Romance,,goodbye girl the year_1977 decade_1970s Comedy Comedy Comedy Romance Romance Romance
3246,Malcolm X (1992),Drama,1992,malcolm x,year_1992 decade_1990s,Drama Drama Drama,,malcolm x year_1992 decade_1990s Drama Drama Drama
3247,Sister Act (1992),Comedy|Crime,1992,sister act,year_1992 decade_1990s,Comedy Comedy Comedy Crime Crime Crime,,sister act year_1992 decade_1990s Comedy Comedy Comedy Crime Crime Crime
3248,Sister Act 2: Back in the Habit (1993),Comedy,1993,sister act 2 back in the habit,year_1993 decade_1990s,Comedy Comedy Comedy,,sister act 2 back in the habit year_1993 decade_1990s Comedy Comedy Comedy
3249,"Hand That Rocks the Cradle, The (1992)",Drama|Thriller,1992,hand that rocks the cradle the,year_1992 decade_1990s,Drama Drama Drama Thriller Thriller Thriller,,hand that rocks the cradle the year_1992 decade_1990s Drama Drama Drama Thriller Thriller Thriller
3250,Alive (1993),Drama,1993,alive,year_1993 decade_1990s,Drama Drama Drama,,alive year_1993 decade_1990s Drama Drama Drama
3251,Agnes of God (1985),Drama|Mystery,1985,agnes of god,year_1985 decade_1980s,Drama Drama Drama Mystery Mystery Mystery,,agnes of god year_1985 decade_1980s Drama Drama Drama Mystery Mystery Mystery
3252,Scent of a Woman (1992),Drama,1992,scent of a woman,year_1992 decade_1990s,Drama Drama Drama,,scent of a woman year_1992 decade_1990s Drama Drama Drama
3253,Wayne's World (1992),Comedy,1992,wayne s world,year_1992 decade_1990s,Comedy Comedy Comedy,,wayne s world year_1992 decade_1990s Comedy Comedy Comedy
3254,Wayne's World 2 (1993),Comedy,1993,wayne s world 2,year_1993 decade_1990s,Comedy Comedy Comedy,,wayne s world 2 year_1993 decade_1990s Comedy Comedy Comedy
3255,"League of Their Own, A (1992)",Comedy|Drama,1992,league of their own a,year_1992 decade_1990s,Comedy Comedy Comedy Drama Drama Drama,,league of their own a year_1992 decade_1990s Comedy Comedy Comedy Drama Drama Drama
3256,Patriot Games (1992),Action|Crime|Drama|Thriller,1992,patriot games,year_1992 decade_1990s,Action Action Action Crime Crime Crime Drama Drama Drama Thriller Thriller Thriller,,patriot games year_1992 decade_1990s Action Action Action Crime Crime Crime Drama Drama Drama Thriller Thriller Thriller
3257,"Bodyguard, The (1992)",Drama|Romance|Thriller,1992,bodyguard the,year_1992 decade_1990s,Drama Drama Drama Romance Romance Romance Thriller Thriller Thriller,,bodyguard the year_1992 decade_1990s Drama Drama Drama Romance Romance Romance Thriller Thriller Thriller
3258,Death Becomes Her (1992),Comedy|Fantasy,1992,death becomes her,year_1992 decade_1990s,Comedy Comedy Comedy Fantasy Fantasy Fantasy,,death becomes her year_1992 decade_1990s Comedy Comedy Comedy Fantasy Fantasy Fantasy
3259,Far and Away (1992),Adventure|Drama|Romance,1992,far and away,year_1992 decade_1990s,Adventure Adventure Adventure Drama Drama Drama Romance Romance Romance,ireland,far and away year_1992 decade_1990s Adventure Adventure Adventure Drama Drama Drama Romance Romance Romance ireland
3260,Howards End (1992),Drama,1992,howards end,year_1992 decade_1990s,Drama Drama Drama,e m forster,howards end year_1992 decade_1990s Drama Drama Drama e m forster
3261,Singles (1992),Comedy|Drama|Romance,1992,singles,year_1992 decade_1990s,Comedy Comedy Comedy Drama Drama Drama Romance Romance Romance,,singles year_1992 decade_1990s Comedy Comedy Comedy Drama Drama Drama Romance Romance Romance
3262,Twin Peaks: Fire Walk with Me (1992),Crime|Drama|Mystery|Thriller,1992,twin peaks fire walk with me,year_1992 decade_1990s,Crime Crime Crime Drama Drama Drama Mystery Mystery Mystery Thriller Thriller Thriller,,twin peaks fire walk with me year_1992 decade_1990s Crime Crime Crime Drama Drama Drama Mystery Mystery Mystery Thriller Thriller Thriller
3263,White Men Can't Jump (1992),Comedy|Drama,1992,white men can t jump,year_1992 decade_1990s,Comedy Comedy Comedy Drama Drama Drama,basketball,white men can t jump year_1992 decade_1990s Comedy Comedy Comedy Drama Drama Drama basketball
3264,Buffy the Vampire Slayer (1992),Action|Comedy|Horror,1992,buffy the vampire slayer,year_1992 decade_1990s,Action Action Action Comedy Comedy Comedy Horror Horror Horror,,buffy the vampire slayer year_1992 decade_1990s Action Action Action Comedy Comedy Comedy Horror Horror Horror
3265,Hard-Boiled (Lat sau san taam) (1992),Action|Crime|Drama|Thriller,1992,hard boiled lat sau san taam,year_1992 decade_1990s,Action Action Action Crime Crime Crime Drama Drama Drama Thriller Thriller Thriller,heroic bloodshed gun fu,hard boiled lat sau san taam year_1992 decade_1990s Action Action Action Crime Crime Crime Drama Drama Drama Thriller Thriller Thriller heroic bloodshed gun fu
3266,Man Bites Dog (C'est arrivé près de chez vous) (1992),Comedy|Crime|Drama|Thriller,1992,man bites dog c est arriv pr s de chez vous,year_1992 decade_1990s,Comedy Comedy Comedy Crime Crime Crime Drama Drama Drama Thriller Thriller Thriller,dark comedy dark black comedy dark humor serial killer,man bites dog c est arriv pr s de chez vous year_1992 decade_1990s Comedy Comedy Comedy Crime Crime Crime Drama Drama Drama Thriller Thriller Thriller dark comedy dark black comedy dark humor serial killer
3267,"Mariachi, El (1992)",Action|Crime|Thriller|Western,1992,mariachi el,year_1992 decade_1990s,Action Action Action Crime Crime Crime Thriller Thriller Thriller Western Western Western,,mariachi el year_1992 decade_1990s Action Action Action Crime Crime Crime Thriller Thriller Thriller Western Western Western
3268,Stop! Or My Mom Will Shoot (1992),Action|Comedy,1992,stop or my mom will shoot,year_1992 decade_1990s,Action Action Action Comedy Comedy Comedy,,stop or my mom will shoot year_1992 decade_1990s Action Action Action Comedy Comedy Comedy
3269,Forever Young (1992),Drama|Romance|Sci-Fi,1992,forever young,year_1992 decade_1990s,Drama Drama Drama Romance Romance Romance SciFi SciFi SciFi,,forever young year_1992 decade_1990s Drama Drama Drama Romance Romance Romance SciFi SciFi SciFi
3270,"Cutting Edge, The (1992)",Comedy|Drama|Romance,1992,cutting edge the,year_1992 decade_1990s,Comedy Comedy Comedy Drama Drama Drama Romance Romance Romance,,cutting edge the year_1992 decade_1990s Comedy Comedy Comedy Drama Drama Drama Romance Romance Romance
3271,Of Mice and Men (1992),Drama,1992,of mice and men,year_1992 decade_1990s,Drama Drama Drama,,of mice and men year_1992 decade_1990s Drama Drama Drama
3272,Bad Lieutenant (1992),Crime|Drama,1992,bad lieutenant,year_1992 decade_1990s,Crime Crime Crime Drama Drama Drama,,bad lieutenant year_1992 decade_1990s Crime Crime Crime Drama Drama Drama
3273,Scream 3 (2000),Comedy|Horror|Mystery|Thriller,2000,scream 3,year_2000 decade_2000s,Comedy Comedy Comedy Horror Horror Horror Mystery Mystery Mystery Thriller Thriller Thriller,slasher spoof,scream 3 year_2000 decade_2000s Comedy Comedy Comedy Horror Horror Horror Mystery Mystery Mystery Thriller Thriller Thriller slasher spoof
3274,Single White Female (1992),Drama|Thriller,1992,single white female,year_1992 decade_1990s,Drama Drama Drama Thriller Thriller Thriller,,single white female year_1992 decade_1990s Drama Drama Drama Thriller Thriller Thriller
3275,"Boondock Saints, The (2000)",Action|Crime|Drama|Thriller,2000,boondock saints the,year_2000 decade_2000s,Action Action Action Crime Crime Crime Drama Drama Drama Thriller Thriller Thriller,,boondock saints the year_2000 decade_2000s Action Action Action Crime Crime Crime Drama Drama Drama Thriller Thriller Thriller
3285,"Beach, The (2000)",Adventure|Drama,2000,beach the,year_2000 decade_2000s,Adventure Adventure Adventure Drama Drama Drama,,beach the year_2000 decade_2000s Adventure Adventure Adventure Drama Drama Drama
3286,Snow Day (2000),Comedy,2000,snow day,year_2000 decade_2000s,Comedy Comedy Comedy,,snow day year_2000 decade_2000s Comedy Comedy Comedy
3296,To Sir with Love (1967),Drama,1967,to sir with love,year_1967 decade_1960s,Drama Drama Drama,,to sir with love year_1967 decade_1960s Drama Drama Drama
3298,Boiler Room (2000),Crime|Drama|Thriller,2000,boiler room,year_2000 decade_2000s,Crime Crime Crime Drama Drama Drama Thriller Thriller Thriller,,boiler room year_2000 decade_2000s Crime Crime Crime Drama Drama Drama Thriller Thriller Thriller
3300,Pitch Black (2000),Horror|Sci-Fi|Thriller,2000,pitch black,year_2000 decade_2000s,Horror Horror Horror SciFi SciFi SciFi Thriller Thriller Thriller,,pitch black year_2000 decade_2000s Horror Horror Horror SciFi SciFi SciFi Thriller Thriller Thriller
3301,"Whole Nine Yards, The (2000)",Comedy|Crime,2000,whole nine yards the,year_2000 decade_2000s,Comedy Comedy Comedy Crime Crime Crime,,whole nine yards the year_2000 decade_2000s Comedy Comedy Comedy Crime Crime Crime
3307,City Lights (1931),Comedy|Drama|Romance,1931,city lights,year_1931 decade_1930s,Comedy Comedy Comedy Drama Drama Drama Romance Romance Romance,,city lights year_1931 decade_1930s Comedy Comedy Comedy Drama Drama Drama Romance Romance Romance
3308,"Flamingo Kid, The (1984)",Comedy|Drama,1984,flamingo kid the,year_1984 decade_1980s,Comedy Comedy Comedy Drama Drama Drama,,flamingo kid the year_1984 decade_1980s Comedy Comedy Comedy Drama Drama Drama
3310,"Kid, The (1921)",Comedy|Drama,1921,kid the,year_1921 decade_1920s,Comedy Comedy Comedy Drama Drama Drama,orphans,kid the year_1921 decade_1920s Comedy Comedy Comedy Drama Drama Drama orphans
3316,Reindeer Games (2000),Action|Thriller,2000,reindeer games,year_2000 decade_2000s,Action Action Action Thriller Thriller Thriller,,reindeer games year_2000 decade_2000s Action Action Action Thriller Thriller Thriller
3317,Wonder Boys (2000),Comedy|Drama,2000,wonder boys,year_2000 decade_2000s,Comedy Comedy Comedy Drama Drama Drama,writing,wonder boys year_2000 decade_2000s Comedy Comedy Comedy Drama Drama Drama writing
3327,Beyond the Mat (1999),Documentary,1999,beyond the mat,year_1999 decade_1990s,Documentary Documentary Documentary,,beyond the mat year_1999 decade_1990s Documentary Documentary Documentary
3328,Ghost Dog: The Way of the Samurai (1999),Crime|Drama,1999,ghost dog the way of the samurai,year_1999 decade_1990s,Crime Crime Crime Drama Drama Drama,,ghost dog the way of the samurai year_1999 decade_1990s Crime Crime Crime Drama Drama Drama
3334,Key Largo (1948),Crime|Drama|Film-Noir|Thriller,1948,key largo,year_1948 decade_1940s,Crime Crime Crime Drama Drama Drama FilmNoir FilmNoir FilmNoir Thriller Thriller Thriller,,key largo year_1948 decade_1940s Crime Crime Crime Drama Drama Drama FilmNoir FilmNoir FilmNoir Thriller Thriller Thriller
3341,Born Yesterday (1950),Comedy,1950,born yesterday,year_1950 decade_1950s,Comedy Comedy Comedy,remade,born yesterday year_1950 decade_1950s Comedy Comedy Comedy remade
3342,Birdy (1984),Drama|War,1984,birdy,year_1984 decade_1980s,Drama Drama Drama War War War,,birdy year_1984 decade_1980s Drama Drama Drama War War War
3347,Never Cry Wolf (1983),Adventure|Drama,1983,never cry wolf,year_1983 decade_1980s,Adventure Adventure Adventure Drama Drama Drama,,never cry wolf year_1983 decade_1980s Adventure Adventure Adventure Drama Drama Drama
3354,Mission to Mars (2000),Sci-Fi,2000,mission to mars,year_2000 decade_2000s,SciFi SciFi SciFi,,mission to mars year_2000 decade_2000s SciFi SciFi SciFi
3355,"Ninth Gate, The (1999)",Fantasy|Horror|Mystery|Thriller,1999,ninth gate the,year_1999 decade_1990s,Fantasy Fantasy Fantasy Horror Horror Horror Mystery Mystery Mystery Thriller Thriller Thriller,,ninth gate the year_1999 decade_1990s Fantasy Fantasy Fantasy Horror Horror Horror Mystery Mystery Mystery Thriller Thriller Thriller
3358,Defending Your Life (1991),Comedy|Drama|Fantasy|Romance,1991,defending your life,year_1991 decade_1990s,Comedy Comedy Comedy Drama Drama Drama Fantasy Fantasy Fantasy Romance Romance Romance,,defending your life year_1991 decade_1990s Comedy Comedy Comedy Drama Drama Drama Fantasy Fantasy Fantasy Romance Romance Romance
3359,Breaking Away (1979),Comedy|Drama,1979,breaking away,year_1979 decade_1970s,Comedy Comedy Comedy Drama Drama Drama,,breaking away year_1979 decade_1970s Comedy Comedy Comedy Drama Drama Drama
3360,Hoosiers (a.k.a. Best Shot) (1986),Drama|Romance,1986,hoosiers a k a best shot,year_1986 decade_1980s,Drama Drama Drama Romance Romance Romance,basketball,hoosiers a k a best shot year_1986 decade_1980s Drama Drama Drama Romance Romance Romance basketball
3361,Bull Durham (1988),Comedy|Drama|Romance,1988,bull durham,year_1988 decade_1980s,Comedy Comedy Comedy Drama Drama Drama Romance Romance Romance,,bull durham year_1988 decade_1980s Comedy Comedy Comedy Drama Drama Drama Romance Romance Romance
3362,Dog Day Afternoon (1975),Crime|Drama,1975,dog day afternoon,year_1975 decade_1970s,Crime Crime Crime Drama Drama Drama,,dog day afternoon year_1975 decade_1970s Crime Crime Crime Drama Drama Drama
3363,American Graffiti (1973),Comedy|Drama,1973,american graffiti,year_1973 decade_1970s,Comedy Comedy Comedy Drama Drama Drama,,american graffiti year_1973 decade_1970s Comedy Comedy Comedy Drama Drama Drama
3365,"Searchers, The (1956)",Drama|Western,1956,searchers the,year_1956 decade_1950s,Drama Drama Drama Western Western Western,,searchers the year_1956 decade_1950s Drama Drama Drama Western Western Western
3385,Volunteers (1985),Comedy,1985,volunteers,year_1985 decade_1980s,Comedy Comedy Comedy,,volunteers year_1985 decade_1980s Comedy Comedy Comedy
3386,JFK (1991),Drama|Mystery|Thriller,1991,jfk,year_1991 decade_1990s,Drama Drama Drama Mystery Mystery Mystery Thriller Thriller Thriller,politics president,jfk year_1991 decade_1990s Drama Drama Drama Mystery Mystery Mystery Thriller Thriller Thriller politics president
3387,Who's Harry Crumb? (1989),Comedy|Mystery,1989,who s harry crumb,year_1989 decade_1980s,Comedy Comedy Comedy Mystery Mystery Mystery,,who s harry crumb year_1989 decade_1980s Comedy Comedy Comedy Mystery Mystery Mystery
3388,Harry and the Hendersons (1987),Children|Comedy,1987,harry and the hendersons,year_1987 decade_1980s,Children Children Children Comedy Comedy Comedy,,harry and the hendersons year_1987 decade_1980s Children Children Children Comedy Comedy Comedy
3392,She-Devil (1989),Comedy,1989,she devil,year_1989 decade_1980s,Comedy Comedy Comedy,,she devil year_1989 decade_1980s Comedy Comedy Comedy
3394,Blind Date (1987),Comedy|Romance,1987,blind date,year_1987 decade_1980s,Comedy Comedy Comedy Romance Romance Romance,,blind date year_1987 decade_1980s Comedy Comedy Comedy Romance Romance Romance
3396,"Muppet Movie, The (1979)",Adventure|Children|Comedy|Musical,1979,muppet movie the,year_1979 decade_1970s,Adventure Adventure Adventure Children Children Children Comedy Comedy Comedy Musical Musical Musical,,muppet movie the year_1979 decade_1970s Adventure Adventure Adventure Children Children Children Comedy Comedy Comedy Musical Musical Musical
3397,"Great Muppet Caper, The (1981)",Children|Comedy,1981,great muppet caper the,year_1981 decade_1980s,Children Children Children Comedy Comedy Comedy,,great muppet caper the year_1981 decade_1980s Children Children Children Comedy Comedy Comedy
3398,"Muppets Take Manhattan, The (1984)",Children|Comedy|Musical,1984,muppets take manhattan the,year_1984 decade_1980s,Children Children Children Comedy Comedy Comedy Musical Musical Musical,,muppets take manhattan the year_1984 decade_1980s Children Children Children Comedy Comedy Comedy Musical Musical Musical
3401,Baby... Secret of the Lost Legend (1985),Adventure|Sci-Fi,1985,baby secret of the lost legend,year_1985 decade_1980s,Adventure Adventure Adventure SciFi SciFi SciFi,,baby secret of the lost legend year_1985 decade_1980s Adventure Adventure Adventure SciFi SciFi SciFi
3404,Titanic (1953),Action|Drama,1953,titanic,year_1953 decade_1950s,Action Action Action Drama Drama Drama,,titanic year_1953 decade_1950s Action Action Action Drama Drama Drama
3408,Erin Brockovich (2000),Drama,2000,erin brockovich,year_2000 decade_2000s,Drama Drama Drama,true story scandal,erin brockovich year_2000 decade_2000s Drama Drama Drama true story scandal
3409,Final Destination (2000),Drama|Thriller,2000,final destination,year_2000 decade_2000s,Drama Drama Drama Thriller Thriller Thriller,,final destination year_2000 decade_2000s Drama Drama Drama Thriller Thriller Thriller
3412,"Bear, The (Ours, L') (1988)",Adventure|Children|Drama,1988,bear the ours l,year_1988 decade_1980s,Adventure Adventure Adventure Children Children Children Drama Drama Drama,,bear the ours l year_1988 decade_1980s Adventure Adventure Adventure Children Children Children Drama Drama Drama
3418,Thelma & Louise (1991),Adventure|Crime|Drama,1991,thelma louise,year_1991 decade_1990s,Adventure Adventure Adventure Crime Crime Crime Drama Drama Drama,,thelma louise year_1991 decade_1990s Adventure Adventure Adventure Crime Crime Crime Drama Drama Drama
3421,Animal House (1978),Comedy,1978,animal house,year_1978 decade_1970s,Comedy Comedy Comedy,college,animal house year_1978 decade_1970s Comedy Comedy Comedy college
3422,She's Gotta Have It (1986),Comedy|Romance,1986,she s gotta have it,year_1986 decade_1980s,Comedy Comedy Comedy Romance Romance Romance,,she s gotta have it year_1986 decade_1980s Comedy Comedy Comedy Romance Romance Romance
3424,Do the Right Thing (1989),Drama,1989,do the right thing,year_1989 decade_1980s,Drama Drama Drama,racism,do the right thing year_1989 decade_1980s Drama Drama Drama racism
3425,Mo' Better Blues (1990),Drama|Musical,1990,mo better blues,year_1990 decade_1990s,Drama Drama Drama Musical Musical Musical,,mo better blues year_1990 decade_1990s Drama Drama Drama Musical Musical Musical
3426,Jungle Fever (1991),Drama|Romance,1991,jungle fever,year_1991 decade_1990s,Drama Drama Drama Romance Romance Romance,,jungle fever year_1991 decade_1990s Drama Drama Drama Romance Romance Romance
3429,Creature Comforts (1989),Animation|Comedy,1989,creature comforts,year_1989 decade_1980s,Animation Animation Animation Comedy Comedy Comedy,aardman,creature comforts year_1989 decade_1980s Animation Animation Animation Comedy Comedy Comedy aardman
3435,Double Indemnity (1944),Crime|Drama|Film-Noir,1944,double indemnity,year_1944 decade_1940s,Crime Crime Crime Drama Drama Drama FilmNoir FilmNoir FilmNoir,,double indemnity year_1944 decade_1940s Crime Crime Crime Drama Drama Drama FilmNoir FilmNoir FilmNoir
3438,Teenage Mutant Ninja Turtles (1990),Action|Children|Comedy|Fantasy|Sci-Fi,1990,teenage mutant ninja turtles,year_1990 decade_1990s,Action Action Action Children Children Children Comedy Comedy Comedy Fantasy Fantasy Fantasy SciFi SciFi SciFi,,teenage mutant ninja turtles year_1990 decade_1990s Action Action Action Children Children Children Comedy Comedy Comedy Fantasy Fantasy Fantasy SciFi SciFi SciFi
3439,Teenage Mutant Ninja Turtles II: The Secret of the Ooze (1991),Action|Children|Fantasy,1991,teenage mutant ninja turtles ii the secret of the ooze,year_1991 decade_1990s,Action Action Action Children Children Children Fantasy Fantasy Fantasy,,teenage mutant ninja turtles ii the secret of the ooze year_1991 decade_1990s Action Action Action Children Children Children Fantasy Fantasy Fantasy
3440,Teenage Mutant Ninja Turtles III (1993),Action|Adventure|Children|Comedy|Fantasy,1993,teenage mutant ninja turtles iii,year_1993 decade_1990s,Action Action Action Adventure Adventure Adventure Children Children Children Comedy Comedy Comedy Fantasy Fantasy Fantasy,,teenage mutant ninja turtles iii year_1993 decade_1990s Action Action Action Adventure Adventure Adventure Children Children Children Comedy Comedy Comedy Fantasy Fantasy Fantasy
3441,Red Dawn (1984),Action|Drama|War,1984,red dawn,year_1984 decade_1980s,Action Action Action Drama Drama Drama War War War,,red dawn year_1984 decade_1980s Action Action Action Drama Drama Drama War War War
3444,Bloodsport (1988),Action,1988,bloodsport,year_1988 decade_1980s,Action Action Action,,bloodsport year_1988 decade_1980s Action Action Action
3448,"Good Morning, Vietnam (1987)",Comedy|Drama|War,1987,good morning vietnam,year_1987 decade_1980s,Comedy Comedy Comedy Drama Drama Drama War War War,,good morning vietnam year_1987 decade_1980s Comedy Comedy Comedy Drama Drama Drama War War War
3450,Grumpy Old Men (1993),Comedy,1993,grumpy old men,year_1993 decade_1990s,Comedy Comedy Comedy,,grumpy old men year_1993 decade_1990s Comedy Comedy Comedy
3451,Guess Who's Coming to Dinner (1967),Drama,1967,guess who s coming to dinner,year_1967 decade_1960s,Drama Drama Drama,racism,guess who s coming to dinner year_1967 decade_1960s Drama Drama Drama racism
3452,Romeo Must Die (2000),Action|Crime|Romance|Thriller,2000,romeo must die,year_2000 decade_2000s,Action Action Action Crime Crime Crime Romance Romance Romance Thriller Thriller Thriller,,romeo must die year_2000 decade_2000s Action Action Action Crime Crime Crime Romance Romance Romance Thriller Thriller Thriller
3461,Lord of the Flies (1963),Adventure|Drama|Thriller,1963,lord of the flies,year_1963 decade_1960s,Adventure Adventure Adventure Drama Drama Drama Thriller Thriller Thriller,island,lord of the flies year_1963 decade_1960s Adventure Adventure Adventure Drama Drama Drama Thriller Thriller Thriller island
3462,Modern Times (1936),Comedy|Drama|Romance,1936,modern times,year_1936 decade_1930s,Comedy Comedy Comedy Drama Drama Drama Romance Romance Romance,factory,modern times year_1936 decade_1930s Comedy Comedy Comedy Drama Drama Drama Romance Romance Romance factory
3466,Heart and Souls (1993),Comedy|Fantasy,1993,heart and souls,year_1993 decade_1990s,Comedy Comedy Comedy Fantasy Fantasy Fantasy,,heart and souls year_1993 decade_1990s Comedy Comedy Comedy Fantasy Fantasy Fantasy
3468,"Hustler, The (1961)",Drama,1961,hustler the,year_1961 decade_1960s,Drama Drama Drama,,hustler the year_1961 decade_1960s Drama Drama Drama
3469,Inherit the Wind (1960),Drama,1960,inherit the wind,year_1960 decade_1960s,Drama Drama Drama,religion court,inherit the wind year_1960 decade_1960s Drama Drama Drama religion court
3470,Dersu Uzala (1975),Adventure|Drama,1975,dersu uzala,year_1975 decade_1970s,Adventure Adventure Adventure Drama Drama Drama,,dersu uzala year_1975 decade_1970s Adventure Adventure Adventure Drama Drama Drama
3471,Close Encounters of the Third Kind (1977),Adventure|Drama|Sci-Fi,1977,close encounters of the third kind,year_1977 decade_1970s,Adventure Adventure Adventure Drama Drama Drama SciFi SciFi SciFi,,close encounters of the third kind year_1977 decade_1970s Adventure Adventure Adventure Drama Drama Drama SciFi SciFi SciFi
3476,Jacob's Ladder (1990),Horror|Mystery,1990,jacob s ladder,year_1990 decade_1990s,Horror Horror Horror Mystery Mystery Mystery,,jacob s ladder year_1990 decade_1990s Horror Horror Horror Mystery Mystery Mystery
3477,Empire Records (1995),Comedy|Drama,1995,empire records,year_1995 decade_1990s,Comedy Comedy Comedy Drama Drama Drama,,empire records year_1995 decade_1990s Comedy Comedy Comedy Drama Drama Drama
3478,"Bamba, La (1987)",Drama,1987,bamba la,year_1987 decade_1980s,Drama Drama Drama,,bamba la year_1987 decade_1980s Drama Drama Drama
3479,Ladyhawke (1985),Adventure|Fantasy|Romance,1985,ladyhawke,year_1985 decade_1980s,Adventure Adventure Adventure Fantasy Fantasy Fantasy Romance Romance Romance,,ladyhawke year_1985 decade_1980s Adventure Adventure Adventure Fantasy Fantasy Fantasy Romance Romance Romance
3481,High Fidelity (2000),Comedy|Drama|Romance,2000,high fidelity,year_2000 decade_2000s,Comedy Comedy Comedy Drama Drama Drama Romance Romance Romance,nick hornby music,high fidelity year_2000 decade_2000s Comedy Comedy Comedy Drama Drama Drama Romance Romance Romance nick hornby music
3483,"Road to El Dorado, The (2000)",Animation|Children,2000,road to el dorado the,year_2000 decade_2000s,Animation Animation Animation Children Children Children,,road to el dorado the year_2000 decade_2000s Animation Animation Animation Children Children Children
3484,"Skulls, The (2000)",Thriller,2000,skulls the,year_2000 decade_2000s,Thriller Thriller Thriller,,skulls the year_2000 decade_2000s Thriller Thriller Thriller
3489,Hook (1991),Adventure|Comedy|Fantasy,1991,hook,year_1991 decade_1990s,Adventure Adventure Adventure Comedy Comedy Comedy Fantasy Fantasy Fantasy,peter pan,hook year_1991 decade_1990s Adventure Adventure Adventure Comedy Comedy Comedy Fantasy Fantasy Fantasy peter pan
3494,True Grit (1969),Adventure|Drama|Western,1969,true grit,year_1969 decade_1960s,Adventure Adventure Adventure Drama Drama Drama Western Western Western,,true grit year_1969 decade_1960s Adventure Adventure Adventure Drama Drama Drama Western Western Western
3498,Midnight Express (1978),Drama,1978,midnight express,year_1978 decade_1970s,Drama Drama Drama,,midnight express year_1978 decade_1970s Drama Drama Drama
3499,Misery (1990),Drama|Horror|Thriller,1990,misery,year_1990 decade_1990s,Drama Drama Drama Horror Horror Horror Thriller Thriller Thriller,suspenseful claustrophobic tense thriller horror stephen king scary,misery year_1990 decade_1990s Drama Drama Drama Horror Horror Horror Thriller Thriller Thriller suspenseful claustrophobic tense thriller horror stephen king scary
3501,Murphy's Romance (1985),Comedy|Romance,1985,murphy s romance,year_1985 decade_1980s,Comedy Comedy Comedy Romance Romance Romance,,murphy s romance year_1985 decade_1980s Comedy Comedy Comedy Romance Romance Romance
3503,Solaris (Solyaris) (1972),Drama|Mystery|Sci-Fi,1972,solaris solyaris,year_1972 decade_1970s,Drama Drama Drama Mystery Mystery Mystery SciFi SciFi SciFi,,solaris solyaris year_1972 decade_1970s Drama Drama Drama Mystery Mystery Mystery SciFi SciFi SciFi
3504,Network (1976),Comedy|Drama,1976,network,year_1976 decade_1970s,Comedy Comedy Comedy Drama Drama Drama,journalism,network year_1976 decade_1970s Comedy Comedy Comedy Drama Drama Drama journalism
3505,No Way Out (1987),Drama|Mystery|Thriller,1987,no way out,year_1987 decade_1980s,Drama Drama Drama Mystery Mystery Mystery Thriller Thriller Thriller,,no way out year_1987 decade_1980s Drama Drama Drama Mystery Mystery Mystery Thriller Thriller Thriller
3506,North Dallas Forty (1979),Comedy|Drama,1979,north dallas forty,year_1979 decade_1970s,Comedy Comedy Comedy Drama Drama Drama,,north dallas forty year_1979 decade_1970s Comedy Comedy Comedy Drama Drama Drama
3507,"Odd Couple, The (1968)",Comedy,1968,odd couple the,year_1968 decade_1960s,Comedy Comedy Comedy,,odd couple the year_1968 decade_1960s Comedy Comedy Comedy
3508,"Outlaw Josey Wales, The (1976)",Action|Adventure|Drama|Thriller|Western,1976,outlaw josey wales the,year_1976 decade_1970s,Action Action Action Adventure Adventure Adventure Drama Drama Drama Thriller Thriller Thriller Western Western Western,,outlaw josey wales the year_1976 decade_1970s Action Action Action Adventure Adventure Adventure Drama Drama Drama Thriller Thriller Thriller Western Western Western
3510,Frequency (2000),Drama|Thriller,2000,frequency,year_2000 decade_2000s,Drama Drama Drama Thriller Thriller Thriller,,frequency year_2000 decade_2000s Drama Drama Drama Thriller Thriller Thriller
3511,Ready to Rumble (2000),Comedy,2000,ready to rumble,year_2000 decade_2000s,Comedy Comedy Comedy,,ready to rumble year_2000 decade_2000s Comedy Comedy Comedy
3512,Return to Me (2000),Drama|Romance,2000,return to me,year_2000 decade_2000s,Drama Drama Drama Romance Romance Romance,transplants,return to me year_2000 decade_2000s Drama Drama Drama Romance Romance Romance transplants
3513,Rules of Engagement (2000),Drama|Thriller,2000,rules of engagement,year_2000 decade_2000s,Drama Drama Drama Thriller Thriller Thriller,,rules of engagement year_2000 decade_2000s Drama Drama Drama Thriller Thriller Thriller
3515,Me Myself I (2000),Comedy|Romance,2000,me myself i,year_2000 decade_2000s,Comedy Comedy Comedy Romance Romance Romance,alternate endings,me myself i year_2000 decade_2000s Comedy Comedy Comedy Romance Romance Romance alternate endings
3519,Force 10 from Navarone (1978),Action|Drama|War,1978,force 10 from navarone,year_1978 decade_1970s,Action Action Action Drama Drama Drama War War War,,force 10 from navarone year_1978 decade_1970s Action Action Action Drama Drama Drama War War War
3521,Mystery Train (1989),Comedy|Drama,1989,mystery train,year_1989 decade_1980s,Comedy Comedy Comedy Drama Drama Drama,,mystery train year_1989 decade_1980s Comedy Comedy Comedy Drama Drama Drama
3524,Arthur (1981),Comedy|Romance,1981,arthur,year_1981 decade_1980s,Comedy Comedy Comedy Romance Romance Romance,,arthur year_1981 decade_1980s Comedy Comedy Comedy Romance Romance Romance
3525,Bachelor Party (1984),Comedy,1984,bachelor party,year_1984 decade_1980s,Comedy Comedy Comedy,,bachelor party year_1984 decade_1980s Comedy Comedy Comedy
3526,Parenthood (1989),Comedy|Drama,1989,parenthood,year_1989 decade_1980s,Comedy Comedy Comedy Drama Drama Drama,,parenthood year_1989 decade_1980s Comedy Comedy Comedy Drama Drama Drama
3527,Predator (1987),Action|Sci-Fi|Thriller,1987,predator,year_1987 decade_1980s,Action Action Action SciFi SciFi SciFi Thriller Thriller Thriller,arnold schwarzenegger dialogue sci fi scifi cult guns aliens,predator year_1987 decade_1980s Action Action Action SciFi SciFi SciFi Thriller Thriller Thriller arnold schwarzenegger dialogue sci fi scifi cult guns aliens
3528,"Prince of Tides, The (1991)",Drama|Romance,1991,prince of tides the,year_1991 decade_1990s,Drama Drama Drama Romance Romance Romance,psychiatrist,prince of tides the year_1991 decade_1990s Drama Drama Drama Romance Romance Romance psychiatrist
3529,"Postman Always Rings Twice, The (1981)",Crime|Thriller,1981,postman always rings twice the,year_1981 decade_1980s,Crime Crime Crime Thriller Thriller Thriller,,postman always rings twice the year_1981 decade_1980s Crime Crime Crime Thriller Thriller Thriller
3534,28 Days (2000),Drama,2000,28 days,year_2000 decade_2000s,Drama Drama Drama,,28 days year_2000 decade_2000s Drama Drama Drama
3535,American Psycho (2000),Crime|Horror|Mystery|Thriller,2000,american psycho,year_2000 decade_2000s,Crime Crime Crime Horror Horror Horror Mystery Mystery Mystery Thriller Thriller Thriller,,american psycho year_2000 decade_2000s Crime Crime Crime Horror Horror Horror Mystery Mystery Mystery Thriller Thriller Thriller
3536,Keeping the Faith (2000),Comedy|Drama|Romance,2000,keeping the faith,year_2000 decade_2000s,Comedy Comedy Comedy Drama Drama Drama Romance Romance Romance,priest,keeping the faith year_2000 decade_2000s Comedy Comedy Comedy Drama Drama Drama Romance Romance Romance priest
3538,East is East (1999),Comedy,1999,east is east,year_1999 decade_1990s,Comedy Comedy Comedy,,east is east year_1999 decade_1990s Comedy Comedy Comedy
3543,Diner (1982),Comedy|Drama,1982,diner,year_1982 decade_1980s,Comedy Comedy Comedy Drama Drama Drama,,diner year_1982 decade_1980s Comedy Comedy Comedy Drama Drama Drama
3545,Cabaret (1972),Drama|Musical,1972,cabaret,year_1972 decade_1970s,Drama Drama Drama Musical Musical Musical,,cabaret year_1972 decade_1970s Drama Drama Drama Musical Musical Musical
3548,Auntie Mame (1958),Comedy|Drama,1958,auntie mame,year_1958 decade_1950s,Comedy Comedy Comedy Drama Drama Drama,1920s,auntie mame year_1958 decade_1950s Comedy Comedy Comedy Drama Drama Drama 1920s
3549,Guys and Dolls (1955),Comedy|Musical|Romance,1955,guys and dolls,year_1955 decade_1950s,Comedy Comedy Comedy Musical Musical Musical Romance Romance Romance,gambling,guys and dolls year_1955 decade_1950s Comedy Comedy Comedy Musical Musical Musical Romance Romance Romance gambling
3550,The Hunger (1983),Horror,1983,the hunger,year_1983 decade_1980s,Horror Horror Horror,,the hunger year_1983 decade_1980s Horror Horror Horror
3551,Marathon Man (1976),Crime|Drama|Thriller,1976,marathon man,year_1976 decade_1970s,Crime Crime Crime Drama Drama Drama Thriller Thriller Thriller,,marathon man year_1976 decade_1970s Crime Crime Crime Drama Drama Drama Thriller Thriller Thriller
3552,Caddyshack (1980),Comedy,1980,caddyshack,year_1980 decade_1980s,Comedy Comedy Comedy,golf,caddyshack year_1980 decade_1980s Comedy Comedy Comedy golf
3553,Gossip (2000),Drama|Thriller,2000,gossip,year_2000 decade_2000s,Drama Drama Drama Thriller Thriller Thriller,,gossip year_2000 decade_2000s Drama Drama Drama Thriller Thriller Thriller
3555,U-571 (2000),Action|Thriller|War,2000,u 571,year_2000 decade_2000s,Action Action Action Thriller Thriller Thriller War War War,,u 571 year_2000 decade_2000s Action Action Action Thriller Thriller Thriller War War War
3556,"Virgin Suicides, The (1999)",Drama|Romance,1999,virgin suicides the,year_1999 decade_1990s,Drama Drama Drama Romance Romance Romance,1970s,virgin suicides the year_1999 decade_1990s Drama Drama Drama Romance Romance Romance 1970s
3557,Jennifer 8 (1992),Mystery|Thriller,1992,jennifer 8,year_1992 decade_1990s,Mystery Mystery Mystery Thriller Thriller Thriller,,jennifer 8 year_1992 decade_1990s Mystery Mystery Mystery Thriller Thriller Thriller
3564,"Flintstones in Viva Rock Vegas, The (2000)",Children|Comedy,2000,flintstones in viva rock vegas the,year_2000 decade_2000s,Children Children Children Comedy Comedy Comedy,,flintstones in viva rock vegas the year_2000 decade_2000s Children Children Children Comedy Comedy Comedy
3565,Where the Heart Is (2000),Comedy|Drama,2000,where the heart is,year_2000 decade_2000s,Comedy Comedy Comedy Drama Drama Drama,,where the heart is year_2000 decade_2000s Comedy Comedy Comedy Drama Drama Drama
3566,"Big Kahuna, The (2000)",Comedy|Drama,2000,big kahuna the,year_2000 decade_2000s,Comedy Comedy Comedy Drama Drama Drama,religion business,big kahuna the year_2000 decade_2000s Comedy Comedy Comedy Drama Drama Drama religion business
3578,Gladiator (2000),Action|Adventure|Drama,2000,gladiator,year_2000 decade_2000s,Action Action Action Adventure Adventure Adventure Drama Drama Drama,rome epic revenge imdb top 250,gladiator year_2000 decade_2000s Action Action Action Adventure Adventure Adventure Drama Drama Drama rome epic revenge imdb top 250
3591,Mr. Mom (1983),Comedy|Drama,1983,mr mom,year_1983 decade_1980s,Comedy Comedy Comedy Drama Drama Drama,,mr mom year_1983 decade_1980s Comedy Comedy Comedy Drama Drama Drama
3593,Battlefield Earth (2000),Action|Sci-Fi,2000,battlefield earth,year_2000 decade_2000s,Action Action Action SciFi SciFi SciFi,,battlefield earth year_2000 decade_2000s Action Action Action SciFi SciFi SciFi
3594,Center Stage (2000),Drama|Musical,2000,center stage,year_2000 decade_2000s,Drama Drama Drama Musical Musical Musical,,center stage year_2000 decade_2000s Drama Drama Drama Musical Musical Musical
3599,Anchors Aweigh (1945),Comedy|Musical,1945,anchors aweigh,year_1945 decade_1940s,Comedy Comedy Comedy Musical Musical Musical,,anchors aweigh year_1945 decade_1940s Comedy Comedy Comedy Musical Musical Musical
3608,Pee-wee's Big Adventure (1985),Adventure|Comedy,1985,pee wee s big adventure,year_1985 decade_1980s,Adventure Adventure Adventure Comedy Comedy Comedy,,pee wee s big adventure year_1985 decade_1980s Adventure Adventure Adventure Comedy Comedy Comedy
3614,Honeymoon in Vegas (1992),Comedy|Romance,1992,honeymoon in vegas,year_1992 decade_1990s,Comedy Comedy Comedy Romance Romance Romance,,honeymoon in vegas year_1992 decade_1990s Comedy Comedy Comedy Romance Romance Romance
3615,Dinosaur (2000),Adventure|Animation|Children,2000,dinosaur,year_2000 decade_2000s,Adventure Adventure Adventure Animation Animation Animation Children Children Children,,dinosaur year_2000 decade_2000s Adventure Adventure Adventure Animation Animation Animation Children Children Children
3616,Loser (2000),Comedy|Romance,2000,loser,year_2000 decade_2000s,Comedy Comedy Comedy Romance Romance Romance,,loser year_2000 decade_2000s Comedy Comedy Comedy Romance Romance Romance
3617,Road Trip (2000),Comedy,2000,road trip,year_2000 decade_2000s,Comedy Comedy Comedy,,road trip year_2000 decade_2000s Comedy Comedy Comedy
3618,Small Time Crooks (2000),Comedy|Crime,2000,small time crooks,year_2000 decade_2000s,Comedy Comedy Comedy Crime Crime Crime,,small time crooks year_2000 decade_2000s Comedy Comedy Comedy Crime Crime Crime
3623,Mission: Impossible II (2000),Action|Adventure|Thriller,2000,mission impossible ii,year_2000 decade_2000s,Action Action Action Adventure Adventure Adventure Thriller Thriller Thriller,,mission impossible ii year_2000 decade_2000s Action Action Action Adventure Adventure Adventure Thriller Thriller Thriller
3624,Shanghai Noon (2000),Action|Adventure|Comedy|Western,2000,shanghai noon,year_2000 decade_2000s,Action Action Action Adventure Adventure Adventure Comedy Comedy Comedy Western Western Western,,shanghai noon year_2000 decade_2000s Action Action Action Adventure Adventure Adventure Comedy Comedy Comedy Western Western Western
3629,"Gold Rush, The (1925)",Adventure|Comedy|Romance,1925,gold rush the,year_1925 decade_1920s,Adventure Adventure Adventure Comedy Comedy Comedy Romance Romance Romance,,gold rush the year_1925 decade_1920s Adventure Adventure Adventure Comedy Comedy Comedy Romance Romance Romance
3632,Monsieur Verdoux (1947),Comedy|Crime,1947,monsieur verdoux,year_1947 decade_1940s,Comedy Comedy Comedy Crime Crime Crime,,monsieur verdoux year_1947 decade_1940s Comedy Comedy Comedy Crime Crime Crime
3633,On Her Majesty's Secret Service (1969),Action|Adventure|Romance|Thriller,1969,on her majesty s secret service,year_1969 decade_1960s,Action Action Action Adventure Adventure Adventure Romance Romance Romance Thriller Thriller Thriller,,on her majesty s secret service year_1969 decade_1960s Action Action Action Adventure Adventure Adventure Romance Romance Romance Thriller Thriller Thriller
3635,"Spy Who Loved Me, The (1977)",Action|Adventure|Thriller,1977,spy who loved me the,year_1977 decade_1970s,Action Action Action Adventure Adventure Adventure Thriller Thriller Thriller,,spy who loved me the year_1977 decade_1970s Action Action Action Adventure Adventure Adventure Thriller Thriller Thriller
3638,Moonraker (1979),Action|Adventure|Sci-Fi|Thriller,1979,moonraker,year_1979 decade_1970s,Action Action Action Adventure Adventure Adventure SciFi SciFi SciFi Thriller Thriller Thriller,,moonraker year_1979 decade_1970s Action Action Action Adventure Adventure Adventure SciFi SciFi SciFi Thriller Thriller Thriller
3639,"Man with the Golden Gun, The (1974)",Action|Adventure|Thriller,1974,man with the golden gun the,year_1974 decade_1970s,Action Action Action Adventure Adventure Adventure Thriller Thriller Thriller,,man with the golden gun the year_1974 decade_1970s Action Action Action Adventure Adventure Adventure Thriller Thriller Thriller
3646,Big Momma's House (2000),Comedy,2000,big momma s house,year_2000 decade_2000s,Comedy Comedy Comedy,,big momma s house year_2000 decade_2000s Comedy Comedy Comedy
3649,American Gigolo (1980),Drama,1980,american gigolo,year_1980 decade_1980s,Drama Drama Drama,,american gigolo year_1980 decade_1980s Drama Drama Drama
3654,"Guns of Navarone, The (1961)",Action|Adventure|Drama|War,1961,guns of navarone the,year_1961 decade_1960s,Action Action Action Adventure Adventure Adventure Drama Drama Drama War War War,,guns of navarone the year_1961 decade_1960s Action Action Action Adventure Adventure Adventure Drama Drama Drama War War War
3668,Romeo and Juliet (1968),Drama|Romance,1968,romeo and juliet,year_1968 decade_1960s,Drama Drama Drama Romance Romance Romance,,romeo and juliet year_1968 decade_1960s Drama Drama Drama Romance Romance Romance
3671,Blazing Saddles (1974),Comedy|Western,1974,blazing saddles,year_1974 decade_1970s,Comedy Comedy Comedy Western Western Western,dark humor silly,blazing saddles year_1974 decade_1970s Comedy Comedy Comedy Western Western Western dark humor silly
3672,Benji (1974),Adventure|Children,1974,benji,year_1974 decade_1970s,Adventure Adventure Adventure Children Children Children,,benji year_1974 decade_1970s Adventure Adventure Adventure Children Children Children
3675,White Christmas (1954),Comedy|Musical|Romance,1954,white christmas,year_1954 decade_1950s,Comedy Comedy Comedy Musical Musical Musical Romance Romance Romance,christmas,white christmas year_1954 decade_1950s Comedy Comedy Comedy Musical Musical Musical Romance Romance Romance christmas
3676,Eraserhead (1977),Drama|Horror,1977,eraserhead,year_1977 decade_1970s,Drama Drama Drama Horror Horror Horror,surreal enigmatic disturbing creepy atmospheric dreamlike hallucinatory weird dark paranoid,eraserhead year_1977 decade_1970s Drama Drama Drama Horror Horror Horror surreal enigmatic disturbing creepy atmospheric dreamlike hallucinatory weird dark paranoid
3681,For a Few Dollars More (Per qualche dollaro in più) (1965),Action|Drama|Thriller|Western,1965,for a few dollars more per qualche dollaro in pi,year_1965 decade_1960s,Action Action Action Drama Drama Drama Thriller Thriller Thriller Western Western Western,,for a few dollars more per qualche dollaro in pi year_1965 decade_1960s Action Action Action Drama Drama Drama Thriller Thriller Thriller Western Western Western
3682,Magnum Force (1973),Action|Crime|Drama|Thriller,1973,magnum force,year_1973 decade_1970s,Action Action Action Crime Crime Crime Drama Drama Drama Thriller Thriller Thriller,,magnum force year_1973 decade_1970s Action Action Action Crime Crime Crime Drama Drama Drama Thriller Thriller Thriller
3683,Blood Simple (1984),Crime|Drama|Film-Noir,1984,blood simple,year_1984 decade_1980s,Crime Crime Crime Drama Drama Drama FilmNoir FilmNoir FilmNoir,coen brothers,blood simple year_1984 decade_1980s Crime Crime Crime Drama Drama Drama FilmNoir FilmNoir FilmNoir coen brothers
3684,"Fabulous Baker Boys, The (1989)",Drama|Romance,1989,fabulous baker boys the,year_1989 decade_1980s,Drama Drama Drama Romance Romance Romance,,fabulous baker boys the year_1989 decade_1980s Drama Drama Drama Romance Romance Romance
3685,Prizzi's Honor (1985),Comedy|Drama|Romance,1985,prizzi s honor,year_1985 decade_1980s,Comedy Comedy Comedy Drama Drama Drama Romance Romance Romance,,prizzi s honor year_1985 decade_1980s Comedy Comedy Comedy Drama Drama Drama Romance Romance Romance
3686,Flatliners (1990),Horror|Sci-Fi|Thriller,1990,flatliners,year_1990 decade_1990s,Horror Horror Horror SciFi SciFi SciFi Thriller Thriller Thriller,,flatliners year_1990 decade_1990s Horror Horror Horror SciFi SciFi SciFi Thriller Thriller Thriller
3688,Porky's (1982),Comedy,1982,porky s,year_1982 decade_1980s,Comedy Comedy Comedy,,porky s year_1982 decade_1980s Comedy Comedy Comedy
3690,Porky's Revenge (1985),Comedy,1985,porky s revenge,year_1985 decade_1980s,Comedy Comedy Comedy,,porky s revenge year_1985 decade_1980s Comedy Comedy Comedy
3693,"Toxic Avenger, The (1985)",Comedy|Horror,1985,toxic avenger the,year_1985 decade_1980s,Comedy Comedy Comedy Horror Horror Horror,,toxic avenger the year_1985 decade_1980s Comedy Comedy Comedy Horror Horror Horror
3697,Predator 2 (1990),Action|Sci-Fi|Thriller,1990,predator 2,year_1990 decade_1990s,Action Action Action SciFi SciFi SciFi Thriller Thriller Thriller,,predator 2 year_1990 decade_1990s Action Action Action SciFi SciFi SciFi Thriller Thriller Thriller
3698,"Running Man, The (1987)",Action|Sci-Fi,1987,running man the,year_1987 decade_1980s,Action Action Action SciFi SciFi SciFi,,running man the year_1987 decade_1980s Action Action Action SciFi SciFi SciFi
3699,Starman (1984),Adventure|Drama|Romance|Sci-Fi,1984,starman,year_1984 decade_1980s,Adventure Adventure Adventure Drama Drama Drama Romance Romance Romance SciFi SciFi SciFi,,starman year_1984 decade_1980s Adventure Adventure Adventure Drama Drama Drama Romance Romance Romance SciFi SciFi SciFi
3701,Alien Nation (1988),Crime|Drama|Sci-Fi|Thriller,1988,alien nation,year_1988 decade_1980s,Crime Crime Crime Drama Drama Drama SciFi SciFi SciFi Thriller Thriller Thriller,,alien nation year_1988 decade_1980s Crime Crime Crime Drama Drama Drama SciFi SciFi SciFi Thriller Thriller Thriller
3702,Mad Max (1979),Action|Adventure|Sci-Fi,1979,mad max,year_1979 decade_1970s,Action Action Action Adventure Adventure Adventure SciFi SciFi SciFi,,mad max year_1979 decade_1970s Action Action Action Adventure Adventure Adventure SciFi SciFi SciFi
3703,"Road Warrior, The (Mad Max 2) (1981)",Action|Adventure|Sci-Fi|Thriller,1981,road warrior the mad max 2,year_1981 decade_1980s,Action Action Action Adventure Adventure Adventure SciFi SciFi SciFi Thriller Thriller Thriller,,road warrior the mad max 2 year_1981 decade_1980s Action Action Action Adventure Adventure Adventure SciFi SciFi SciFi Thriller Thriller Thriller
3704,Mad Max Beyond Thunderdome (1985),Action|Adventure|Sci-Fi,1985,mad max beyond thunderdome,year_1985 decade_1980s,Action Action Action Adventure Adventure Adventure SciFi SciFi SciFi,,mad max beyond thunderdome year_1985 decade_1980s Action Action Action Adventure Adventure Adventure SciFi SciFi SciFi
3705,Bird on a Wire (1990),Action|Comedy|Romance,1990,bird on a wire,year_1990 decade_1990s,Action Action Action Comedy Comedy Comedy Romance Romance Romance,,bird on a wire year_1990 decade_1990s Action Action Action Comedy Comedy Comedy Romance Romance Romance
3706,Angel Heart (1987),Film-Noir|Horror|Mystery|Thriller,1987,angel heart,year_1987 decade_1980s,FilmNoir FilmNoir FilmNoir Horror Horror Horror Mystery Mystery Mystery Thriller Thriller Thriller,,angel heart year_1987 decade_1980s FilmNoir FilmNoir FilmNoir Horror Horror Horror Mystery Mystery Mystery Thriller Thriller Thriller
3707,9 1/2 Weeks (Nine 1/2 Weeks) (1986),Drama|Romance,1986,9 1 2 weeks nine 1 2 weeks,year_1986 decade_1980s,Drama Drama Drama Romance Romance Romance,,9 1 2 weeks nine 1 2 weeks year_1986 decade_1980s Drama Drama Drama Romance Romance Romance
3708,Firestarter (1984),Horror|Thriller,1984,firestarter,year_1984 decade_1980s,Horror Horror Horror Thriller Thriller Thriller,,firestarter year_1984 decade_1980s Horror Horror Horror Thriller Thriller Thriller
3717,Gone in 60 Seconds (2000),Action|Crime,2000,gone in 60 seconds,year_2000 decade_2000s,Action Action Action Crime Crime Crime,,gone in 60 seconds year_2000 decade_2000s Action Action Action Crime Crime Crime
3723,Hamlet (1990),Drama,1990,hamlet,year_1990 decade_1990s,Drama Drama Drama,shakespeare,hamlet year_1990 decade_1990s Drama Drama Drama shakespeare
3724,Coming Home (1978),Drama|War,1978,coming home,year_1978 decade_1970s,Drama Drama Drama War War War,vietnam,coming home year_1978 decade_1970s Drama Drama Drama War War War vietnam
3726,Assault on Precinct 13 (1976),Action|Thriller,1976,assault on precinct 13,year_1976 decade_1970s,Action Action Action Thriller Thriller Thriller,,assault on precinct 13 year_1976 decade_1970s Action Action Action Thriller Thriller Thriller
3727,Near Dark (1987),Horror|Western,1987,near dark,year_1987 decade_1980s,Horror Horror Horror Western Western Western,,near dark year_1987 decade_1980s Horror Horror Horror Western Western Western
3730,"Conversation, The (1974)",Drama|Mystery,1974,conversation the,year_1974 decade_1970s,Drama Drama Drama Mystery Mystery Mystery,spying,conversation the year_1974 decade_1970s Drama Drama Drama Mystery Mystery Mystery spying
3735,Serpico (1973),Crime|Drama,1973,serpico,year_1973 decade_1970s,Crime Crime Crime Drama Drama Drama,police,serpico year_1973 decade_1970s Crime Crime Crime Drama Drama Drama police
3740,Big Trouble in Little China (1986),Action|Adventure|Comedy|Fantasy,1986,big trouble in little china,year_1986 decade_1980s,Action Action Action Adventure Adventure Adventure Comedy Comedy Comedy Fantasy Fantasy Fantasy,,big trouble in little china year_1986 decade_1980s Action Action Action Adventure Adventure Adventure Comedy Comedy Comedy Fantasy Fantasy Fantasy
3741,Badlands (1973),Crime|Drama|Thriller,1973,badlands,year_1973 decade_1970s,Crime Crime Crime Drama Drama Drama Thriller Thriller Thriller,,badlands year_1973 decade_1970s Crime Crime Crime Drama Drama Drama Thriller Thriller Thriller
3742,Battleship Potemkin (1925),Drama|War,1925,battleship potemkin,year_1925 decade_1920s,Drama Drama Drama War War War,,battleship potemkin year_1925 decade_1920s Drama Drama Drama War War War
3744,Shaft (2000),Action|Crime|Thriller,2000,shaft,year_2000 decade_2000s,Action Action Action Crime Crime Crime Thriller Thriller Thriller,,shaft year_2000 decade_2000s Action Action Action Crime Crime Crime Thriller Thriller Thriller
3745,Titan A.E. (2000),Action|Adventure|Animation|Children|Sci-Fi,2000,titan a e,year_2000 decade_2000s,Action Action Action Adventure Adventure Adventure Animation Animation Animation Children Children Children SciFi SciFi SciFi,,titan a e year_2000 decade_2000s Action Action Action Adventure Adventure Adventure Animation Animation Animation Children Children Children SciFi SciFi SciFi
3751,Chicken Run (2000),Animation|Children|Comedy,2000,chicken run,year_2000 decade_2000s,Animation Animation Animation Children Children Children Comedy Comedy Comedy,,chicken run year_2000 decade_2000s Animation Animation Animation Children Children Children Comedy Comedy Comedy
3752,"Me, Myself & Irene (2000)",Adventure|Comedy,2000,me myself irene,year_2000 decade_2000s,Adventure Adventure Adventure Comedy Comedy Comedy,,me myself irene year_2000 decade_2000s Adventure Adventure Adventure Comedy Comedy Comedy
3753,"Patriot, The (2000)",Action|Drama|War,2000,patriot the,year_2000 decade_2000s,Action Action Action Drama Drama Drama War War War,,patriot the year_2000 decade_2000s Action Action Action Drama Drama Drama War War War
3754,"Adventures of Rocky and Bullwinkle, The (2000)",Adventure|Animation|Children|Comedy|Fantasy,2000,adventures of rocky and bullwinkle the,year_2000 decade_2000s,Adventure Adventure Adventure Animation Animation Animation Children Children Children Comedy Comedy Comedy Fantasy Fantasy Fantasy,,adventures of rocky and bullwinkle the year_2000 decade_2000s Adventure Adventure Adventure Animation Animation Animation Children Children Children Comedy Comedy Comedy Fantasy Fantasy Fantasy
3755,"Perfect Storm, The (2000)",Drama|Thriller,2000,perfect storm the,year_2000 decade_2000s,Drama Drama Drama Thriller Thriller Thriller,,perfect storm the year_2000 decade_2000s Drama Drama Drama Thriller Thriller Thriller
3763,F/X (1986),Action|Crime|Thriller,1986,f x,year_1986 decade_1980s,Action Action Action Crime Crime Crime Thriller Thriller Thriller,,f x year_1986 decade_1980s Action Action Action Crime Crime Crime Thriller Thriller Thriller
3764,F/X2 (a.k.a. F/X 2 - The Deadly Art of Illusion) (1991),Action|Crime|Thriller,1991,f x2 a k a f x 2 the deadly art of illusion,year_1991 decade_1990s,Action Action Action Crime Crime Crime Thriller Thriller Thriller,,f x2 a k a f x 2 the deadly art of illusion year_1991 decade_1990s Action Action Action Crime Crime Crime Thriller Thriller Thriller
3766,Missing in Action (1984),Action|War,1984,missing in action,year_1984 decade_1980s,Action Action Action War War War,,missing in action year_1984 decade_1980s Action Action Action War War War
3770,Dreamscape (1984),Horror|Sci-Fi|Thriller,1984,dreamscape,year_1984 decade_1980s,Horror Horror Horror SciFi SciFi SciFi Thriller Thriller Thriller,,dreamscape year_1984 decade_1980s Horror Horror Horror SciFi SciFi SciFi Thriller Thriller Thriller
3783,Croupier (1998),Crime|Drama,1998,croupier,year_1998 decade_1990s,Crime Crime Crime Drama Drama Drama,,croupier year_1998 decade_1990s Crime Crime Crime Drama Drama Drama
3784,"Kid, The (2000)",Comedy|Fantasy,2000,kid the,year_2000 decade_2000s,Comedy Comedy Comedy Fantasy Fantasy Fantasy,,kid the year_2000 decade_2000s Comedy Comedy Comedy Fantasy Fantasy Fantasy
3785,Scary Movie (2000),Comedy|Horror,2000,scary movie,year_2000 decade_2000s,Comedy Comedy Comedy Horror Horror Horror,,scary movie year_2000 decade_2000s Comedy Comedy Comedy Horror Horror Horror
3788,Blow-Up (Blowup) (1966),Drama|Mystery,1966,blow up blowup,year_1966 decade_1960s,Drama Drama Drama Mystery Mystery Mystery,,blow up blowup year_1966 decade_1960s Drama Drama Drama Mystery Mystery Mystery
3791,Footloose (1984),Drama,1984,footloose,year_1984 decade_1980s,Drama Drama Drama,,footloose year_1984 decade_1980s Drama Drama Drama
3793,X-Men (2000),Action|Adventure|Sci-Fi,2000,x men,year_2000 decade_2000s,Action Action Action Adventure Adventure Adventure SciFi SciFi SciFi,superhero comic book marvel hugh jackman action,x men year_2000 decade_2000s Action Action Action Adventure Adventure Adventure SciFi SciFi SciFi superhero comic book marvel hugh jackman action
3798,What Lies Beneath (2000),Drama|Horror|Mystery,2000,what lies beneath,year_2000 decade_2000s,Drama Drama Drama Horror Horror Horror Mystery Mystery Mystery,,what lies beneath year_2000 decade_2000s Drama Drama Drama Horror Horror Horror Mystery Mystery Mystery
3799,Pokémon the Movie 2000 (2000),Animation|Children,2000,pok mon the movie 2000,year_2000 decade_2000s,Animation Animation Animation Children Children Children,,pok mon the movie 2000 year_2000 decade_2000s Animation Animation Animation Children Children Children
3809,What About Bob? (1991),Comedy,1991,what about bob,year_1991 decade_1990s,Comedy Comedy Comedy,,what about bob year_1991 decade_1990s Comedy Comedy Comedy
3811,Breaker Morant (1980),Drama|War,1980,breaker morant,year_1980 decade_1980s,Drama Drama Drama War War War,court,breaker morant year_1980 decade_1980s Drama Drama Drama War War War court
3812,Everything You Always Wanted to Know About Sex * But Were Afraid to Ask (1972),Comedy,1972,everything you always wanted to know about sex but were afraid to ask,year_1972 decade_1970s,Comedy Comedy Comedy,,everything you always wanted to know about sex but were afraid to ask year_1972 decade_1970s Comedy Comedy Comedy
3814,Love and Death (1975),Comedy,1975,love and death,year_1975 decade_1970s,Comedy Comedy Comedy,,love and death year_1975 decade_1970s Comedy Comedy Comedy
3821,Nutty Professor II: The Klumps (2000),Comedy,2000,nutty professor ii the klumps,year_2000 decade_2000s,Comedy Comedy Comedy,,nutty professor ii the klumps year_2000 decade_2000s Comedy Comedy Comedy
3824,Autumn in New York (2000),Drama|Romance,2000,autumn in new york,year_2000 decade_2000s,Drama Drama Drama Romance Romance Romance,,autumn in new york year_2000 decade_2000s Drama Drama Drama Romance Romance Romance
3825,Coyote Ugly (2000),Comedy|Drama|Romance,2000,coyote ugly,year_2000 decade_2000s,Comedy Comedy Comedy Drama Drama Drama Romance Romance Romance,,coyote ugly year_2000 decade_2000s Comedy Comedy Comedy Drama Drama Drama Romance Romance Romance
3826,Hollow Man (2000),Horror|Sci-Fi|Thriller,2000,hollow man,year_2000 decade_2000s,Horror Horror Horror SciFi SciFi SciFi Thriller Thriller Thriller,,hollow man year_2000 decade_2000s Horror Horror Horror SciFi SciFi SciFi Thriller Thriller Thriller
3827,Space Cowboys (2000),Action|Adventure|Comedy|Sci-Fi,2000,space cowboys,year_2000 decade_2000s,Action Action Action Adventure Adventure Adventure Comedy Comedy Comedy SciFi SciFi SciFi,,space cowboys year_2000 decade_2000s Action Action Action Adventure Adventure Adventure Comedy Comedy Comedy SciFi SciFi SciFi
3831,Saving Grace (2000),Comedy,2000,saving grace,year_2000 decade_2000s,Comedy Comedy Comedy,,saving grace year_2000 decade_2000s Comedy Comedy Comedy
3835,"Crush, The (1993)",Thriller,1993,crush the,year_1993 decade_1990s,Thriller Thriller Thriller,,crush the year_1993 decade_1990s Thriller Thriller Thriller
3836,Kelly's Heroes (1970),Action|Comedy|War,1970,kelly s heroes,year_1970 decade_1970s,Action Action Action Comedy Comedy Comedy War War War,,kelly s heroes year_1970 decade_1970s Action Action Action Comedy Comedy Comedy War War War
3840,Pumpkinhead (1988),Horror,1988,pumpkinhead,year_1988 decade_1980s,Horror Horror Horror,,pumpkinhead year_1988 decade_1980s Horror Horror Horror
3841,Air America (1990),Action|Comedy,1990,air america,year_1990 decade_1990s,Action Action Action Comedy Comedy Comedy,,air america year_1990 decade_1990s Action Action Action Comedy Comedy Comedy
3844,Steel Magnolias (1989),Drama,1989,steel magnolias,year_1989 decade_1980s,Drama Drama Drama,,steel magnolias year_1989 decade_1980s Drama Drama Drama
3852,"Tao of Steve, The (2000)",Comedy,2000,tao of steve the,year_2000 decade_2000s,Comedy Comedy Comedy,,tao of steve the year_2000 decade_2000s Comedy Comedy Comedy
3858,Cecil B. DeMented (2000),Comedy,2000,cecil b demented,year_2000 decade_2000s,Comedy Comedy Comedy,,cecil b demented year_2000 decade_2000s Comedy Comedy Comedy
3861,"Replacements, The (2000)",Comedy,2000,replacements the,year_2000 decade_2000s,Comedy Comedy Comedy,,replacements the year_2000 decade_2000s Comedy Comedy Comedy
3863,"Cell, The (2000)",Drama|Horror|Thriller,2000,cell the,year_2000 decade_2000s,Drama Drama Drama Horror Horror Horror Thriller Thriller Thriller,,cell the year_2000 decade_2000s Drama Drama Drama Horror Horror Horror Thriller Thriller Thriller
3868,"Naked Gun: From the Files of Police Squad!, The (1988)",Action|Comedy|Crime|Romance,1988,naked gun from the files of police squad the,year_1988 decade_1980s,Action Action Action Comedy Comedy Comedy Crime Crime Crime Romance Romance Romance,,naked gun from the files of police squad the year_1988 decade_1980s Action Action Action Comedy Comedy Comedy Crime Crime Crime Romance Romance Romance
3869,"Naked Gun 2 1/2: The Smell of Fear, The (1991)",Comedy,1991,naked gun 2 1 2 the smell of fear the,year_1991 decade_1990s,Comedy Comedy Comedy,,naked gun 2 1 2 the smell of fear the year_1991 decade_1990s Comedy Comedy Comedy
3871,Shane (1953),Drama|Western,1953,shane,year_1953 decade_1950s,Drama Drama Drama Western Western Western,,shane year_1953 decade_1950s Drama Drama Drama Western Western Western
3873,Cat Ballou (1965),Comedy|Western,1965,cat ballou,year_1965 decade_1960s,Comedy Comedy Comedy Western Western Western,,cat ballou year_1965 decade_1960s Comedy Comedy Comedy Western Western Western
3877,Supergirl (1984),Action|Adventure|Fantasy,1984,supergirl,year_1984 decade_1980s,Action Action Action Adventure Adventure Adventure Fantasy Fantasy Fantasy,superhero,supergirl year_1984 decade_1980s Action Action Action Adventure Adventure Adventure Fantasy Fantasy Fantasy superhero
3882,Bring It On (2000),Comedy,2000,bring it on,year_2000 decade_2000s,Comedy Comedy Comedy,,bring it on year_2000 decade_2000s Comedy Comedy Comedy
3889,Highlander: Endgame (Highlander IV) (2000),Action|Adventure|Fantasy,2000,highlander endgame highlander iv,year_2000 decade_2000s,Action Action Action Adventure Adventure Adventure Fantasy Fantasy Fantasy,,highlander endgame highlander iv year_2000 decade_2000s Action Action Action Adventure Adventure Adventure Fantasy Fantasy Fantasy
3893,Nurse Betty (2000),Comedy|Crime|Drama|Romance|Thriller,2000,nurse betty,year_2000 decade_2000s,Comedy Comedy Comedy Crime Crime Crime Drama Drama Drama Romance Romance Romance Thriller Thriller Thriller,,nurse betty year_2000 decade_2000s Comedy Comedy Comedy Crime Crime Crime Drama Drama Drama Romance Romance Romance Thriller Thriller Thriller
3896,"Way of the Gun, The (2000)",Crime|Thriller,2000,way of the gun the,year_2000 decade_2000s,Crime Crime Crime Thriller Thriller Thriller,,way of the gun the year_2000 decade_2000s Crime Crime Crime Thriller Thriller Thriller
3897,Almost Famous (2000),Drama,2000,almost famous,year_2000 decade_2000s,Drama Drama Drama,journalism music,almost famous year_2000 decade_2000s Drama Drama Drama journalism music
3910,Dancer in the Dark (2000),Drama|Musical,2000,dancer in the dark,year_2000 decade_2000s,Drama Drama Drama Musical Musical Musical,blindness factory,dancer in the dark year_2000 decade_2000s Drama Drama Drama Musical Musical Musical blindness factory
3911,Best in Show (2000),Comedy,2000,best in show,year_2000 decade_2000s,Comedy Comedy Comedy,dogs satire,best in show year_2000 decade_2000s Comedy Comedy Comedy dogs satire
3915,Girlfight (2000),Drama,2000,girlfight,year_2000 decade_2000s,Drama Drama Drama,,girlfight year_2000 decade_2000s Drama Drama Drama
3916,Remember the Titans (2000),Drama,2000,remember the titans,year_2000 decade_2000s,Drama Drama Drama,,remember the titans year_2000 decade_2000s Drama Drama Drama
3917,Hellraiser (1987),Horror,1987,hellraiser,year_1987 decade_1980s,Horror Horror Horror,,hellraiser year_1987 decade_1980s Horror Horror Horror
3918,Hellbound: Hellraiser II (1988),Horror,1988,hellbound hellraiser ii,year_1988 decade_1980s,Horror Horror Horror,,hellbound hellraiser ii year_1988 decade_1980s Horror Horror Horror
3925,Stranger Than Paradise (1984),Comedy|Drama,1984,stranger than paradise,year_1984 decade_1980s,Comedy Comedy Comedy Drama Drama Drama,,stranger than paradise year_1984 decade_1980s Comedy Comedy Comedy Drama Drama Drama
3927,Fantastic Voyage (1966),Adventure|Sci-Fi,1966,fantastic voyage,year_1966 decade_1960s,Adventure Adventure Adventure SciFi SciFi SciFi,,fantastic voyage year_1966 decade_1960s Adventure Adventure Adventure SciFi SciFi SciFi
3943,Bamboozled (2000),Comedy,2000,bamboozled,year_2000 decade_2000s,Comedy Comedy Comedy,,bamboozled year_2000 decade_2000s Comedy Comedy Comedy
3946,Get Carter (2000),Action|Drama|Thriller,2000,get carter,year_2000 decade_2000s,Action Action Action Drama Drama Drama Thriller Thriller Thriller,,get carter year_2000 decade_2000s Action Action Action Drama Drama Drama Thriller Thriller Thriller
3948,Meet the Parents (2000),Comedy,2000,meet the parents,year_2000 decade_2000s,Comedy Comedy Comedy,robert de niro comedy,meet the parents year_2000 decade_2000s Comedy Comedy Comedy robert de niro comedy
3949,Requiem for a Dream (2000),Drama,2000,requiem for a dream,year_2000 decade_2000s,Drama Drama Drama,drug abuse depressing psychology,requiem for a dream year_2000 decade_2000s Drama Drama Drama drug abuse depressing psychology
3950,Tigerland (2000),Drama,2000,tigerland,year_2000 decade_2000s,Drama Drama Drama,,tigerland year_2000 decade_2000s Drama Drama Drama
3952,"Contender, The (2000)",Drama|Thriller,2000,contender the,year_2000 decade_2000s,Drama Drama Drama Thriller Thriller Thriller,,contender the year_2000 decade_2000s Drama Drama Drama Thriller Thriller Thriller
3955,"Ladies Man, The (2000)",Comedy,2000,ladies man the,year_2000 decade_2000s,Comedy Comedy Comedy,,ladies man the year_2000 decade_2000s Comedy Comedy Comedy
3959,"Time Machine, The (1960)",Action|Adventure|Sci-Fi,1960,time machine the,year_1960 decade_1960s,Action Action Action Adventure Adventure Adventure SciFi SciFi SciFi,,time machine the year_1960 decade_1960s Action Action Action Adventure Adventure Adventure SciFi SciFi SciFi
3967,Billy Elliot (2000),Drama,2000,billy elliot,year_2000 decade_2000s,Drama Drama Drama,,billy elliot year_2000 decade_2000s Drama Drama Drama
3968,Bedazzled (2000),Comedy,2000,bedazzled,year_2000 decade_2000s,Comedy Comedy Comedy,,bedazzled year_2000 decade_2000s Comedy Comedy Comedy
3969,Pay It Forward (2000),Drama,2000,pay it forward,year_2000 decade_2000s,Drama Drama Drama,,pay it forward year_2000 decade_2000s Drama Drama Drama
3972,"Legend of Drunken Master, The (Jui kuen II) (1994)",Action|Comedy,1994,legend of drunken master the jui kuen ii,year_1994 decade_1990s,Action Action Action Comedy Comedy Comedy,,legend of drunken master the jui kuen ii year_1994 decade_1990s Action Action Action Comedy Comedy Comedy
3977,Charlie's Angels (2000),Action|Comedy,2000,charlie s angels,year_2000 decade_2000s,Action Action Action Comedy Comedy Comedy,,charlie s angels year_2000 decade_2000s Action Action Action Comedy Comedy Comedy
3978,"Legend of Bagger Vance, The (2000)",Drama|Romance,2000,legend of bagger vance the,year_2000 decade_2000s,Drama Drama Drama Romance Romance Romance,,legend of bagger vance the year_2000 decade_2000s Drama Drama Drama Romance Romance Romance
3979,Little Nicky (2000),Comedy,2000,little nicky,year_2000 decade_2000s,Comedy Comedy Comedy,,little nicky year_2000 decade_2000s Comedy Comedy Comedy
3980,Men of Honor (2000),Drama,2000,men of honor,year_2000 decade_2000s,Drama Drama Drama,,men of honor year_2000 decade_2000s Drama Drama Drama
3981,Red Planet (2000),Action|Sci-Fi|Thriller,2000,red planet,year_2000 decade_2000s,Action Action Action SciFi SciFi SciFi Thriller Thriller Thriller,,red planet year_2000 decade_2000s Action Action Action SciFi SciFi SciFi Thriller Thriller Thriller
3983,You Can Count on Me (2000),Drama|Romance,2000,you can count on me,year_2000 decade_2000s,Drama Drama Drama Romance Romance Romance,family,you can count on me year_2000 decade_2000s Drama Drama Drama Romance Romance Romance family
3984,Diamonds Are Forever (1971),Action|Adventure|Thriller,1971,diamonds are forever,year_1971 decade_1970s,Action Action Action Adventure Adventure Adventure Thriller Thriller Thriller,,diamonds are forever year_1971 decade_1970s Action Action Action Adventure Adventure Adventure Thriller Thriller Thriller
3985,"Eagle Has Landed, The (1976)",Drama|War,1976,eagle has landed the,year_1976 decade_1970s,Drama Drama Drama War War War,,eagle has landed the year_1976 decade_1970s Drama Drama Drama War War War
3986,"6th Day, The (2000)",Action|Sci-Fi|Thriller,2000,6th day the,year_2000 decade_2000s,Action Action Action SciFi SciFi SciFi Thriller Thriller Thriller,,6th day the year_2000 decade_2000s Action Action Action SciFi SciFi SciFi Thriller Thriller Thriller
3987,Bounce (2000),Drama|Romance,2000,bounce,year_2000 decade_2000s,Drama Drama Drama Romance Romance Romance,,bounce year_2000 decade_2000s Drama Drama Drama Romance Romance Romance
3988,How the Grinch Stole Christmas (a.k.a. The Grinch) (2000),Children|Comedy|Fantasy,2000,how the grinch stole christmas a k a the grinch,year_2000 decade_2000s,Children Children Children Comedy Comedy Comedy Fantasy Fantasy Fantasy,,how the grinch stole christmas a k a the grinch year_2000 decade_2000s Children Children Children Comedy Comedy Comedy Fantasy Fantasy Fantasy
3991,102 Dalmatians (2000),Children|Comedy,2000,102 dalmatians,year_2000 decade_2000s,Children Children Children Comedy Comedy Comedy,,102 dalmatians year_2000 decade_2000s Children Children Children Comedy Comedy Comedy
3992,Malèna (2000),Drama|Romance|War,2000,mal na,year_2000 decade_2000s,Drama Drama Drama Romance Romance Romance War War War,,mal na year_2000 decade_2000s Drama Drama Drama Romance Romance Romance War War War
3993,Quills (2000),Drama|Romance,2000,quills,year_2000 decade_2000s,Drama Drama Drama Romance Romance Romance,,quills year_2000 decade_2000s Drama Drama Drama Romance Romance Romance
3994,Unbreakable (2000),Drama|Sci-Fi,2000,unbreakable,year_2000 decade_2000s,Drama Drama Drama SciFi SciFi SciFi,superhero unique atmospheric mindfuck,unbreakable year_2000 decade_2000s Drama Drama Drama SciFi SciFi SciFi superhero unique atmospheric mindfuck
3996,"Crouching Tiger, Hidden Dragon (Wo hu cang long) (2000)",Action|Drama|Romance,2000,crouching tiger hidden dragon wo hu cang long,year_2000 decade_2000s,Action Action Action Drama Drama Drama Romance Romance Romance,martial arts china,crouching tiger hidden dragon wo hu cang long year_2000 decade_2000s Action Action Action Drama Drama Drama Romance Romance Romance martial arts china
3997,Dungeons & Dragons (2000),Action|Adventure|Comedy|Fantasy,2000,dungeons dragons,year_2000 decade_2000s,Action Action Action Adventure Adventure Adventure Comedy Comedy Comedy Fantasy Fantasy Fantasy,,dungeons dragons year_2000 decade_2000s Action Action Action Adventure Adventure Adventure Comedy Comedy Comedy Fantasy Fantasy Fantasy
3998,Proof of Life (2000),Drama,2000,proof of life,year_2000 decade_2000s,Drama Drama Drama,,proof of life year_2000 decade_2000s Drama Drama Drama
3999,Vertical Limit (2000),Action|Adventure,2000,vertical limit,year_2000 decade_2000s,Action Action Action Adventure Adventure Adventure,,vertical limit year_2000 decade_2000s Action Action Action Adventure Adventure Adventure
4002,"Planes, Trains & Automobiles (1987)",Comedy,1987,planes trains automobiles,year_1987 decade_1980s,Comedy Comedy Comedy,,planes trains automobiles year_1987 decade_1980s Comedy Comedy Comedy
4005,"Living Daylights, The (1987)",Action|Adventure|Thriller,1987,living daylights the,year_1987 decade_1980s,Action Action Action Adventure Adventure Adventure Thriller Thriller Thriller,,living daylights the year_1987 decade_1980s Action Action Action Adventure Adventure Adventure Thriller Thriller Thriller
4006,Transformers: The Movie (1986),Adventure|Animation|Children|Sci-Fi,1986,transformers the movie,year_1986 decade_1980s,Adventure Adventure Adventure Animation Animation Animation Children Children Children SciFi SciFi SciFi,,transformers the movie year_1986 decade_1980s Adventure Adventure Adventure Animation Animation Animation Children Children Children SciFi SciFi SciFi
4007,Wall Street (1987),Drama,1987,wall street,year_1987 decade_1980s,Drama Drama Drama,business,wall street year_1987 decade_1980s Drama Drama Drama business
4008,Born on the Fourth of July (1989),Drama|War,1989,born on the fourth of july,year_1989 decade_1980s,Drama Drama Drama War War War,,born on the fourth of july year_1989 decade_1980s Drama Drama Drama War War War
4010,Brewster's Millions (1985),Comedy,1985,brewster s millions,year_1985 decade_1980s,Comedy Comedy Comedy,,brewster s millions year_1985 decade_1980s Comedy Comedy Comedy
4011,Snatch (2000),Comedy|Crime|Thriller,2000,snatch,year_2000 decade_2000s,Comedy Comedy Comedy Crime Crime Crime Thriller Thriller Thriller,,snatch year_2000 decade_2000s Comedy Comedy Comedy Crime Crime Crime Thriller Thriller Thriller
4014,Chocolat (2000),Drama|Romance,2000,chocolat,year_2000 decade_2000s,Drama Drama Drama Romance Romance Romance,,chocolat year_2000 decade_2000s Drama Drama Drama Romance Romance Romance
4015,"Dude, Where's My Car? (2000)",Comedy|Sci-Fi,2000,dude where s my car,year_2000 decade_2000s,Comedy Comedy Comedy SciFi SciFi SciFi,bad,dude where s my car year_2000 decade_2000s Comedy Comedy Comedy SciFi SciFi SciFi bad
4016,"Emperor's New Groove, The (2000)",Adventure|Animation|Children|Comedy|Fantasy,2000,emperor s new groove the,year_2000 decade_2000s,Adventure Adventure Adventure Animation Animation Animation Children Children Children Comedy Comedy Comedy Fantasy Fantasy Fantasy,,emperor s new groove the year_2000 decade_2000s Adventure Adventure Adventure Animation Animation Animation Children Children Children Comedy Comedy Comedy Fantasy Fantasy Fantasy
4017,Pollock (2000),Drama,2000,pollock,year_2000 decade_2000s,Drama Drama Drama,,pollock year_2000 decade_2000s Drama Drama Drama
4018,What Women Want (2000),Comedy|Romance,2000,what women want,year_2000 decade_2000s,Comedy Comedy Comedy Romance Romance Romance,,what women want year_2000 decade_2000s Comedy Comedy Comedy Romance Romance Romance
4019,Finding Forrester (2000),Drama,2000,finding forrester,year_2000 decade_2000s,Drama Drama Drama,writing,finding forrester year_2000 decade_2000s Drama Drama Drama writing
4020,"Gift, The (2000)",Thriller,2000,gift the,year_2000 decade_2000s,Thriller Thriller Thriller,,gift the year_2000 decade_2000s Thriller Thriller Thriller
4021,Before Night Falls (2000),Drama,2000,before night falls,year_2000 decade_2000s,Drama Drama Drama,,before night falls year_2000 decade_2000s Drama Drama Drama
4022,Cast Away (2000),Drama,2000,cast away,year_2000 decade_2000s,Drama Drama Drama,,cast away year_2000 decade_2000s Drama Drama Drama
4023,"Family Man, The (2000)",Comedy|Drama|Romance,2000,family man the,year_2000 decade_2000s,Comedy Comedy Comedy Drama Drama Drama Romance Romance Romance,,family man the year_2000 decade_2000s Comedy Comedy Comedy Drama Drama Drama Romance Romance Romance
4025,Miss Congeniality (2000),Comedy|Crime,2000,miss congeniality,year_2000 decade_2000s,Comedy Comedy Comedy Crime Crime Crime,,miss congeniality year_2000 decade_2000s Comedy Comedy Comedy Crime Crime Crime
4027,"O Brother, Where Art Thou? (2000)",Adventure|Comedy|Crime,2000,o brother where art thou,year_2000 decade_2000s,Adventure Adventure Adventure Comedy Comedy Comedy Crime Crime Crime,,o brother where art thou year_2000 decade_2000s Adventure Adventure Adventure Comedy Comedy Comedy Crime Crime Crime
4029,State and Main (2000),Comedy|Drama,2000,state and main,year_2000 decade_2000s,Comedy Comedy Comedy Drama Drama Drama,,state and main year_2000 decade_2000s Comedy Comedy Comedy Drama Drama Drama
4030,Dracula 2000 (2000),Horror,2000,dracula 2000,year_2000 decade_2000s,Horror Horror Horror,,dracula 2000 year_2000 decade_2000s Horror Horror Horror
4033,Thirteen Days (2000),Drama|Thriller|War,2000,thirteen days,year_2000 decade_2000s,Drama Drama Drama Thriller Thriller Thriller War War War,,thirteen days year_2000 decade_2000s Drama Drama Drama Thriller Thriller Thriller War War War
4034,Traffic (2000),Crime|Drama|Thriller,2000,traffic,year_2000 decade_2000s,Crime Crime Crime Drama Drama Drama Thriller Thriller Thriller,based on a tv show drugs,traffic year_2000 decade_2000s Crime Crime Crime Drama Drama Drama Thriller Thriller Thriller based on a tv show drugs
4036,Shadow of the Vampire (2000),Drama|Horror,2000,shadow of the vampire,year_2000 decade_2000s,Drama Drama Drama Horror Horror Horror,,shadow of the vampire year_2000 decade_2000s Drama Drama Drama Horror Horror Horror
4037,House of Games (1987),Crime|Film-Noir|Mystery|Thriller,1987,house of games,year_1987 decade_1980s,Crime Crime Crime FilmNoir FilmNoir FilmNoir Mystery Mystery Mystery Thriller Thriller Thriller,,house of games year_1987 decade_1980s Crime Crime Crime FilmNoir FilmNoir FilmNoir Mystery Mystery Mystery Thriller Thriller Thriller
4039,Annie (1982),Children|Musical,1982,annie,year_1982 decade_1980s,Children Children Children Musical Musical Musical,,annie year_1982 decade_1980s Children Children Children Musical Musical Musical
4040,Don't Tell Mom the Babysitter's Dead (1991),Comedy,1991,don t tell mom the babysitter s dead,year_1991 decade_1990s,Comedy Comedy Comedy,,don t tell mom the babysitter s dead year_1991 decade_1990s Comedy Comedy Comedy
4041,"Officer and a Gentleman, An (1982)",Drama|Romance,1982,officer and a gentleman an,year_1982 decade_1980s,Drama Drama Drama Romance Romance Romance,,officer and a gentleman an year_1982 decade_1980s Drama Drama Drama Romance Romance Romance
4047,Gettysburg (1993),Drama|War,1993,gettysburg,year_1993 decade_1990s,Drama Drama Drama War War War,,gettysburg year_1993 decade_1990s Drama Drama Drama War War War
4052,Antitrust (2001),Crime|Drama|Thriller,2001,antitrust,year_2001 decade_2000s,Crime Crime Crime Drama Drama Drama Thriller Thriller Thriller,,antitrust year_2001 decade_2000s Crime Crime Crime Drama Drama Drama Thriller Thriller Thriller
4054,Save the Last Dance (2001),Drama|Romance,2001,save the last dance,year_2001 decade_2000s,Drama Drama Drama Romance Romance Romance,,save the last dance year_2001 decade_2000s Drama Drama Drama Romance Romance Romance
4056,"Pledge, The (2001)",Crime|Drama|Mystery|Thriller,2001,pledge the,year_2001 decade_2000s,Crime Crime Crime Drama Drama Drama Mystery Mystery Mystery Thriller Thriller Thriller,,pledge the year_2001 decade_2000s Crime Crime Crime Drama Drama Drama Mystery Mystery Mystery Thriller Thriller Thriller
4062,Mystic Pizza (1988),Comedy|Drama|Romance,1988,mystic pizza,year_1988 decade_1980s,Comedy Comedy Comedy Drama Drama Drama Romance Romance Romance,,mystic pizza year_1988 decade_1980s Comedy Comedy Comedy Drama Drama Drama Romance Romance Romance
4068,Sugar & Spice (2001),Comedy,2001,sugar spice,year_2001 decade_2000s,Comedy Comedy Comedy,,sugar spice year_2001 decade_2000s Comedy Comedy Comedy
4069,"Wedding Planner, The (2001)",Comedy|Romance,2001,wedding planner the,year_2001 decade_2000s,Comedy Comedy Comedy Romance Romance Romance,,wedding planner the year_2001 decade_2000s Comedy Comedy Comedy Romance Romance Romance
4084,Beverly Hills Cop II (1987),Action|Comedy|Crime|Thriller,1987,beverly hills cop ii,year_1987 decade_1980s,Action Action Action Comedy Comedy Comedy Crime Crime Crime Thriller Thriller Thriller,,beverly hills cop ii year_1987 decade_1980s Action Action Action Comedy Comedy Comedy Crime Crime Crime Thriller Thriller Thriller
4085,Beverly Hills Cop (1984),Action|Comedy|Crime|Drama,1984,beverly hills cop,year_1984 decade_1980s,Action Action Action Comedy Comedy Comedy Crime Crime Crime Drama Drama Drama,,beverly hills cop year_1984 decade_1980s Action Action Action Comedy Comedy Comedy Crime Crime Crime Drama Drama Drama
4086,"Big Easy, The (1987)",Action|Crime|Mystery|Romance|Thriller,1987,big easy the,year_1987 decade_1980s,Action Action Action Crime Crime Crime Mystery Mystery Mystery Romance Romance Romance Thriller Thriller Thriller,,big easy the year_1987 decade_1980s Action Action Action Crime Crime Crime Mystery Mystery Mystery Romance Romance Romance Thriller Thriller Thriller
4090,"Brave Little Toaster, The (1987)",Animation|Children,1987,brave little toaster the,year_1987 decade_1980s,Animation Animation Animation Children Children Children,,brave little toaster the year_1987 decade_1980s Animation Animation Animation Children Children Children
4102,Eddie Murphy Raw (1987),Comedy|Documentary,1987,eddie murphy raw,year_1987 decade_1980s,Comedy Comedy Comedy Documentary Documentary Documentary,,eddie murphy raw year_1987 decade_1980s Comedy Comedy Comedy Documentary Documentary Documentary
4103,Empire of the Sun (1987),Action|Adventure|Drama|War,1987,empire of the sun,year_1987 decade_1980s,Action Action Action Adventure Adventure Adventure Drama Drama Drama War War War,,empire of the sun year_1987 decade_1980s Action Action Action Adventure Adventure Adventure Drama Drama Drama War War War
4104,Ernest Goes to Camp (1987),Comedy,1987,ernest goes to camp,year_1987 decade_1980s,Comedy Comedy Comedy,,ernest goes to camp year_1987 decade_1980s Comedy Comedy Comedy
4105,"Evil Dead, The (1981)",Fantasy|Horror|Thriller,1981,evil dead the,year_1981 decade_1980s,Fantasy Fantasy Fantasy Horror Horror Horror Thriller Thriller Thriller,zombies,evil dead the year_1981 decade_1980s Fantasy Fantasy Fantasy Horror Horror Horror Thriller Thriller Thriller zombies
4109,Flowers in the Attic (1987),Drama|Thriller,1987,flowers in the attic,year_1987 decade_1980s,Drama Drama Drama Thriller Thriller Thriller,,flowers in the attic year_1987 decade_1980s Drama Drama Drama Thriller Thriller Thriller
4121,Innerspace (1987),Action|Adventure|Comedy|Sci-Fi,1987,innerspace,year_1987 decade_1980s,Action Action Action Adventure Adventure Adventure Comedy Comedy Comedy SciFi SciFi SciFi,,innerspace year_1987 decade_1980s Action Action Action Adventure Adventure Adventure Comedy Comedy Comedy SciFi SciFi SciFi
4128,"Lost Boys, The (1987)",Comedy|Horror|Thriller,1987,lost boys the,year_1987 decade_1980s,Comedy Comedy Comedy Horror Horror Horror Thriller Thriller Thriller,,lost boys the year_1987 decade_1980s Comedy Comedy Comedy Horror Horror Horror Thriller Thriller Thriller
4132,Mannequin (1987),Comedy|Romance,1987,mannequin,year_1987 decade_1980s,Comedy Comedy Comedy Romance Romance Romance,,mannequin year_1987 decade_1980s Comedy Comedy Comedy Romance Romance Romance
4133,Masters of the Universe (1987),Action|Adventure|Fantasy|Sci-Fi,1987,masters of the universe,year_1987 decade_1980s,Action Action Action Adventure Adventure Adventure Fantasy Fantasy Fantasy SciFi SciFi SciFi,,masters of the universe year_1987 decade_1980s Action Action Action Adventure Adventure Adventure Fantasy Fantasy Fantasy SciFi SciFi SciFi
4144,In the Mood For Love (Fa yeung nin wa) (2000),Drama|Romance,2000,in the mood for love fa yeung nin wa,year_2000 decade_2000s,Drama Drama Drama Romance Romance Romance,atmospheric loneliness melancholy moody heartbreaking visually appealing visually stunning unique bittersweet beautiful romantic,in the mood for love fa yeung nin wa year_2000 decade_2000s Drama Drama Drama Romance Romance Romance atmospheric loneliness melancholy moody heartbreaking visually appealing visually stunning unique bittersweet beautiful romantic
4148,Hannibal (2001),Horror|Thriller,2001,hannibal,year_2001 decade_2000s,Horror Horror Horror Thriller Thriller Thriller,,hannibal year_2001 decade_2000s Horror Horror Horror Thriller Thriller Thriller
4149,Saving Silverman (Evil Woman) (2001),Comedy|Romance,2001,saving silverman evil woman,year_2001 decade_2000s,Comedy Comedy Comedy Romance Romance Romance,,saving silverman evil woman year_2001 decade_2000s Comedy Comedy Comedy Romance Romance Romance
4153,Down to Earth (2001),Comedy|Fantasy|Romance,2001,down to earth,year_2001 decade_2000s,Comedy Comedy Comedy Fantasy Fantasy Fantasy Romance Romance Romance,,down to earth year_2001 decade_2000s Comedy Comedy Comedy Fantasy Fantasy Fantasy Romance Romance Romance
4155,Sweet November (2001),Drama|Romance,2001,sweet november,year_2001 decade_2000s,Drama Drama Drama Romance Romance Romance,,sweet november year_2001 decade_2000s Drama Drama Drama Romance Romance Romance
4158,Monkeybone (2001),Animation|Comedy|Fantasy,2001,monkeybone,year_2001 decade_2000s,Animation Animation Animation Comedy Comedy Comedy Fantasy Fantasy Fantasy,,monkeybone year_2001 decade_2000s Animation Animation Animation Comedy Comedy Comedy Fantasy Fantasy Fantasy
4159,3000 Miles to Graceland (2001),Action|Thriller,2001,3000 miles to graceland,year_2001 decade_2000s,Action Action Action Thriller Thriller Thriller,,3000 miles to graceland year_2001 decade_2000s Action Action Action Thriller Thriller Thriller
4161,"Mexican, The (2001)",Action|Comedy,2001,mexican the,year_2001 decade_2000s,Action Action Action Comedy Comedy Comedy,,mexican the year_2001 decade_2000s Action Action Action Comedy Comedy Comedy
4167,15 Minutes (2001),Thriller,2001,15 minutes,year_2001 decade_2000s,Thriller Thriller Thriller,,15 minutes year_2001 decade_2000s Thriller Thriller Thriller
4178,Of Mice and Men (1939),Drama,1939,of mice and men,year_1939 decade_1930s,Drama Drama Drama,,of mice and men year_1939 decade_1930s Drama Drama Drama
4203,Harley Davidson and the Marlboro Man (1991),Action|Crime|Drama,1991,harley davidson and the marlboro man,year_1991 decade_1990s,Action Action Action Crime Crime Crime Drama Drama Drama,,harley davidson and the marlboro man year_1991 decade_1990s Action Action Action Crime Crime Crime Drama Drama Drama
4205,Mermaids (1990),Comedy|Drama|Romance,1990,mermaids,year_1990 decade_1990s,Comedy Comedy Comedy Drama Drama Drama Romance Romance Romance,,mermaids year_1990 decade_1990s Comedy Comedy Comedy Drama Drama Drama Romance Romance Romance
4210,Manhunter (1986),Action|Crime|Drama|Horror|Thriller,1986,manhunter,year_1986 decade_1980s,Action Action Action Crime Crime Crime Drama Drama Drama Horror Horror Horror Thriller Thriller Thriller,hannibal lecter serial killer,manhunter year_1986 decade_1980s Action Action Action Crime Crime Crime Drama Drama Drama Horror Horror Horror Thriller Thriller Thriller hannibal lecter serial killer
4211,Reversal of Fortune (1990),Drama,1990,reversal of fortune,year_1990 decade_1990s,Drama Drama Drama,,reversal of fortune year_1990 decade_1990s Drama Drama Drama
4214,Revenge of the Nerds (1984),Comedy,1984,revenge of the nerds,year_1984 decade_1980s,Comedy Comedy Comedy,college,revenge of the nerds year_1984 decade_1980s Comedy Comedy Comedy college
4215,Revenge of the Nerds II: Nerds in Paradise (1987),Comedy,1987,revenge of the nerds ii nerds in paradise,year_1987 decade_1980s,Comedy Comedy Comedy,,revenge of the nerds ii nerds in paradise year_1987 decade_1980s Comedy Comedy Comedy
4220,"Longest Yard, The (1974)",Comedy,1974,longest yard the,year_1974 decade_1970s,Comedy Comedy Comedy,,longest yard the year_1974 decade_1970s Comedy Comedy Comedy
4223,Enemy at the Gates (2001),Drama|War,2001,enemy at the gates,year_2001 decade_2000s,Drama Drama Drama War War War,sniper jude law rachel weisz world war ii,enemy at the gates year_2001 decade_2000s Drama Drama Drama War War War sniper jude law rachel weisz world war ii
4225,"Dish, The (2001)",Comedy,2001,dish the,year_2001 decade_2000s,Comedy Comedy Comedy,,dish the year_2001 decade_2000s Comedy Comedy Comedy
4226,Memento (2000),Mystery|Thriller,2000,memento,year_2000 decade_2000s,Mystery Mystery Mystery Thriller Thriller Thriller,mystery twist ending psychological cerebral dreamlike nonlinear psychology dark mindfuck,memento year_2000 decade_2000s Mystery Mystery Mystery Thriller Thriller Thriller mystery twist ending psychological cerebral dreamlike nonlinear psychology dark mindfuck
4228,Heartbreakers (2001),Comedy|Crime|Romance,2001,heartbreakers,year_2001 decade_2000s,Comedy Comedy Comedy Crime Crime Crime Romance Romance Romance,,heartbreakers year_2001 decade_2000s Comedy Comedy Comedy Crime Crime Crime Romance Romance Romance
4231,Someone Like You (2001),Comedy|Romance,2001,someone like you,year_2001 decade_2000s,Comedy Comedy Comedy Romance Romance Romance,,someone like you year_2001 decade_2000s Comedy Comedy Comedy Romance Romance Romance
4232,Spy Kids (2001),Action|Adventure|Children|Comedy,2001,spy kids,year_2001 decade_2000s,Action Action Action Adventure Adventure Adventure Children Children Children Comedy Comedy Comedy,spying,spy kids year_2001 decade_2000s Action Action Action Adventure Adventure Adventure Children Children Children Comedy Comedy Comedy spying
4233,Tomcats (2001),Comedy,2001,tomcats,year_2001 decade_2000s,Comedy Comedy Comedy,,tomcats year_2001 decade_2000s Comedy Comedy Comedy
4234,"Tailor of Panama, The (2001)",Drama|Thriller,2001,tailor of panama the,year_2001 decade_2000s,Drama Drama Drama Thriller Thriller Thriller,,tailor of panama the year_2001 decade_2000s Drama Drama Drama Thriller Thriller Thriller
4235,Amores Perros (Love's a Bitch) (2000),Drama|Thriller,2000,amores perros love s a bitch,year_2000 decade_2000s,Drama Drama Drama Thriller Thriller Thriller,,amores perros love s a bitch year_2000 decade_2000s Drama Drama Drama Thriller Thriller Thriller
4238,Along Came a Spider (2001),Action|Crime|Mystery|Thriller,2001,along came a spider,year_2001 decade_2000s,Action Action Action Crime Crime Crime Mystery Mystery Mystery Thriller Thriller Thriller,,along came a spider year_2001 decade_2000s Action Action Action Crime Crime Crime Mystery Mystery Mystery Thriller Thriller Thriller
4239,Blow (2001),Crime|Drama,2001,blow,year_2001 decade_2000s,Crime Crime Crime Drama Drama Drama,,blow year_2001 decade_2000s Crime Crime Crime Drama Drama Drama
4241,Pokémon 3: The Movie (2001),Animation|Children,2001,pok mon 3 the movie,year_2001 decade_2000s,Animation Animation Animation Children Children Children,,pok mon 3 the movie year_2001 decade_2000s Animation Animation Animation Children Children Children
4246,Bridget Jones's Diary (2001),Comedy|Drama|Romance,2001,bridget jones s diary,year_2001 decade_2000s,Comedy Comedy Comedy Drama Drama Drama Romance Romance Romance,,bridget jones s diary year_2001 decade_2000s Comedy Comedy Comedy Drama Drama Drama Romance Romance Romance
4247,Joe Dirt (2001),Adventure|Comedy|Mystery|Romance,2001,joe dirt,year_2001 decade_2000s,Adventure Adventure Adventure Comedy Comedy Comedy Mystery Mystery Mystery Romance Romance Romance,,joe dirt year_2001 decade_2000s Adventure Adventure Adventure Comedy Comedy Comedy Mystery Mystery Mystery Romance Romance Romance
4248,Josie and the Pussycats (2001),Comedy,2001,josie and the pussycats,year_2001 decade_2000s,Comedy Comedy Comedy,,josie and the pussycats year_2001 decade_2000s Comedy Comedy Comedy
4254,Crocodile Dundee in Los Angeles (2001),Comedy|Drama,2001,crocodile dundee in los angeles,year_2001 decade_2000s,Comedy Comedy Comedy Drama Drama Drama,,crocodile dundee in los angeles year_2001 decade_2000s Comedy Comedy Comedy Drama Drama Drama
4255,Freddy Got Fingered (2001),Comedy,2001,freddy got fingered,year_2001 decade_2000s,Comedy Comedy Comedy,,freddy got fingered year_2001 decade_2000s Comedy Comedy Comedy
4262,Scarface (1983),Action|Crime|Drama,1983,scarface,year_1983 decade_1980s,Action Action Action Crime Crime Crime Drama Drama Drama,al pacino,scarface year_1983 decade_1980s Action Action Action Crime Crime Crime Drama Drama Drama al pacino
4265,Driven (2001),Action|Thriller,2001,driven,year_2001 decade_2000s,Action Action Action Thriller Thriller Thriller,,driven year_2001 decade_2000s Action Action Action Thriller Thriller Thriller
4267,One Night at McCool's (2001),Comedy,2001,one night at mccool s,year_2001 decade_2000s,Comedy Comedy Comedy,,one night at mccool s year_2001 decade_2000s Comedy Comedy Comedy
4270,"Mummy Returns, The (2001)",Action|Adventure|Comedy|Thriller,2001,mummy returns the,year_2001 decade_2000s,Action Action Action Adventure Adventure Adventure Comedy Comedy Comedy Thriller Thriller Thriller,,mummy returns the year_2001 decade_2000s Action Action Action Adventure Adventure Adventure Comedy Comedy Comedy Thriller Thriller Thriller
4275,Krull (1983),Action|Adventure|Fantasy|Sci-Fi,1983,krull,year_1983 decade_1980s,Action Action Action Adventure Adventure Adventure Fantasy Fantasy Fantasy SciFi SciFi SciFi,,krull year_1983 decade_1980s Action Action Action Adventure Adventure Adventure Fantasy Fantasy Fantasy SciFi SciFi SciFi
4280,"World According to Garp, The (1982)",Comedy|Drama|Romance,1982,world according to garp the,year_1982 decade_1980s,Comedy Comedy Comedy Drama Drama Drama Romance Romance Romance,,world according to garp the year_1982 decade_1980s Comedy Comedy Comedy Drama Drama Drama Romance Romance Romance
4291,Nine to Five (a.k.a. 9 to 5) (1980),Comedy|Crime,1980,nine to five a k a 9 to 5,year_1980 decade_1980s,Comedy Comedy Comedy Crime Crime Crime,,nine to five a k a 9 to 5 year_1980 decade_1980s Comedy Comedy Comedy Crime Crime Crime
4299,"Knight's Tale, A (2001)",Action|Comedy|Romance,2001,knight s tale a,year_2001 decade_2000s,Action Action Action Comedy Comedy Comedy Romance Romance Romance,,knight s tale a year_2001 decade_2000s Action Action Action Comedy Comedy Comedy Romance Romance Romance
4304,Startup.com (2001),Documentary,2001,startup com,year_2001 decade_2000s,Documentary Documentary Documentary,,startup com year_2001 decade_2000s Documentary Documentary Documentary
4306,Shrek (2001),Adventure|Animation|Children|Comedy|Fantasy|Romance,2001,shrek,year_2001 decade_2000s,Adventure Adventure Adventure Animation Animation Animation Children Children Children Comedy Comedy Comedy Fantasy Fantasy Fantasy Romance Romance Romance,,shrek year_2001 decade_2000s Adventure Adventure Adventure Animation Animation Animation Children Children Children Comedy Comedy Comedy Fantasy Fantasy Fantasy Romance Romance Romance
4308,Moulin Rouge (2001),Drama|Musical|Romance,2001,moulin rouge,year_2001 decade_2000s,Drama Drama Drama Musical Musical Musical Romance Romance Romance,,moulin rouge year_2001 decade_2000s Drama Drama Drama Musical Musical Musical Romance Romance Romance
4310,Pearl Harbor (2001),Action|Drama|Romance|War,2001,pearl harbor,year_2001 decade_2000s,Action Action Action Drama Drama Drama Romance Romance Romance War War War,,pearl harbor year_2001 decade_2000s Action Action Action Drama Drama Drama Romance Romance Romance War War War
4321,City Slickers (1991),Comedy|Western,1991,city slickers,year_1991 decade_1990s,Comedy Comedy Comedy Western Western Western,,city slickers year_1991 decade_1990s Comedy Comedy Comedy Western Western Western
4322,Eight Men Out (1988),Drama,1988,eight men out,year_1988 decade_1980s,Drama Drama Drama,,eight men out year_1988 decade_1980s Drama Drama Drama
4326,Mississippi Burning (1988),Crime|Drama|Thriller,1988,mississippi burning,year_1988 decade_1980s,Crime Crime Crime Drama Drama Drama Thriller Thriller Thriller,race rasicm,mississippi burning year_1988 decade_1980s Crime Crime Crime Drama Drama Drama Thriller Thriller Thriller race rasicm
4327,"Magnificent Seven, The (1960)",Adventure|Western,1960,magnificent seven the,year_1960 decade_1960s,Adventure Adventure Adventure Western Western Western,,magnificent seven the year_1960 decade_1960s Adventure Adventure Adventure Western Western Western
4333,Throw Momma from the Train (1987),Comedy|Crime,1987,throw momma from the train,year_1987 decade_1980s,Comedy Comedy Comedy Crime Crime Crime,,throw momma from the train year_1987 decade_1980s Comedy Comedy Comedy Crime Crime Crime
4334,Yi Yi (2000),Drama,2000,yi yi,year_2000 decade_2000s,Drama Drama Drama,,yi yi year_2000 decade_2000s Drama Drama Drama
4340,"Animal, The (2001)",Comedy,2001,animal the,year_2001 decade_2000s,Comedy Comedy Comedy,,animal the year_2001 decade_2000s Comedy Comedy Comedy
4343,Evolution (2001),Comedy|Sci-Fi,2001,evolution,year_2001 decade_2000s,Comedy Comedy Comedy SciFi SciFi SciFi,seann william scott,evolution year_2001 decade_2000s Comedy Comedy Comedy SciFi SciFi SciFi seann william scott
4344,Swordfish (2001),Action|Crime|Drama,2001,swordfish,year_2001 decade_2000s,Action Action Action Crime Crime Crime Drama Drama Drama,,swordfish year_2001 decade_2000s Action Action Action Crime Crime Crime Drama Drama Drama
4349,Catch-22 (1970),Comedy|War,1970,catch 22,year_1970 decade_1970s,Comedy Comedy Comedy War War War,,catch 22 year_1970 decade_1970s Comedy Comedy Comedy War War War
4351,Point Break (1991),Action|Crime|Thriller,1991,point break,year_1991 decade_1990s,Action Action Action Crime Crime Crime Thriller Thriller Thriller,,point break year_1991 decade_1990s Action Action Action Crime Crime Crime Thriller Thriller Thriller
4356,Gentlemen Prefer Blondes (1953),Comedy|Musical|Romance,1953,gentlemen prefer blondes,year_1953 decade_1950s,Comedy Comedy Comedy Musical Musical Musical Romance Romance Romance,,gentlemen prefer blondes year_1953 decade_1950s Comedy Comedy Comedy Musical Musical Musical Romance Romance Romance
4359,"Seven Year Itch, The (1955)",Comedy,1955,seven year itch the,year_1955 decade_1950s,Comedy Comedy Comedy,adultery,seven year itch the year_1955 decade_1950s Comedy Comedy Comedy adultery
4361,Tootsie (1982),Comedy|Romance,1982,tootsie,year_1982 decade_1980s,Comedy Comedy Comedy Romance Romance Romance,men in drag,tootsie year_1982 decade_1980s Comedy Comedy Comedy Romance Romance Romance men in drag
4366,Atlantis: The Lost Empire (2001),Adventure|Animation|Children|Fantasy,2001,atlantis the lost empire,year_2001 decade_2000s,Adventure Adventure Adventure Animation Animation Animation Children Children Children Fantasy Fantasy Fantasy,,atlantis the lost empire year_2001 decade_2000s Adventure Adventure Adventure Animation Animation Animation Children Children Children Fantasy Fantasy Fantasy
4367,Lara Croft: Tomb Raider (2001),Action|Adventure,2001,lara croft tomb raider,year_2001 decade_2000s,Action Action Action Adventure Adventure Adventure,,lara croft tomb raider year_2001 decade_2000s Action Action Action Adventure Adventure Adventure
4368,Dr. Dolittle 2 (2001),Comedy,2001,dr dolittle 2,year_2001 decade_2000s,Comedy Comedy Comedy,,dr dolittle 2 year_2001 decade_2000s Comedy Comedy Comedy
4369,"Fast and the Furious, The (2001)",Action|Crime|Thriller,2001,fast and the furious the,year_2001 decade_2000s,Action Action Action Crime Crime Crime Thriller Thriller Thriller,,fast and the furious the year_2001 decade_2000s Action Action Action Crime Crime Crime Thriller Thriller Thriller
4370,A.I. Artificial Intelligence (2001),Adventure|Drama|Sci-Fi,2001,a i artificial intelligence,year_2001 decade_2000s,Adventure Adventure Adventure Drama Drama Drama SciFi SciFi SciFi,robots bittersweet steven spielberg artificial intelligence,a i artificial intelligence year_2001 decade_2000s Adventure Adventure Adventure Drama Drama Drama SciFi SciFi SciFi robots bittersweet steven spielberg artificial intelligence
4372,Crazy/Beautiful (2001),Drama|Romance,2001,crazy beautiful,year_2001 decade_2000s,Drama Drama Drama Romance Romance Romance,,crazy beautiful year_2001 decade_2000s Drama Drama Drama Romance Romance Romance
4378,Sexy Beast (2000),Crime|Drama,2000,sexy beast,year_2000 decade_2000s,Crime Crime Crime Drama Drama Drama,,sexy beast year_2000 decade_2000s Crime Crime Crime Drama Drama Drama
4380,"Princess and the Warrior, The (Krieger und die Kaiserin, Der) (2000)",Drama|Romance,2000,princess and the warrior the krieger und die kaiserin der,year_2000 decade_2000s,Drama Drama Drama Romance Romance Romance,,princess and the warrior the krieger und die kaiserin der year_2000 decade_2000s Drama Drama Drama Romance Romance Romance
4383,"Crimson Rivers, The (Rivières pourpres, Les) (2000)",Crime|Drama|Mystery|Thriller,2000,crimson rivers the rivi res pourpres les,year_2000 decade_2000s,Crime Crime Crime Drama Drama Drama Mystery Mystery Mystery Thriller Thriller Thriller,,crimson rivers the rivi res pourpres les year_2000 decade_2000s Crime Crime Crime Drama Drama Drama Mystery Mystery Mystery Thriller Thriller Thriller
4386,Cats & Dogs (2001),Children|Comedy,2001,cats dogs,year_2001 decade_2000s,Children Children Children Comedy Comedy Comedy,,cats dogs year_2001 decade_2000s Children Children Children Comedy Comedy Comedy
4387,Kiss of the Dragon (2001),Action,2001,kiss of the dragon,year_2001 decade_2000s,Action Action Action,,kiss of the dragon year_2001 decade_2000s Action Action Action
4388,Scary Movie 2 (2001),Comedy,2001,scary movie 2,year_2001 decade_2000s,Comedy Comedy Comedy,,scary movie 2 year_2001 decade_2000s Comedy Comedy Comedy
4396,"Cannonball Run, The (1981)",Action|Comedy,1981,cannonball run the,year_1981 decade_1980s,Action Action Action Comedy Comedy Comedy,race,cannonball run the year_1981 decade_1980s Action Action Action Comedy Comedy Comedy race
4406,"Man Who Shot Liberty Valance, The (1962)",Crime|Drama|Western,1962,man who shot liberty valance the,year_1962 decade_1960s,Crime Crime Crime Drama Drama Drama Western Western Western,,man who shot liberty valance the year_1962 decade_1960s Crime Crime Crime Drama Drama Drama Western Western Western
4427,"Lion in Winter, The (1968)",Drama,1968,lion in winter the,year_1968 decade_1960s,Drama Drama Drama,,lion in winter the year_1968 decade_1960s Drama Drama Drama
4437,Suspiria (1977),Horror,1977,suspiria,year_1977 decade_1970s,Horror Horror Horror,,suspiria year_1977 decade_1970s Horror Horror Horror
4446,Final Fantasy: The Spirits Within (2001),Adventure|Animation|Fantasy|Sci-Fi,2001,final fantasy the spirits within,year_2001 decade_2000s,Adventure Adventure Adventure Animation Animation Animation Fantasy Fantasy Fantasy SciFi SciFi SciFi,sci fi,final fantasy the spirits within year_2001 decade_2000s Adventure Adventure Adventure Animation Animation Animation Fantasy Fantasy Fantasy SciFi SciFi SciFi sci fi
4447,Legally Blonde (2001),Comedy|Romance,2001,legally blonde,year_2001 decade_2000s,Comedy Comedy Comedy Romance Romance Romance,lawyers,legally blonde year_2001 decade_2000s Comedy Comedy Comedy Romance Romance Romance lawyers
4448,"Score, The (2001)",Action|Drama,2001,score the,year_2001 decade_2000s,Action Action Action Drama Drama Drama,heist boring,score the year_2001 decade_2000s Action Action Action Drama Drama Drama heist boring
4450,Bully (2001),Crime|Drama|Thriller,2001,bully,year_2001 decade_2000s,Crime Crime Crime Drama Drama Drama Thriller Thriller Thriller,,bully year_2001 decade_2000s Crime Crime Crime Drama Drama Drama Thriller Thriller Thriller
4452,Made (2001),Comedy,2001,made,year_2001 decade_2000s,Comedy Comedy Comedy,,made year_2001 decade_2000s Comedy Comedy Comedy
4464,"Accidental Tourist, The (1988)",Comedy|Drama|Romance,1988,accidental tourist the,year_1988 decade_1980s,Comedy Comedy Comedy Drama Drama Drama Romance Romance Romance,,accidental tourist the year_1988 decade_1980s Comedy Comedy Comedy Drama Drama Drama Romance Romance Romance
4465,"Accused, The (1988)",Drama,1988,accused the,year_1988 decade_1980s,Drama Drama Drama,rape,accused the year_1988 decade_1980s Drama Drama Drama rape
4467,"Adventures of Baron Munchausen, The (1988)",Adventure|Comedy|Fantasy,1988,adventures of baron munchausen the,year_1988 decade_1980s,Adventure Adventure Adventure Comedy Comedy Comedy Fantasy Fantasy Fantasy,,adventures of baron munchausen the year_1988 decade_1980s Adventure Adventure Adventure Comedy Comedy Comedy Fantasy Fantasy Fantasy
4474,Beaches (1988),Comedy|Drama|Musical,1988,beaches,year_1988 decade_1980s,Comedy Comedy Comedy Drama Drama Drama Musical Musical Musical,,beaches year_1988 decade_1980s Comedy Comedy Comedy Drama Drama Drama Musical Musical Musical
4477,Big Top Pee-Wee (1988),Adventure|Children|Comedy,1988,big top pee wee,year_1988 decade_1980s,Adventure Adventure Adventure Children Children Children Comedy Comedy Comedy,circus,big top pee wee year_1988 decade_1980s Adventure Adventure Adventure Children Children Children Comedy Comedy Comedy circus
4487,Cocktail (1988),Drama|Romance,1988,cocktail,year_1988 decade_1980s,Drama Drama Drama Romance Romance Romance,,cocktail year_1988 decade_1980s Drama Drama Drama Romance Romance Romance
4489,Coming to America (1988),Comedy|Romance,1988,coming to america,year_1988 decade_1980s,Comedy Comedy Comedy Romance Romance Romance,immigrants africa,coming to america year_1988 decade_1980s Comedy Comedy Comedy Romance Romance Romance immigrants africa
4498,"Dead Pool, The (1988)",Action|Crime|Thriller,1988,dead pool the,year_1988 decade_1980s,Action Action Action Crime Crime Crime Thriller Thriller Thriller,,dead pool the year_1988 decade_1980s Action Action Action Crime Crime Crime Thriller Thriller Thriller
4499,Dirty Rotten Scoundrels (1988),Comedy,1988,dirty rotten scoundrels,year_1988 decade_1980s,Comedy Comedy Comedy,,dirty rotten scoundrels year_1988 decade_1980s Comedy Comedy Comedy
4508,Gorillas in the Mist (1988),Drama,1988,gorillas in the mist,year_1988 decade_1980s,Drama Drama Drama,,gorillas in the mist year_1988 decade_1980s Drama Drama Drama
4509,"Great Outdoors, The (1988)",Comedy,1988,great outdoors the,year_1988 decade_1980s,Comedy Comedy Comedy,,great outdoors the year_1988 decade_1980s Comedy Comedy Comedy
4519,"Land Before Time, The (1988)",Adventure|Animation|Children|Fantasy,1988,land before time the,year_1988 decade_1980s,Adventure Adventure Adventure Animation Animation Animation Children Children Children Fantasy Fantasy Fantasy,,land before time the year_1988 decade_1980s Adventure Adventure Adventure Animation Animation Animation Children Children Children Fantasy Fantasy Fantasy
4526,My Stepmother Is an Alien (1988),Comedy|Romance|Sci-Fi,1988,my stepmother is an alien,year_1988 decade_1980s,Comedy Comedy Comedy Romance Romance Romance SciFi SciFi SciFi,aliens,my stepmother is an alien year_1988 decade_1980s Comedy Comedy Comedy Romance Romance Romance SciFi SciFi SciFi aliens
4544,Short Circuit 2 (1988),Comedy|Sci-Fi,1988,short circuit 2,year_1988 decade_1980s,Comedy Comedy Comedy SciFi SciFi SciFi,,short circuit 2 year_1988 decade_1980s Comedy Comedy Comedy SciFi SciFi SciFi
4545,Short Circuit (1986),Comedy|Sci-Fi,1986,short circuit,year_1986 decade_1980s,Comedy Comedy Comedy SciFi SciFi SciFi,robots,short circuit year_1986 decade_1980s Comedy Comedy Comedy SciFi SciFi SciFi robots
4546,"Vanishing, The (Spoorloos) (1988)",Drama|Thriller,1988,vanishing the spoorloos,year_1988 decade_1980s,Drama Drama Drama Thriller Thriller Thriller,kidnapping remade,vanishing the spoorloos year_1988 decade_1980s Drama Drama Drama Thriller Thriller Thriller kidnapping remade
4553,They Live (1988),Action|Sci-Fi|Thriller,1988,they live,year_1988 decade_1980s,Action Action Action SciFi SciFi SciFi Thriller Thriller Thriller,,they live year_1988 decade_1980s Action Action Action SciFi SciFi SciFi Thriller Thriller Thriller
4558,Twins (1988),Comedy,1988,twins,year_1988 decade_1980s,Comedy Comedy Comedy,twins,twins year_1988 decade_1980s Comedy Comedy Comedy twins
4564,Always (1989),Drama|Fantasy|Romance,1989,always,year_1989 decade_1980s,Drama Drama Drama Fantasy Fantasy Fantasy Romance Romance Romance,,always year_1989 decade_1980s Drama Drama Drama Fantasy Fantasy Fantasy Romance Romance Romance
4571,Bill & Ted's Excellent Adventure (1989),Adventure|Comedy|Sci-Fi,1989,bill ted s excellent adventure,year_1989 decade_1980s,Adventure Adventure Adventure Comedy Comedy Comedy SciFi SciFi SciFi,time travel,bill ted s excellent adventure year_1989 decade_1980s Adventure Adventure Adventure Comedy Comedy Comedy SciFi SciFi SciFi time travel
4587,Earth Girls Are Easy (1988),Comedy|Musical|Sci-Fi,1988,earth girls are easy,year_1988 decade_1980s,Comedy Comedy Comedy Musical Musical Musical SciFi SciFi SciFi,,earth girls are easy year_1988 decade_1980s Comedy Comedy Comedy Musical Musical Musical SciFi SciFi SciFi
4591,Erik the Viking (1989),Adventure|Comedy|Fantasy,1989,erik the viking,year_1989 decade_1980s,Adventure Adventure Adventure Comedy Comedy Comedy Fantasy Fantasy Fantasy,,erik the viking year_1989 decade_1980s Adventure Adventure Adventure Comedy Comedy Comedy Fantasy Fantasy Fantasy
4616,Lean on Me (1989),Drama,1989,lean on me,year_1989 decade_1980s,Drama Drama Drama,,lean on me year_1989 decade_1980s Drama Drama Drama
4621,Look Who's Talking (1989),Comedy|Romance,1989,look who s talking,year_1989 decade_1980s,Comedy Comedy Comedy Romance Romance Romance,,look who s talking year_1989 decade_1980s Comedy Comedy Comedy Romance Romance Romance
4623,Major League (1989),Comedy,1989,major league,year_1989 decade_1980s,Comedy Comedy Comedy,baseball,major league year_1989 decade_1980s Comedy Comedy Comedy baseball
4638,Jurassic Park III (2001),Action|Adventure|Sci-Fi|Thriller,2001,jurassic park iii,year_2001 decade_2000s,Action Action Action Adventure Adventure Adventure SciFi SciFi SciFi Thriller Thriller Thriller,dinosaurs,jurassic park iii year_2001 decade_2000s Action Action Action Adventure Adventure Adventure SciFi SciFi SciFi Thriller Thriller Thriller dinosaurs
4639,America's Sweethearts (2001),Comedy|Romance,2001,america s sweethearts,year_2001 decade_2000s,Comedy Comedy Comedy Romance Romance Romance,hollywood movie business,america s sweethearts year_2001 decade_2000s Comedy Comedy Comedy Romance Romance Romance hollywood movie business
4641,Ghost World (2001),Comedy|Drama,2001,ghost world,year_2001 decade_2000s,Comedy Comedy Comedy Drama Drama Drama,adolescence,ghost world year_2001 decade_2000s Comedy Comedy Comedy Drama Drama Drama adolescence
4642,Hedwig and the Angry Inch (2000),Comedy|Drama|Musical,2000,hedwig and the angry inch,year_2000 decade_2000s,Comedy Comedy Comedy Drama Drama Drama Musical Musical Musical,,hedwig and the angry inch year_2000 decade_2000s Comedy Comedy Comedy Drama Drama Drama Musical Musical Musical
4643,Planet of the Apes (2001),Action|Adventure|Drama|Sci-Fi,2001,planet of the apes,year_2001 decade_2000s,Action Action Action Adventure Adventure Adventure Drama Drama Drama SciFi SciFi SciFi,,planet of the apes year_2001 decade_2000s Action Action Action Adventure Adventure Adventure Drama Drama Drama SciFi SciFi SciFi
4649,Wet Hot American Summer (2001),Comedy,2001,wet hot american summer,year_2001 decade_2000s,Comedy Comedy Comedy,,wet hot american summer year_2001 decade_2000s Comedy Comedy Comedy
4654,Road House (1989),Action|Drama,1989,road house,year_1989 decade_1980s,Action Action Action Drama Drama Drama,,road house year_1989 decade_1980s Action Action Action Drama Drama Drama
4676,Troop Beverly Hills (1989),Comedy,1989,troop beverly hills,year_1989 decade_1980s,Comedy Comedy Comedy,,troop beverly hills year_1989 decade_1980s Comedy Comedy Comedy
4677,Turner & Hooch (1989),Comedy|Crime,1989,turner hooch,year_1989 decade_1980s,Comedy Comedy Comedy Crime Crime Crime,dogs,turner hooch year_1989 decade_1980s Comedy Comedy Comedy Crime Crime Crime dogs
4678,UHF (1989),Comedy,1989,uhf,year_1989 decade_1980s,Comedy Comedy Comedy,television,uhf year_1989 decade_1980s Comedy Comedy Comedy television
4679,Uncle Buck (1989),Comedy,1989,uncle buck,year_1989 decade_1980s,Comedy Comedy Comedy,,uncle buck year_1989 decade_1980s Comedy Comedy Comedy
4681,"War of the Roses, The (1989)",Comedy|Drama,1989,war of the roses the,year_1989 decade_1980s,Comedy Comedy Comedy Drama Drama Drama,,war of the roses the year_1989 decade_1980s Comedy Comedy Comedy Drama Drama Drama
4700,"Princess Diaries, The (2001)",Children|Comedy|Romance,2001,princess diaries the,year_2001 decade_2000s,Children Children Children Comedy Comedy Comedy Romance Romance Romance,,princess diaries the year_2001 decade_2000s Children Children Children Comedy Comedy Comedy Romance Romance Romance
4701,Rush Hour 2 (2001),Action|Comedy,2001,rush hour 2,year_2001 decade_2000s,Action Action Action Comedy Comedy Comedy,,rush hour 2 year_2001 decade_2000s Action Action Action Comedy Comedy Comedy
4713,Altered States (1980),Drama|Sci-Fi,1980,altered states,year_1980 decade_1980s,Drama Drama Drama SciFi SciFi SciFi,,altered states year_1980 decade_1980s Drama Drama Drama SciFi SciFi SciFi
4718,American Pie 2 (2001),Comedy,2001,american pie 2,year_2001 decade_2000s,Comedy Comedy Comedy,,american pie 2 year_2001 decade_2000s Comedy Comedy Comedy
4719,Osmosis Jones (2001),Action|Animation|Comedy|Crime|Drama|Romance|Thriller,2001,osmosis jones,year_2001 decade_2000s,Action Action Action Animation Animation Animation Comedy Comedy Comedy Crime Crime Crime Drama Drama Drama Romance Romance Romance Thriller Thriller Thriller,,osmosis jones year_2001 decade_2000s Action Action Action Animation Animation Animation Comedy Comedy Comedy Crime Crime Crime Drama Drama Drama Romance Romance Romance Thriller Thriller Thriller
4720,"Others, The (2001)",Drama|Horror|Mystery|Thriller,2001,others the,year_2001 decade_2000s,Drama Drama Drama Horror Horror Horror Mystery Mystery Mystery Thriller Thriller Thriller,,others the year_2001 decade_2000s Drama Drama Drama Horror Horror Horror Mystery Mystery Mystery Thriller Thriller Thriller
4728,Rat Race (2001),Comedy,2001,rat race,year_2001 decade_2000s,Comedy Comedy Comedy,,rat race year_2001 decade_2000s Comedy Comedy Comedy
4732,Bubble Boy (2001),Comedy,2001,bubble boy,year_2001 decade_2000s,Comedy Comedy Comedy,,bubble boy year_2001 decade_2000s Comedy Comedy Comedy
4734,Jay and Silent Bob Strike Back (2001),Adventure|Comedy,2001,jay and silent bob strike back,year_2001 decade_2000s,Adventure Adventure Adventure Comedy Comedy Comedy,,jay and silent bob strike back year_2001 decade_2000s Adventure Adventure Adventure Comedy Comedy Comedy
4735,Ghosts of Mars (2001),Horror|Sci-Fi|Thriller,2001,ghosts of mars,year_2001 decade_2000s,Horror Horror Horror SciFi SciFi SciFi Thriller Thriller Thriller,,ghosts of mars year_2001 decade_2000s Horror Horror Horror SciFi SciFi SciFi Thriller Thriller Thriller
4741,Together (Tillsammans) (2000),Comedy|Drama|Romance,2000,together tillsammans,year_2000 decade_2000s,Comedy Comedy Comedy Drama Drama Drama Romance Romance Romance,,together tillsammans year_2000 decade_2000s Comedy Comedy Comedy Drama Drama Drama Romance Romance Romance
4744,Jeepers Creepers (2001),Horror,2001,jeepers creepers,year_2001 decade_2000s,Horror Horror Horror,,jeepers creepers year_2001 decade_2000s Horror Horror Horror
4748,3 Ninjas (1992),Action|Children|Comedy,1992,3 ninjas,year_1992 decade_1990s,Action Action Action Children Children Children Comedy Comedy Comedy,,3 ninjas year_1992 decade_1990s Action Action Action Children Children Children Comedy Comedy Comedy
4754,"Wicker Man, The (1973)",Drama|Horror|Mystery|Thriller,1973,wicker man the,year_1973 decade_1970s,Drama Drama Drama Horror Horror Horror Mystery Mystery Mystery Thriller Thriller Thriller,,wicker man the year_1973 decade_1970s Drama Drama Drama Horror Horror Horror Mystery Mystery Mystery Thriller Thriller Thriller
4774,Big Trouble (2002),Comedy|Crime,2002,big trouble,year_2002 decade_2000s,Comedy Comedy Comedy Crime Crime Crime,,big trouble year_2002 decade_2000s Comedy Comedy Comedy Crime Crime Crime
4776,Training Day (2001),Crime|Drama|Thriller,2001,training day,year_2001 decade_2000s,Crime Crime Crime Drama Drama Drama Thriller Thriller Thriller,,training day year_2001 decade_2000s Crime Crime Crime Drama Drama Drama Thriller Thriller Thriller
4787,Little Man Tate (1991),Drama,1991,little man tate,year_1991 decade_1990s,Drama Drama Drama,,little man tate year_1991 decade_1990s Drama Drama Drama
4799,"It's a Mad, Mad, Mad, Mad World (1963)",Action|Adventure|Comedy|Crime,1963,it s a mad mad mad mad world,year_1963 decade_1960s,Action Action Action Adventure Adventure Adventure Comedy Comedy Comedy Crime Crime Crime,,it s a mad mad mad mad world year_1963 decade_1960s Action Action Action Adventure Adventure Adventure Comedy Comedy Comedy Crime Crime Crime
4812,SpaceCamp (1986),Adventure|Sci-Fi,1986,spacecamp,year_1986 decade_1980s,Adventure Adventure Adventure SciFi SciFi SciFi,nasa space,spacecamp year_1986 decade_1980s Adventure Adventure Adventure SciFi SciFi SciFi nasa space
4814,Don't Say a Word (2001),Thriller,2001,don t say a word,year_2001 decade_2000s,Thriller Thriller Thriller,,don t say a word year_2001 decade_2000s Thriller Thriller Thriller
4815,Hearts in Atlantis (2001),Drama,2001,hearts in atlantis,year_2001 decade_2000s,Drama Drama Drama,,hearts in atlantis year_2001 decade_2000s Drama Drama Drama
4816,Zoolander (2001),Comedy,2001,zoolander,year_2001 decade_2000s,Comedy Comedy Comedy,goofy will ferrell ben stiller comedy,zoolander year_2001 decade_2000s Comedy Comedy Comedy goofy will ferrell ben stiller comedy
4821,Joy Ride (2001),Adventure|Thriller,2001,joy ride,year_2001 decade_2000s,Adventure Adventure Adventure Thriller Thriller Thriller,,joy ride year_2001 decade_2000s Adventure Adventure Adventure Thriller Thriller Thriller
4823,Serendipity (2001),Comedy|Romance,2001,serendipity,year_2001 decade_2000s,Comedy Comedy Comedy Romance Romance Romance,wedding,serendipity year_2001 decade_2000s Comedy Comedy Comedy Romance Romance Romance wedding
4844,Bandits (2001),Comedy|Crime|Romance,2001,bandits,year_2001 decade_2000s,Comedy Comedy Comedy Crime Crime Crime Romance Romance Romance,,bandits year_2001 decade_2000s Comedy Comedy Comedy Crime Crime Crime Romance Romance Romance
4846,Iron Monkey (Siu nin Wong Fei-hung ji: Tit Ma Lau) (1993),Action|Comedy,1993,iron monkey siu nin wong fei hung ji tit ma lau,year_1993 decade_1990s,Action Action Action Comedy Comedy Comedy,,iron monkey siu nin wong fei hung ji tit ma lau year_1993 decade_1990s Action Action Action Comedy Comedy Comedy
4848,Mulholland Drive (2001),Crime|Drama|Film-Noir|Mystery|Thriller,2001,mulholland drive,year_2001 decade_2000s,Crime Crime Crime Drama Drama Drama FilmNoir FilmNoir FilmNoir Mystery Mystery Mystery Thriller Thriller Thriller,,mulholland drive year_2001 decade_2000s Crime Crime Crime Drama Drama Drama FilmNoir FilmNoir FilmNoir Mystery Mystery Mystery Thriller Thriller Thriller
4855,Dirty Harry (1971),Action|Crime|Thriller,1971,dirty harry,year_1971 decade_1970s,Action Action Action Crime Crime Crime Thriller Thriller Thriller,,dirty harry year_1971 decade_1970s Action Action Action Crime Crime Crime Thriller Thriller Thriller
4857,Fiddler on the Roof (1971),Drama|Musical,1971,fiddler on the roof,year_1971 decade_1970s,Drama Drama Drama Musical Musical Musical,judaism,fiddler on the roof year_1971 decade_1970s Drama Drama Drama Musical Musical Musical judaism
4865,From Hell (2001),Crime|Horror|Mystery|Thriller,2001,from hell,year_2001 decade_2000s,Crime Crime Crime Horror Horror Horror Mystery Mystery Mystery Thriller Thriller Thriller,,from hell year_2001 decade_2000s Crime Crime Crime Horror Horror Horror Mystery Mystery Mystery Thriller Thriller Thriller
4866,"Last Castle, The (2001)",Action,2001,last castle the,year_2001 decade_2000s,Action Action Action,,last castle the year_2001 decade_2000s Action Action Action
4867,Riding in Cars with Boys (2001),Comedy|Drama,2001,riding in cars with boys,year_2001 decade_2000s,Comedy Comedy Comedy Drama Drama Drama,,riding in cars with boys year_2001 decade_2000s Comedy Comedy Comedy Drama Drama Drama
4873,Waking Life (2001),Animation|Drama|Fantasy,2001,waking life,year_2001 decade_2000s,Animation Animation Animation Drama Drama Drama Fantasy Fantasy Fantasy,,waking life year_2001 decade_2000s Animation Animation Animation Drama Drama Drama Fantasy Fantasy Fantasy
4874,K-PAX (2001),Drama|Fantasy|Mystery|Sci-Fi,2001,k pax,year_2001 decade_2000s,Drama Drama Drama Fantasy Fantasy Fantasy Mystery Mystery Mystery SciFi SciFi SciFi,psychiatrist aliens,k pax year_2001 decade_2000s Drama Drama Drama Fantasy Fantasy Fantasy Mystery Mystery Mystery SciFi SciFi SciFi psychiatrist aliens
4876,Thirteen Ghosts (a.k.a. Thir13en Ghosts) (2001),Horror|Thriller,2001,thirteen ghosts a k a thir13en ghosts,year_2001 decade_2000s,Horror Horror Horror Thriller Thriller Thriller,,thirteen ghosts a k a thir13en ghosts year_2001 decade_2000s Horror Horror Horror Thriller Thriller Thriller
4878,Donnie Darko (2001),Drama|Mystery|Sci-Fi|Thriller,2001,donnie darko,year_2001 decade_2000s,Drama Drama Drama Mystery Mystery Mystery SciFi SciFi SciFi Thriller Thriller Thriller,time travel thought provoking dreamlike psychology social commentary mental illness hallucinatory teen surreal cult film psychological atmospheric jake gyllenhaal philosophy weird quirky cerebral enigmatic mindfuck,donnie darko year_2001 decade_2000s Drama Drama Drama Mystery Mystery Mystery SciFi SciFi SciFi Thriller Thriller Thriller time travel thought provoking dreamlike psychology social commentary mental illness hallucinatory teen surreal cult film psychological atmospheric jake gyllenhaal philosophy weird quirky cerebral enigmatic mindfuck
4880,Life as a House (2001),Drama,2001,life as a house,year_2001 decade_2000s,Drama Drama Drama,,life as a house year_2001 decade_2000s Drama Drama Drama
4881,"Man Who Wasn't There, The (2001)",Crime|Drama,2001,man who wasn t there the,year_2001 decade_2000s,Crime Crime Crime Drama Drama Drama,coen brothers,man who wasn t there the year_2001 decade_2000s Crime Crime Crime Drama Drama Drama coen brothers
4886,"Monsters, Inc. (2001)",Adventure|Animation|Children|Comedy|Fantasy,2001,monsters inc,year_2001 decade_2000s,Adventure Adventure Adventure Animation Animation Animation Children Children Children Comedy Comedy Comedy Fantasy Fantasy Fantasy,,monsters inc year_2001 decade_2000s Adventure Adventure Adventure Animation Animation Animation Children Children Children Comedy Comedy Comedy Fantasy Fantasy Fantasy
4887,"One, The (2001)",Action|Sci-Fi|Thriller,2001,one the,year_2001 decade_2000s,Action Action Action SciFi SciFi SciFi Thriller Thriller Thriller,,one the year_2001 decade_2000s Action Action Action SciFi SciFi SciFi Thriller Thriller Thriller
4889,Heist (2001),Crime|Drama,2001,heist,year_2001 decade_2000s,Crime Crime Crime Drama Drama Drama,,heist year_2001 decade_2000s Crime Crime Crime Drama Drama Drama
4890,Shallow Hal (2001),Comedy|Fantasy|Romance,2001,shallow hal,year_2001 decade_2000s,Comedy Comedy Comedy Fantasy Fantasy Fantasy Romance Romance Romance,,shallow hal year_2001 decade_2000s Comedy Comedy Comedy Fantasy Fantasy Fantasy Romance Romance Romance
4896,Harry Potter and the Sorcerer's Stone (a.k.a. Harry Potter and the Philosopher's Stone) (2001),Adventure|Children|Fantasy,2001,harry potter and the sorcerer s stone a k a harry potter and the philosopher s stone,year_2001 decade_2000s,Adventure Adventure Adventure Children Children Children Fantasy Fantasy Fantasy,wizards magic humorous,harry potter and the sorcerer s stone a k a harry potter and the philosopher s stone year_2001 decade_2000s Adventure Adventure Adventure Children Children Children Fantasy Fantasy Fantasy wizards magic humorous
4899,Black Knight (2001),Adventure|Comedy|Fantasy,2001,black knight,year_2001 decade_2000s,Adventure Adventure Adventure Comedy Comedy Comedy Fantasy Fantasy Fantasy,,black knight year_2001 decade_2000s Adventure Adventure Adventure Comedy Comedy Comedy Fantasy Fantasy Fantasy
4900,Out Cold (2001),Comedy,2001,out cold,year_2001 decade_2000s,Comedy Comedy Comedy,,out cold year_2001 decade_2000s Comedy Comedy Comedy
4901,Spy Game (2001),Action|Crime|Drama|Thriller,2001,spy game,year_2001 decade_2000s,Action Action Action Crime Crime Crime Drama Drama Drama Thriller Thriller Thriller,,spy game year_2001 decade_2000s Action Action Action Crime Crime Crime Drama Drama Drama Thriller Thriller Thriller
4902,"Devil's Backbone, The (Espinazo del diablo, El) (2001)",Drama|Fantasy|Horror|Thriller|War,2001,devil s backbone the espinazo del diablo el,year_2001 decade_2000s,Drama Drama Drama Fantasy Fantasy Fantasy Horror Horror Horror Thriller Thriller Thriller War War War,ghosts,devil s backbone the espinazo del diablo el year_2001 decade_2000s Drama Drama Drama Fantasy Fantasy Fantasy Horror Horror Horror Thriller Thriller Thriller War War War ghosts
4903,In the Bedroom (2001),Drama,2001,in the bedroom,year_2001 decade_2000s,Drama Drama Drama,,in the bedroom year_2001 decade_2000s Drama Drama Drama
4914,Breathless (À bout de souffle) (1960),Crime|Drama|Romance,1960,breathless bout de souffle,year_1960 decade_1960s,Crime Crime Crime Drama Drama Drama Romance Romance Romance,,breathless bout de souffle year_1960 decade_1960s Crime Crime Crime Drama Drama Drama Romance Romance Romance
4915,"Beastmaster, The (1982)",Action|Adventure|Fantasy,1982,beastmaster the,year_1982 decade_1980s,Action Action Action Adventure Adventure Adventure Fantasy Fantasy Fantasy,,beastmaster the year_1982 decade_1980s Action Action Action Adventure Adventure Adventure Fantasy Fantasy Fantasy
4921,Little Women (1933),Drama|Romance,1933,little women,year_1933 decade_1930s,Drama Drama Drama Romance Romance Romance,,little women year_1933 decade_1930s Drama Drama Drama Romance Romance Romance
4936,Fame (1980),Drama|Musical,1980,fame,year_1980 decade_1980s,Drama Drama Drama Musical Musical Musical,,fame year_1980 decade_1980s Drama Drama Drama Musical Musical Musical
4941,Flash Gordon (1980),Action|Adventure|Sci-Fi,1980,flash gordon,year_1980 decade_1980s,Action Action Action Adventure Adventure Adventure SciFi SciFi SciFi,,flash gordon year_1980 decade_1980s Action Action Action Adventure Adventure Adventure SciFi SciFi SciFi
4951,Lord of the Flies (1990),Adventure|Drama|Thriller,1990,lord of the flies,year_1990 decade_1990s,Adventure Adventure Adventure Drama Drama Drama Thriller Thriller Thriller,,lord of the flies year_1990 decade_1990s Adventure Adventure Adventure Drama Drama Drama Thriller Thriller Thriller
4954,Ocean's Eleven (a.k.a. Ocean's 11) (1960),Comedy|Crime,1960,ocean s eleven a k a ocean s 11,year_1960 decade_1960s,Comedy Comedy Comedy Crime Crime Crime,,ocean s eleven a k a ocean s 11 year_1960 decade_1960s Comedy Comedy Comedy Crime Crime Crime
4958,Behind Enemy Lines (2001),Action|Drama|War,2001,behind enemy lines,year_2001 decade_2000s,Action Action Action Drama Drama Drama War War War,,behind enemy lines year_2001 decade_2000s Action Action Action Drama Drama Drama War War War
4963,Ocean's Eleven (2001),Crime|Thriller,2001,ocean s eleven,year_2001 decade_2000s,Crime Crime Crime Thriller Thriller Thriller,heist,ocean s eleven year_2001 decade_2000s Crime Crime Crime Thriller Thriller Thriller heist
4967,No Man's Land (2001),Drama|War,2001,no man s land,year_2001 decade_2000s,Drama Drama Drama War War War,,no man s land year_2001 decade_2000s Drama Drama Drama War War War
4971,Moscow on the Hudson (1984),Comedy|Drama,1984,moscow on the hudson,year_1984 decade_1980s,Comedy Comedy Comedy Drama Drama Drama,,moscow on the hudson year_1984 decade_1980s Comedy Comedy Comedy Drama Drama Drama
4973,"Amelie (Fabuleux destin d'Amélie Poulain, Le) (2001)",Comedy|Romance,2001,amelie fabuleux destin d am lie poulain le,year_2001 decade_2000s,Comedy Comedy Comedy Romance Romance Romance,whimsical,amelie fabuleux destin d am lie poulain le year_2001 decade_2000s Comedy Comedy Comedy Romance Romance Romance whimsical
4974,Not Another Teen Movie (2001),Comedy,2001,not another teen movie,year_2001 decade_2000s,Comedy Comedy Comedy,,not another teen movie year_2001 decade_2000s Comedy Comedy Comedy
4975,Vanilla Sky (2001),Mystery|Romance|Sci-Fi|Thriller,2001,vanilla sky,year_2001 decade_2000s,Mystery Mystery Mystery Romance Romance Romance SciFi SciFi SciFi Thriller Thriller Thriller,,vanilla sky year_2001 decade_2000s Mystery Mystery Mystery Romance Romance Romance SciFi SciFi SciFi Thriller Thriller Thriller
4978,Lantana (2001),Drama|Mystery|Thriller,2001,lantana,year_2001 decade_2000s,Drama Drama Drama Mystery Mystery Mystery Thriller Thriller Thriller,,lantana year_2001 decade_2000s Drama Drama Drama Mystery Mystery Mystery Thriller Thriller Thriller
4979,"Royal Tenenbaums, The (2001)",Comedy|Drama,2001,royal tenenbaums the,year_2001 decade_2000s,Comedy Comedy Comedy Drama Drama Drama,new york,royal tenenbaums the year_2001 decade_2000s Comedy Comedy Comedy Drama Drama Drama new york
4980,Bill & Ted's Bogus Journey (1991),Adventure|Comedy|Fantasy|Sci-Fi,1991,bill ted s bogus journey,year_1991 decade_1990s,Adventure Adventure Adventure Comedy Comedy Comedy Fantasy Fantasy Fantasy SciFi SciFi SciFi,time travel,bill ted s bogus journey year_1991 decade_1990s Adventure Adventure Adventure Comedy Comedy Comedy Fantasy Fantasy Fantasy SciFi SciFi SciFi time travel
4989,How High (2001),Comedy,2001,how high,year_2001 decade_2000s,Comedy Comedy Comedy,,how high year_2001 decade_2000s Comedy Comedy Comedy
4990,Jimmy Neutron: Boy Genius (2001),Adventure|Animation|Children|Comedy,2001,jimmy neutron boy genius,year_2001 decade_2000s,Adventure Adventure Adventure Animation Animation Animation Children Children Children Comedy Comedy Comedy,,jimmy neutron boy genius year_2001 decade_2000s Adventure Adventure Adventure Animation Animation Animation Children Children Children Comedy Comedy Comedy
4992,Kate & Leopold (2001),Comedy|Romance,2001,kate leopold,year_2001 decade_2000s,Comedy Comedy Comedy Romance Romance Romance,,kate leopold year_2001 decade_2000s Comedy Comedy Comedy Romance Romance Romance
4993,"Lord of the Rings: The Fellowship of the Ring, The (2001)",Adventure|Fantasy,2001,lord of the rings the fellowship of the ring the,year_2001 decade_2000s,Adventure Adventure Adventure Fantasy Fantasy Fantasy,tolkein fantasy magic tolkien wizards,lord of the rings the fellowship of the ring the year_2001 decade_2000s Adventure Adventure Adventure Fantasy Fantasy Fantasy tolkein fantasy magic tolkien wizards
4994,"Majestic, The (2001)",Comedy|Drama|Romance,2001,majestic the,year_2001 decade_2000s,Comedy Comedy Comedy Drama Drama Drama Romance Romance Romance,,majestic the year_2001 decade_2000s Comedy Comedy Comedy Drama Drama Drama Romance Romance Romance
4995,"Beautiful Mind, A (2001)",Drama|Romance,2001,beautiful mind a,year_2001 decade_2000s,Drama Drama Drama Romance Romance Romance,mathematics,beautiful mind a year_2001 decade_2000s Drama Drama Drama Romance Romance Romance mathematics
5004,"Party, The (1968)",Comedy,1968,party the,year_1968 decade_1960s,Comedy Comedy Comedy,,party the year_1968 decade_1960s Comedy Comedy Comedy
5008,Witness for the Prosecution (1957),Drama|Mystery|Thriller,1957,witness for the prosecution,year_1957 decade_1950s,Drama Drama Drama Mystery Mystery Mystery Thriller Thriller Thriller,agatha christie court,witness for the prosecution year_1957 decade_1950s Drama Drama Drama Mystery Mystery Mystery Thriller Thriller Thriller agatha christie court
5009,Ali (2001),Drama,2001,ali,year_2001 decade_2000s,Drama Drama Drama,,ali year_2001 decade_2000s Drama Drama Drama
5010,Black Hawk Down (2001),Action|Drama|War,2001,black hawk down,year_2001 decade_2000s,Action Action Action Drama Drama Drama War War War,,black hawk down year_2001 decade_2000s Action Action Action Drama Drama Drama War War War
5013,Gosford Park (2001),Comedy|Drama|Mystery,2001,gosford park,year_2001 decade_2000s,Comedy Comedy Comedy Drama Drama Drama Mystery Mystery Mystery,,gosford park year_2001 decade_2000s Comedy Comedy Comedy Drama Drama Drama Mystery Mystery Mystery
5014,I Am Sam (2001),Drama,2001,i am sam,year_2001 decade_2000s,Drama Drama Drama,,i am sam year_2001 decade_2000s Drama Drama Drama
5015,Monster's Ball (2001),Drama|Romance,2001,monster s ball,year_2001 decade_2000s,Drama Drama Drama Romance Romance Romance,race,monster s ball year_2001 decade_2000s Drama Drama Drama Romance Romance Romance race
5016,"Shipping News, The (2001)",Drama,2001,shipping news the,year_2001 decade_2000s,Drama Drama Drama,,shipping news the year_2001 decade_2000s Drama Drama Drama
5025,Orange County (2002),Comedy,2002,orange county,year_2002 decade_2000s,Comedy Comedy Comedy,,orange county year_2002 decade_2000s Comedy Comedy Comedy
5026,"Brotherhood of the Wolf (Pacte des loups, Le) (2001)",Action|Mystery|Thriller,2001,brotherhood of the wolf pacte des loups le,year_2001 decade_2000s,Action Action Action Mystery Mystery Mystery Thriller Thriller Thriller,,brotherhood of the wolf pacte des loups le year_2001 decade_2000s Action Action Action Mystery Mystery Mystery Thriller Thriller Thriller
5027,Another 48 Hrs. (1990),Action|Comedy|Crime|Drama|Thriller,1990,another 48 hrs,year_1990 decade_1990s,Action Action Action Comedy Comedy Comedy Crime Crime Crime Drama Drama Drama Thriller Thriller Thriller,,another 48 hrs year_1990 decade_1990s Action Action Action Comedy Comedy Comedy Crime Crime Crime Drama Drama Drama Thriller Thriller Thriller
5039,Dragonslayer (1981),Action|Adventure|Fantasy,1981,dragonslayer,year_1981 decade_1980s,Action Action Action Adventure Adventure Adventure Fantasy Fantasy Fantasy,,dragonslayer year_1981 decade_1980s Action Action Action Adventure Adventure Adventure Fantasy Fantasy Fantasy
5040,Conan the Destroyer (1984),Action|Adventure|Fantasy,1984,conan the destroyer,year_1984 decade_1980s,Action Action Action Adventure Adventure Adventure Fantasy Fantasy Fantasy,,conan the destroyer year_1984 decade_1980s Action Action Action Adventure Adventure Adventure Fantasy Fantasy Fantasy
5047,Kung Pow: Enter the Fist (2002),Action|Comedy,2002,kung pow enter the fist,year_2002 decade_2000s,Action Action Action Comedy Comedy Comedy,,kung pow enter the fist year_2002 decade_2000s Action Action Action Comedy Comedy Comedy
5048,Snow Dogs (2002),Adventure|Children|Comedy,2002,snow dogs,year_2002 decade_2000s,Adventure Adventure Adventure Children Children Children Comedy Comedy Comedy,,snow dogs year_2002 decade_2000s Adventure Adventure Adventure Children Children Children Comedy Comedy Comedy
5049,48 Hrs. (1982),Action|Comedy|Crime|Drama,1982,48 hrs,year_1982 decade_1980s,Action Action Action Comedy Comedy Comedy Crime Crime Crime Drama Drama Drama,,48 hrs year_1982 decade_1980s Action Action Action Comedy Comedy Comedy Crime Crime Crime Drama Drama Drama
5055,Dragon: The Bruce Lee Story (1993),Action|Drama,1993,dragon the bruce lee story,year_1993 decade_1990s,Action Action Action Drama Drama Drama,,dragon the bruce lee story year_1993 decade_1990s Action Action Action Drama Drama Drama
5060,M*A*S*H (a.k.a. MASH) (1970),Comedy|Drama|War,1970,m a s h a k a mash,year_1970 decade_1970s,Comedy Comedy Comedy Drama Drama Drama War War War,,m a s h a k a mash year_1970 decade_1970s Comedy Comedy Comedy Drama Drama Drama War War War
5064,The Count of Monte Cristo (2002),Action|Adventure|Drama|Thriller,2002,the count of monte cristo,year_2002 decade_2000s,Action Action Action Adventure Adventure Adventure Drama Drama Drama Thriller Thriller Thriller,revenge remake,the count of monte cristo year_2002 decade_2000s Action Action Action Adventure Adventure Adventure Drama Drama Drama Thriller Thriller Thriller revenge remake
5065,"Mothman Prophecies, The (2002)",Drama|Fantasy|Horror|Mystery|Thriller,2002,mothman prophecies the,year_2002 decade_2000s,Drama Drama Drama Fantasy Fantasy Fantasy Horror Horror Horror Mystery Mystery Mystery Thriller Thriller Thriller,,mothman prophecies the year_2002 decade_2000s Drama Drama Drama Fantasy Fantasy Fantasy Horror Horror Horror Mystery Mystery Mystery Thriller Thriller Thriller
5066,"Walk to Remember, A (2002)",Drama|Romance,2002,walk to remember a,year_2002 decade_2000s,Drama Drama Drama Romance Romance Romance,,walk to remember a year_2002 decade_2000s Drama Drama Drama Romance Romance Romance
5072,Metropolis (2001),Animation|Sci-Fi,2001,metropolis,year_2001 decade_2000s,Animation Animation Animation SciFi SciFi SciFi,,metropolis year_2001 decade_2000s Animation Animation Animation SciFi SciFi SciFi
5080,Slackers (2002),Comedy,2002,slackers,year_2002 decade_2000s,Comedy Comedy Comedy,,slackers year_2002 decade_2000s Comedy Comedy Comedy
5081,Birthday Girl (2001),Drama|Romance,2001,birthday girl,year_2001 decade_2000s,Drama Drama Drama Romance Romance Romance,,birthday girl year_2001 decade_2000s Drama Drama Drama Romance Romance Romance
5093,Collateral Damage (2002),Action|Thriller,2002,collateral damage,year_2002 decade_2000s,Action Action Action Thriller Thriller Thriller,,collateral damage year_2002 decade_2000s Action Action Action Thriller Thriller Thriller
5094,Rollerball (2002),Action|Sci-Fi,2002,rollerball,year_2002 decade_2000s,Action Action Action SciFi SciFi SciFi,,rollerball year_2002 decade_2000s Action Action Action SciFi SciFi SciFi
5103,"Sandlot, The (1993)",Children|Comedy|Drama,1993,sandlot the,year_1993 decade_1990s,Children Children Children Comedy Comedy Comedy Drama Drama Drama,,sandlot the year_1993 decade_1990s Children Children Children Comedy Comedy Comedy Drama Drama Drama
5106,Crossroads (2002),Comedy|Musical|Romance,2002,crossroads,year_2002 decade_2000s,Comedy Comedy Comedy Musical Musical Musical Romance Romance Romance,,crossroads year_2002 decade_2000s Comedy Comedy Comedy Musical Musical Musical Romance Romance Romance
5107,Hart's War (2002),Drama|War,2002,hart s war,year_2002 decade_2000s,Drama Drama Drama War War War,,hart s war year_2002 decade_2000s Drama Drama Drama War War War
5108,John Q (2002),Crime|Drama|Thriller,2002,john q,year_2002 decade_2000s,Crime Crime Crime Drama Drama Drama Thriller Thriller Thriller,,john q year_2002 decade_2000s Crime Crime Crime Drama Drama Drama Thriller Thriller Thriller
5110,Super Troopers (2001),Comedy|Crime|Mystery,2001,super troopers,year_2001 decade_2000s,Comedy Comedy Comedy Crime Crime Crime Mystery Mystery Mystery,,super troopers year_2001 decade_2000s Comedy Comedy Comedy Crime Crime Crime Mystery Mystery Mystery
5128,Queen of the Damned (2002),Fantasy|Horror,2002,queen of the damned,year_2002 decade_2000s,Fantasy Fantasy Fantasy Horror Horror Horror,,queen of the damned year_2002 decade_2000s Fantasy Fantasy Fantasy Horror Horror Horror
5135,Monsoon Wedding (2001),Comedy|Romance,2001,monsoon wedding,year_2001 decade_2000s,Comedy Comedy Comedy Romance Romance Romance,india,monsoon wedding year_2001 decade_2000s Comedy Comedy Comedy Romance Romance Romance india
5139,"Bad News Bears, The (1976)",Comedy,1976,bad news bears the,year_1976 decade_1970s,Comedy Comedy Comedy,baseball,bad news bears the year_1976 decade_1970s Comedy Comedy Comedy baseball
5146,Vampire Hunter D: Bloodlust (Banpaia hantâ D) (2000),Animation|Fantasy|Horror|Sci-Fi,2000,vampire hunter d bloodlust banpaia hant d,year_2000 decade_2000s,Animation Animation Animation Fantasy Fantasy Fantasy Horror Horror Horror SciFi SciFi SciFi,,vampire hunter d bloodlust banpaia hant d year_2000 decade_2000s Animation Animation Animation Fantasy Fantasy Fantasy Horror Horror Horror SciFi SciFi SciFi
5151,40 Days and 40 Nights (2002),Comedy|Romance,2002,40 days and 40 nights,year_2002 decade_2000s,Comedy Comedy Comedy Romance Romance Romance,,40 days and 40 nights year_2002 decade_2000s Comedy Comedy Comedy Romance Romance Romance
5152,We Were Soldiers (2002),Action|Drama|War,2002,we were soldiers,year_2002 decade_2000s,Action Action Action Drama Drama Drama War War War,,we were soldiers year_2002 decade_2000s Action Action Action Drama Drama Drama War War War
5159,Ferngully: The Last Rainforest (1992),Animation|Children|Comedy|Musical,1992,ferngully the last rainforest,year_1992 decade_1990s,Animation Animation Animation Children Children Children Comedy Comedy Comedy Musical Musical Musical,,ferngully the last rainforest year_1992 decade_1990s Animation Animation Animation Children Children Children Comedy Comedy Comedy Musical Musical Musical
5171,"Time Machine, The (2002)",Action|Adventure|Sci-Fi,2002,time machine the,year_2002 decade_2000s,Action Action Action Adventure Adventure Adventure SciFi SciFi SciFi,,time machine the year_2002 decade_2000s Action Action Action Adventure Adventure Adventure SciFi SciFi SciFi
5218,Ice Age (2002),Adventure|Animation|Children|Comedy,2002,ice age,year_2002 decade_2000s,Adventure Adventure Adventure Animation Animation Animation Children Children Children Comedy Comedy Comedy,,ice age year_2002 decade_2000s Adventure Adventure Adventure Animation Animation Animation Children Children Children Comedy Comedy Comedy
5219,Resident Evil (2002),Action|Horror|Sci-Fi|Thriller,2002,resident evil,year_2002 decade_2000s,Action Action Action Horror Horror Horror SciFi SciFi SciFi Thriller Thriller Thriller,,resident evil year_2002 decade_2000s Action Action Action Horror Horror Horror SciFi SciFi SciFi Thriller Thriller Thriller
5220,Showtime (2002),Action|Comedy,2002,showtime,year_2002 decade_2000s,Action Action Action Comedy Comedy Comedy,,showtime year_2002 decade_2000s Action Action Action Comedy Comedy Comedy
5225,And Your Mother Too (Y tu mamá también) (2001),Drama|Romance,2001,and your mother too y tu mam tambi n,year_2001 decade_2000s,Drama Drama Drama Romance Romance Romance,,and your mother too y tu mam tambi n year_2001 decade_2000s Drama Drama Drama Romance Romance Romance
5247,Smokey and the Bandit (1977),Action|Comedy,1977,smokey and the bandit,year_1977 decade_1970s,Action Action Action Comedy Comedy Comedy,,smokey and the bandit year_1977 decade_1970s Action Action Action Comedy Comedy Comedy
5254,Blade II (2002),Action|Horror|Thriller,2002,blade ii,year_2002 decade_2000s,Action Action Action Horror Horror Horror Thriller Thriller Thriller,,blade ii year_2002 decade_2000s Action Action Action Horror Horror Horror Thriller Thriller Thriller
5265,Death to Smoochy (2002),Comedy|Crime|Drama,2002,death to smoochy,year_2002 decade_2000s,Comedy Comedy Comedy Crime Crime Crime Drama Drama Drama,,death to smoochy year_2002 decade_2000s Comedy Comedy Comedy Crime Crime Crime Drama Drama Drama
5266,Panic Room (2002),Thriller,2002,panic room,year_2002 decade_2000s,Thriller Thriller Thriller,crime,panic room year_2002 decade_2000s Thriller Thriller Thriller crime
5267,"Rookie, The (2002)",Drama,2002,rookie the,year_2002 decade_2000s,Drama Drama Drama,,rookie the year_2002 decade_2000s Drama Drama Drama
5283,National Lampoon's Van Wilder (2002),Comedy,2002,national lampoon s van wilder,year_2002 decade_2000s,Comedy Comedy Comedy,,national lampoon s van wilder year_2002 decade_2000s Comedy Comedy Comedy
5291,Rashomon (Rashômon) (1950),Crime|Drama|Mystery,1950,rashomon rash mon,year_1950 decade_1950s,Crime Crime Crime Drama Drama Drama Mystery Mystery Mystery,samurai black and white,rashomon rash mon year_1950 decade_1950s Crime Crime Crime Drama Drama Drama Mystery Mystery Mystery samurai black and white
5292,Slap Shot (1977),Comedy,1977,slap shot,year_1977 decade_1970s,Comedy Comedy Comedy,,slap shot year_1977 decade_1970s Comedy Comedy Comedy
5293,Changing Lanes (2002),Drama|Thriller,2002,changing lanes,year_2002 decade_2000s,Drama Drama Drama Thriller Thriller Thriller,,changing lanes year_2002 decade_2000s Drama Drama Drama Thriller Thriller Thriller
5294,Frailty (2001),Crime|Drama|Thriller,2001,frailty,year_2001 decade_2000s,Crime Crime Crime Drama Drama Drama Thriller Thriller Thriller,religion,frailty year_2001 decade_2000s Crime Crime Crime Drama Drama Drama Thriller Thriller Thriller religion
5296,"Sweetest Thing, The (2002)",Comedy|Romance,2002,sweetest thing the,year_2002 decade_2000s,Comedy Comedy Comedy Romance Romance Romance,,sweetest thing the year_2002 decade_2000s Comedy Comedy Comedy Romance Romance Romance
5298,Human Nature (2001),Comedy|Romance,2001,human nature,year_2001 decade_2000s,Comedy Comedy Comedy Romance Romance Romance,,human nature year_2001 decade_2000s Comedy Comedy Comedy Romance Romance Romance
5299,My Big Fat Greek Wedding (2002),Comedy|Romance,2002,my big fat greek wedding,year_2002 decade_2000s,Comedy Comedy Comedy Romance Romance Romance,,my big fat greek wedding year_2002 decade_2000s Comedy Comedy Comedy Romance Romance Romance
5303,Joe Versus the Volcano (1990),Comedy|Romance,1990,joe versus the volcano,year_1990 decade_1990s,Comedy Comedy Comedy Romance Romance Romance,,joe versus the volcano year_1990 decade_1990s Comedy Comedy Comedy Romance Romance Romance
5308,Three Men and a Baby (1987),Comedy,1987,three men and a baby,year_1987 decade_1980s,Comedy Comedy Comedy,,three men and a baby year_1987 decade_1980s Comedy Comedy Comedy
5309,Three Men and a Little Lady (1990),Comedy|Romance,1990,three men and a little lady,year_1990 decade_1990s,Comedy Comedy Comedy Romance Romance Romance,,three men and a little lady year_1990 decade_1990s Comedy Comedy Comedy Romance Romance Romance
5312,Murder by Numbers (2002),Crime|Thriller,2002,murder by numbers,year_2002 decade_2000s,Crime Crime Crime Thriller Thriller Thriller,,murder by numbers year_2002 decade_2000s Crime Crime Crime Thriller Thriller Thriller
5313,The Scorpion King (2002),Action|Adventure|Fantasy|Thriller,2002,the scorpion king,year_2002 decade_2000s,Action Action Action Adventure Adventure Adventure Fantasy Fantasy Fantasy Thriller Thriller Thriller,,the scorpion king year_2002 decade_2000s Action Action Action Adventure Adventure Adventure Fantasy Fantasy Fantasy Thriller Thriller Thriller
5316,Enigma (2001),Romance|Thriller,2001,enigma,year_2001 decade_2000s,Romance Romance Romance Thriller Thriller Thriller,world war ii,enigma year_2001 decade_2000s Romance Romance Romance Thriller Thriller Thriller world war ii
5319,Nine Queens (Nueve reinas) (2000),Crime|Thriller,2000,nine queens nueve reinas,year_2000 decade_2000s,Crime Crime Crime Thriller Thriller Thriller,,nine queens nueve reinas year_2000 decade_2000s Crime Crime Crime Thriller Thriller Thriller
5323,Jason X (2002),Horror|Sci-Fi|Thriller,2002,jason x,year_2002 decade_2000s,Horror Horror Horror SciFi SciFi SciFi Thriller Thriller Thriller,,jason x year_2002 decade_2000s Horror Horror Horror SciFi SciFi SciFi Thriller Thriller Thriller
5325,Dogtown and Z-Boyz (2001),Documentary,2001,dogtown and z boyz,year_2001 decade_2000s,Documentary Documentary Documentary,,dogtown and z boyz year_2001 decade_2000s Documentary Documentary Documentary
5329,"Salton Sea, The (2002)",Crime|Drama|Thriller,2002,salton sea the,year_2002 decade_2000s,Crime Crime Crime Drama Drama Drama Thriller Thriller Thriller,,salton sea the year_2002 decade_2000s Crime Crime Crime Drama Drama Drama Thriller Thriller Thriller
5339,Husbands and Wives (1992),Comedy|Drama,1992,husbands and wives,year_1992 decade_1990s,Comedy Comedy Comedy Drama Drama Drama,,husbands and wives year_1992 decade_1990s Comedy Comedy Comedy Drama Drama Drama
5349,Spider-Man (2002),Action|Adventure|Sci-Fi|Thriller,2002,spider man,year_2002 decade_2000s,Action Action Action Adventure Adventure Adventure SciFi SciFi SciFi Thriller Thriller Thriller,superhero,spider man year_2002 decade_2000s Action Action Action Adventure Adventure Adventure SciFi SciFi SciFi Thriller Thriller Thriller superhero
5363,"New Guy, The (2002)",Comedy,2002,new guy the,year_2002 decade_2000s,Comedy Comedy Comedy,,new guy the year_2002 decade_2000s Comedy Comedy Comedy
5364,Unfaithful (2002),Drama|Thriller,2002,unfaithful,year_2002 decade_2000s,Drama Drama Drama Thriller Thriller Thriller,,unfaithful year_2002 decade_2000s Drama Drama Drama Thriller Thriller Thriller
5377,About a Boy (2002),Comedy|Drama|Romance,2002,about a boy,year_2002 decade_2000s,Comedy Comedy Comedy Drama Drama Drama Romance Romance Romance,nick hornby,about a boy year_2002 decade_2000s Comedy Comedy Comedy Drama Drama Drama Romance Romance Romance nick hornby
5378,Star Wars: Episode II - Attack of the Clones (2002),Action|Adventure|Sci-Fi,2002,star wars episode ii attack of the clones,year_2002 decade_2000s,Action Action Action Adventure Adventure Adventure SciFi SciFi SciFi,,star wars episode ii attack of the clones year_2002 decade_2000s Action Action Action Adventure Adventure Adventure SciFi SciFi SciFi
5379,"Believer, The (2001)",Drama,2001,believer the,year_2001 decade_2000s,Drama Drama Drama,judaism,believer the year_2001 decade_2000s Drama Drama Drama judaism
5380,"Importance of Being Earnest, The (2002)",Comedy|Drama|Romance,2002,importance of being earnest the,year_2002 decade_2000s,Comedy Comedy Comedy Drama Drama Drama Romance Romance Romance,,importance of being earnest the year_2002 decade_2000s Comedy Comedy Comedy Drama Drama Drama Romance Romance Romance
5388,Insomnia (2002),Action|Crime|Drama|Mystery|Thriller,2002,insomnia,year_2002 decade_2000s,Action Action Action Crime Crime Crime Drama Drama Drama Mystery Mystery Mystery Thriller Thriller Thriller,al pacino robin williams atmospheric thought provoking,insomnia year_2002 decade_2000s Action Action Action Crime Crime Crime Drama Drama Drama Mystery Mystery Mystery Thriller Thriller Thriller al pacino robin williams atmospheric thought provoking
5400,"Sum of All Fears, The (2002)",Drama|Thriller,2002,sum of all fears the,year_2002 decade_2000s,Drama Drama Drama Thriller Thriller Thriller,,sum of all fears the year_2002 decade_2000s Drama Drama Drama Thriller Thriller Thriller
5401,Undercover Brother (2002),Comedy,2002,undercover brother,year_2002 decade_2000s,Comedy Comedy Comedy,,undercover brother year_2002 decade_2000s Comedy Comedy Comedy
5418,"Bourne Identity, The (2002)",Action|Mystery|Thriller,2002,bourne identity the,year_2002 decade_2000s,Action Action Action Mystery Mystery Mystery Thriller Thriller Thriller,,bourne identity the year_2002 decade_2000s Action Action Action Mystery Mystery Mystery Thriller Thriller Thriller
5419,Scooby-Doo (2002),Adventure|Children|Comedy|Fantasy|Mystery,2002,scooby doo,year_2002 decade_2000s,Adventure Adventure Adventure Children Children Children Comedy Comedy Comedy Fantasy Fantasy Fantasy Mystery Mystery Mystery,,scooby doo year_2002 decade_2000s Adventure Adventure Adventure Children Children Children Comedy Comedy Comedy Fantasy Fantasy Fantasy Mystery Mystery Mystery
5420,Windtalkers (2002),Action|Drama|War,2002,windtalkers,year_2002 decade_2000s,Action Action Action Drama Drama Drama War War War,,windtalkers year_2002 decade_2000s Action Action Action Drama Drama Drama War War War
5421,"Dangerous Lives of Altar Boys, The (2002)",Drama,2002,dangerous lives of altar boys the,year_2002 decade_2000s,Drama Drama Drama,,dangerous lives of altar boys the year_2002 decade_2000s Drama Drama Drama
5434,"Sorry, Wrong Number (1948)",Drama|Film-Noir|Thriller,1948,sorry wrong number,year_1948 decade_1940s,Drama Drama Drama FilmNoir FilmNoir FilmNoir Thriller Thriller Thriller,,sorry wrong number year_1948 decade_1940s Drama Drama Drama FilmNoir FilmNoir FilmNoir Thriller Thriller Thriller
5444,Lilo & Stitch (2002),Adventure|Animation|Children|Sci-Fi,2002,lilo stitch,year_2002 decade_2000s,Adventure Adventure Adventure Animation Animation Animation Children Children Children SciFi SciFi SciFi,,lilo stitch year_2002 decade_2000s Adventure Adventure Adventure Animation Animation Animation Children Children Children SciFi SciFi SciFi
5445,Minority Report (2002),Action|Crime|Mystery|Sci-Fi|Thriller,2002,minority report,year_2002 decade_2000s,Action Action Action Crime Crime Crime Mystery Mystery Mystery SciFi SciFi SciFi Thriller Thriller Thriller,future,minority report year_2002 decade_2000s Action Action Action Crime Crime Crime Mystery Mystery Mystery SciFi SciFi SciFi Thriller Thriller Thriller future
5446,Rabbit-Proof Fence (2002),Adventure|Drama,2002,rabbit proof fence,year_2002 decade_2000s,Adventure Adventure Adventure Drama Drama Drama,australia,rabbit proof fence year_2002 decade_2000s Adventure Adventure Adventure Drama Drama Drama australia
5449,Mr. Deeds (2002),Comedy|Romance,2002,mr deeds,year_2002 decade_2000s,Comedy Comedy Comedy Romance Romance Romance,,mr deeds year_2002 decade_2000s Comedy Comedy Comedy Romance Romance Romance
5450,Lovely & Amazing (2001),Comedy|Drama|Romance,2001,lovely amazing,year_2001 decade_2000s,Comedy Comedy Comedy Drama Drama Drama Romance Romance Romance,,lovely amazing year_2001 decade_2000s Comedy Comedy Comedy Drama Drama Drama Romance Romance Romance
5451,Pumpkin (2002),Comedy|Drama|Romance,2002,pumpkin,year_2002 decade_2000s,Comedy Comedy Comedy Drama Drama Drama Romance Romance Romance,mental illness disability,pumpkin year_2002 decade_2000s Comedy Comedy Comedy Drama Drama Drama Romance Romance Romance mental illness disability
5452,Look Who's Talking Now (1993),Children|Comedy|Romance,1993,look who s talking now,year_1993 decade_1990s,Children Children Children Comedy Comedy Comedy Romance Romance Romance,,look who s talking now year_1993 decade_1990s Children Children Children Comedy Comedy Comedy Romance Romance Romance
5459,Men in Black II (a.k.a. MIIB) (a.k.a. MIB 2) (2002),Action|Comedy|Sci-Fi,2002,men in black ii a k a miib a k a mib 2,year_2002 decade_2000s,Action Action Action Comedy Comedy Comedy SciFi SciFi SciFi,sequel,men in black ii a k a miib a k a mib 2 year_2002 decade_2000s Action Action Action Comedy Comedy Comedy SciFi SciFi SciFi sequel
5463,Reign of Fire (2002),Action|Adventure|Fantasy,2002,reign of fire,year_2002 decade_2000s,Action Action Action Adventure Adventure Adventure Fantasy Fantasy Fantasy,,reign of fire year_2002 decade_2000s Action Action Action Adventure Adventure Adventure Fantasy Fantasy Fantasy
5464,Road to Perdition (2002),Crime|Drama,2002,road to perdition,year_2002 decade_2000s,Crime Crime Crime Drama Drama Drama,cinematography tom hanks,road to perdition year_2002 decade_2000s Crime Crime Crime Drama Drama Drama cinematography tom hanks
5478,Eight Legged Freaks (2002),Action|Comedy|Horror|Sci-Fi,2002,eight legged freaks,year_2002 decade_2000s,Action Action Action Comedy Comedy Comedy Horror Horror Horror SciFi SciFi SciFi,,eight legged freaks year_2002 decade_2000s Action Action Action Comedy Comedy Comedy Horror Horror Horror SciFi SciFi SciFi
5479,K-19: The Widowmaker (2002),Action|Adventure|Drama|Thriller,2002,k 19 the widowmaker,year_2002 decade_2000s,Action Action Action Adventure Adventure Adventure Drama Drama Drama Thriller Thriller Thriller,,k 19 the widowmaker year_2002 decade_2000s Action Action Action Adventure Adventure Adventure Drama Drama Drama Thriller Thriller Thriller
5480,Stuart Little 2 (2002),Children|Comedy,2002,stuart little 2,year_2002 decade_2000s,Children Children Children Comedy Comedy Comedy,,stuart little 2 year_2002 decade_2000s Children Children Children Comedy Comedy Comedy
5481,Austin Powers in Goldmember (2002),Comedy,2002,austin powers in goldmember,year_2002 decade_2000s,Comedy Comedy Comedy,,austin powers in goldmember year_2002 decade_2000s Comedy Comedy Comedy
5500,Top Secret! (1984),Comedy,1984,top secret,year_1984 decade_1980s,Comedy Comedy Comedy,,top secret year_1984 decade_1980s Comedy Comedy Comedy
5501,"Master of Disguise, The (2002)",Comedy|Mystery,2002,master of disguise the,year_2002 decade_2000s,Comedy Comedy Comedy Mystery Mystery Mystery,,master of disguise the year_2002 decade_2000s Comedy Comedy Comedy Mystery Mystery Mystery
5502,Signs (2002),Horror|Sci-Fi|Thriller,2002,signs,year_2002 decade_2000s,Horror Horror Horror SciFi SciFi SciFi Thriller Thriller Thriller,aliens,signs year_2002 decade_2000s Horror Horror Horror SciFi SciFi SciFi Thriller Thriller Thriller aliens
5504,Spy Kids 2: The Island of Lost Dreams (2002),Adventure|Children,2002,spy kids 2 the island of lost dreams,year_2002 decade_2000s,Adventure Adventure Adventure Children Children Children,,spy kids 2 the island of lost dreams year_2002 decade_2000s Adventure Adventure Adventure Children Children Children
5505,"Good Girl, The (2002)",Comedy|Drama,2002,good girl the,year_2002 decade_2000s,Comedy Comedy Comedy Drama Drama Drama,adultery,good girl the year_2002 decade_2000s Comedy Comedy Comedy Drama Drama Drama adultery
5507,xXx (2002),Action|Crime|Thriller,2002,xxx,year_2002 decade_2000s,Action Action Action Crime Crime Crime Thriller Thriller Thriller,,xxx year_2002 decade_2000s Action Action Action Crime Crime Crime Thriller Thriller Thriller
5508,24 Hour Party People (2002),Comedy|Drama|Musical,2002,24 hour party people,year_2002 decade_2000s,Comedy Comedy Comedy Drama Drama Drama Musical Musical Musical,,24 hour party people year_2002 decade_2000s Comedy Comedy Comedy Drama Drama Drama Musical Musical Musical
5524,Blue Crush (2002),Adventure|Drama|Romance,2002,blue crush,year_2002 decade_2000s,Adventure Adventure Adventure Drama Drama Drama Romance Romance Romance,,blue crush year_2002 decade_2000s Adventure Adventure Adventure Drama Drama Drama Romance Romance Romance
5528,One Hour Photo (2002),Drama|Thriller,2002,one hour photo,year_2002 decade_2000s,Drama Drama Drama Thriller Thriller Thriller,photography,one hour photo year_2002 decade_2000s Drama Drama Drama Thriller Thriller Thriller photography
5530,Simone (S1m0ne) (2002),Comedy|Drama|Fantasy|Sci-Fi,2002,simone s1m0ne,year_2002 decade_2000s,Comedy Comedy Comedy Drama Drama Drama Fantasy Fantasy Fantasy SciFi SciFi SciFi,,simone s1m0ne year_2002 decade_2000s Comedy Comedy Comedy Drama Drama Drama Fantasy Fantasy Fantasy SciFi SciFi SciFi
5540,Clash of the Titans (1981),Action|Adventure|Fantasy|Romance,1981,clash of the titans,year_1981 decade_1980s,Action Action Action Adventure Adventure Adventure Fantasy Fantasy Fantasy Romance Romance Romance,,clash of the titans year_1981 decade_1980s Action Action Action Adventure Adventure Adventure Fantasy Fantasy Fantasy Romance Romance Romance
5541,Hot Shots! (1991),Action|Comedy|Romance|War,1991,hot shots,year_1991 decade_1990s,Action Action Action Comedy Comedy Comedy Romance Romance Romance War War War,,hot shots year_1991 decade_1990s Action Action Action Comedy Comedy Comedy Romance Romance Romance War War War
5548,Down and Out in Beverly Hills (1986),Comedy,1986,down and out in beverly hills,year_1986 decade_1980s,Comedy Comedy Comedy,homeless,down and out in beverly hills year_1986 decade_1980s Comedy Comedy Comedy homeless
5553,Stakeout (1987),Comedy|Crime|Romance|Thriller,1987,stakeout,year_1987 decade_1980s,Comedy Comedy Comedy Crime Crime Crime Romance Romance Romance Thriller Thriller Thriller,,stakeout year_1987 decade_1980s Comedy Comedy Comedy Crime Crime Crime Romance Romance Romance Thriller Thriller Thriller
5568,Johnny Dangerously (1984),Comedy,1984,johnny dangerously,year_1984 decade_1980s,Comedy Comedy Comedy,,johnny dangerously year_1984 decade_1980s Comedy Comedy Comedy
5570,Thesis (Tesis) (1996),Drama|Horror|Thriller,1996,thesis tesis,year_1996 decade_1990s,Drama Drama Drama Horror Horror Horror Thriller Thriller Thriller,,thesis tesis year_1996 decade_1990s Drama Drama Drama Horror Horror Horror Thriller Thriller Thriller
5572,Barbershop (2002),Comedy,2002,barbershop,year_2002 decade_2000s,Comedy Comedy Comedy,,barbershop year_2002 decade_2000s Comedy Comedy Comedy
5573,Stealing Harvard (2002),Comedy|Crime,2002,stealing harvard,year_2002 decade_2000s,Comedy Comedy Comedy Crime Crime Crime,,stealing harvard year_2002 decade_2000s Comedy Comedy Comedy Crime Crime Crime
5574,"Transporter, The (2002)",Action|Crime,2002,transporter the,year_2002 decade_2000s,Action Action Action Crime Crime Crime,,transporter the year_2002 decade_2000s Action Action Action Crime Crime Crime
5577,Igby Goes Down (2002),Comedy|Drama,2002,igby goes down,year_2002 decade_2000s,Comedy Comedy Comedy Drama Drama Drama,adolescence,igby goes down year_2002 decade_2000s Comedy Comedy Comedy Drama Drama Drama adolescence
5582,Captain Ron (1992),Adventure|Comedy,1992,captain ron,year_1992 decade_1990s,Adventure Adventure Adventure Comedy Comedy Comedy,,captain ron year_1992 decade_1990s Adventure Adventure Adventure Comedy Comedy Comedy
5585,Ernest Scared Stupid (1991),Comedy,1991,ernest scared stupid,year_1991 decade_1990s,Comedy Comedy Comedy,,ernest scared stupid year_1991 decade_1990s Comedy Comedy Comedy
5608,"Das Experiment (Experiment, The) (2001)",Drama|Thriller,2001,das experiment experiment the,year_2001 decade_2000s,Drama Drama Drama Thriller Thriller Thriller,,das experiment experiment the year_2001 decade_2000s Drama Drama Drama Thriller Thriller Thriller
5617,Secretary (2002),Comedy|Drama|Romance,2002,secretary,year_2002 decade_2000s,Comedy Comedy Comedy Drama Drama Drama Romance Romance Romance,,secretary year_2002 decade_2000s Comedy Comedy Comedy Drama Drama Drama Romance Romance Romance
5618,Spirited Away (Sen to Chihiro no kamikakushi) (2001),Adventure|Animation|Fantasy,2001,spirited away sen to chihiro no kamikakushi,year_2001 decade_2000s,Adventure Adventure Adventure Animation Animation Animation Fantasy Fantasy Fantasy,anime,spirited away sen to chihiro no kamikakushi year_2001 decade_2000s Adventure Adventure Adventure Animation Animation Animation Fantasy Fantasy Fantasy anime
5620,Sweet Home Alabama (2002),Comedy|Romance,2002,sweet home alabama,year_2002 decade_2000s,Comedy Comedy Comedy Romance Romance Romance,,sweet home alabama year_2002 decade_2000s Comedy Comedy Comedy Romance Romance Romance
5621,"Tuxedo, The (2002)",Action|Comedy,2002,tuxedo the,year_2002 decade_2000s,Action Action Action Comedy Comedy Comedy,,tuxedo the year_2002 decade_2000s Action Action Action Comedy Comedy Comedy
5628,Wasabi (2001),Action|Comedy|Crime|Drama|Thriller,2001,wasabi,year_2001 decade_2000s,Action Action Action Comedy Comedy Comedy Crime Crime Crime Drama Drama Drama Thriller Thriller Thriller,,wasabi year_2001 decade_2000s Action Action Action Comedy Comedy Comedy Crime Crime Crime Drama Drama Drama Thriller Thriller Thriller
5630,Red Dragon (2002),Crime|Mystery|Thriller,2002,red dragon,year_2002 decade_2000s,Crime Crime Crime Mystery Mystery Mystery Thriller Thriller Thriller,hannibal lecter,red dragon year_2002 decade_2000s Crime Crime Crime Mystery Mystery Mystery Thriller Thriller Thriller hannibal lecter
5632,Bloody Sunday (2002),Drama,2002,bloody sunday,year_2002 decade_2000s,Drama Drama Drama,,bloody sunday year_2002 decade_2000s Drama Drama Drama
5650,Strange Brew (1983),Comedy,1983,strange brew,year_1983 decade_1980s,Comedy Comedy Comedy,,strange brew year_1983 decade_1980s Comedy Comedy Comedy
5665,Knockaround Guys (2002),Action|Comedy|Crime,2002,knockaround guys,year_2002 decade_2000s,Action Action Action Comedy Comedy Comedy Crime Crime Crime,,knockaround guys year_2002 decade_2000s Action Action Action Comedy Comedy Comedy Crime Crime Crime
5666,"Rules of Attraction, The (2002)",Comedy|Drama|Romance|Thriller,2002,rules of attraction the,year_2002 decade_2000s,Comedy Comedy Comedy Drama Drama Drama Romance Romance Romance Thriller Thriller Thriller,,rules of attraction the year_2002 decade_2000s Comedy Comedy Comedy Drama Drama Drama Romance Romance Romance Thriller Thriller Thriller
5669,Bowling for Columbine (2002),Documentary,2002,bowling for columbine,year_2002 decade_2000s,Documentary Documentary Documentary,violence in america,bowling for columbine year_2002 decade_2000s Documentary Documentary Documentary violence in america
5673,Punch-Drunk Love (2002),Comedy|Drama|Romance,2002,punch drunk love,year_2002 decade_2000s,Comedy Comedy Comedy Drama Drama Drama Romance Romance Romance,unconventional bittersweet quirky tense unique sad hallucinatory surreal,punch drunk love year_2002 decade_2000s Comedy Comedy Comedy Drama Drama Drama Romance Romance Romance unconventional bittersweet quirky tense unique sad hallucinatory surreal
5679,"Ring, The (2002)",Horror|Mystery|Thriller,2002,ring the,year_2002 decade_2000s,Horror Horror Horror Mystery Mystery Mystery Thriller Thriller Thriller,,ring the year_2002 decade_2000s Horror Horror Horror Mystery Mystery Mystery Thriller Thriller Thriller
5690,Grave of the Fireflies (Hotaru no haka) (1988),Animation|Drama|War,1988,grave of the fireflies hotaru no haka,year_1988 decade_1980s,Animation Animation Animation Drama Drama Drama War War War,orphans poignant beautiful downbeat tear jerker,grave of the fireflies hotaru no haka year_1988 decade_1980s Animation Animation Animation Drama Drama Drama War War War orphans poignant beautiful downbeat tear jerker
5693,Saturday Night Fever (1977),Comedy|Drama|Romance,1977,saturday night fever,year_1977 decade_1970s,Comedy Comedy Comedy Drama Drama Drama Romance Romance Romance,,saturday night fever year_1977 decade_1970s Comedy Comedy Comedy Drama Drama Drama Romance Romance Romance
5747,Gallipoli (1981),Drama|War,1981,gallipoli,year_1981 decade_1980s,Drama Drama Drama War War War,,gallipoli year_1981 decade_1980s Drama Drama Drama War War War
5782,"Professional, The (Le professionnel) (1981)",Action|Drama|Thriller,1981,professional the le professionnel,year_1981 decade_1980s,Action Action Action Drama Drama Drama Thriller Thriller Thriller,,professional the le professionnel year_1981 decade_1980s Action Action Action Drama Drama Drama Thriller Thriller Thriller
5784,Ghost Ship (2002),Horror,2002,ghost ship,year_2002 decade_2000s,Horror Horror Horror,,ghost ship year_2002 decade_2000s Horror Horror Horror
5785,Jackass: The Movie (2002),Action|Comedy|Documentary,2002,jackass the movie,year_2002 decade_2000s,Action Action Action Comedy Comedy Comedy Documentary Documentary Documentary,,jackass the movie year_2002 decade_2000s Action Action Action Comedy Comedy Comedy Documentary Documentary Documentary
5791,Frida (2002),Drama|Romance,2002,frida,year_2002 decade_2000s,Drama Drama Drama Romance Romance Romance,,frida year_2002 decade_2000s Drama Drama Drama Romance Romance Romance
5792,Roger Dodger (2002),Comedy|Drama,2002,roger dodger,year_2002 decade_2000s,Comedy Comedy Comedy Drama Drama Drama,dating,roger dodger year_2002 decade_2000s Comedy Comedy Comedy Drama Drama Drama dating
5796,Casino Royale (1967),Action|Adventure|Comedy,1967,casino royale,year_1967 decade_1960s,Action Action Action Adventure Adventure Adventure Comedy Comedy Comedy,,casino royale year_1967 decade_1960s Action Action Action Adventure Adventure Adventure Comedy Comedy Comedy
5803,I Spy (2002),Action|Adventure|Comedy|Crime,2002,i spy,year_2002 decade_2000s,Action Action Action Adventure Adventure Adventure Comedy Comedy Comedy Crime Crime Crime,,i spy year_2002 decade_2000s Action Action Action Adventure Adventure Adventure Comedy Comedy Comedy Crime Crime Crime
5804,"Santa Clause 2, The (2002)",Children|Comedy|Fantasy|Romance,2002,santa clause 2 the,year_2002 decade_2000s,Children Children Children Comedy Comedy Comedy Fantasy Fantasy Fantasy Romance Romance Romance,,santa clause 2 the year_2002 decade_2000s Children Children Children Comedy Comedy Comedy Fantasy Fantasy Fantasy Romance Romance Romance
5810,8 Mile (2002),Drama,2002,8 mile,year_2002 decade_2000s,Drama Drama Drama,,8 mile year_2002 decade_2000s Drama Drama Drama
5812,Far from Heaven (2002),Drama|Romance,2002,far from heaven,year_2002 decade_2000s,Drama Drama Drama Romance Romance Romance,,far from heaven year_2002 decade_2000s Drama Drama Drama Romance Romance Romance
5816,Harry Potter and the Chamber of Secrets (2002),Adventure|Fantasy,2002,harry potter and the chamber of secrets,year_2002 decade_2000s,Adventure Adventure Adventure Fantasy Fantasy Fantasy,wizards magic,harry potter and the chamber of secrets year_2002 decade_2000s Adventure Adventure Adventure Fantasy Fantasy Fantasy wizards magic
5872,Die Another Day (2002),Action|Adventure|Thriller,2002,die another day,year_2002 decade_2000s,Action Action Action Adventure Adventure Adventure Thriller Thriller Thriller,,die another day year_2002 decade_2000s Action Action Action Adventure Adventure Adventure Thriller Thriller Thriller
5874,Friday After Next (2002),Comedy,2002,friday after next,year_2002 decade_2000s,Comedy Comedy Comedy,,friday after next year_2002 decade_2000s Comedy Comedy Comedy
5876,"Quiet American, The (2002)",Drama|Thriller|War,2002,quiet american the,year_2002 decade_2000s,Drama Drama Drama Thriller Thriller Thriller War War War,,quiet american the year_2002 decade_2000s Drama Drama Drama Thriller Thriller Thriller War War War
5878,Talk to Her (Hable con Ella) (2002),Drama|Romance,2002,talk to her hable con ella,year_2002 decade_2000s,Drama Drama Drama Romance Romance Romance,coma,talk to her hable con ella year_2002 decade_2000s Drama Drama Drama Romance Romance Romance coma
5881,Solaris (2002),Drama|Romance|Sci-Fi,2002,solaris,year_2002 decade_2000s,Drama Drama Drama Romance Romance Romance SciFi SciFi SciFi,,solaris year_2002 decade_2000s Drama Drama Drama Romance Romance Romance SciFi SciFi SciFi
5882,Treasure Planet (2002),Adventure|Animation|Children|Sci-Fi,2002,treasure planet,year_2002 decade_2000s,Adventure Adventure Adventure Animation Animation Animation Children Children Children SciFi SciFi SciFi,,treasure planet year_2002 decade_2000s Adventure Adventure Adventure Animation Animation Animation Children Children Children SciFi SciFi SciFi
5900,Analyze That (2002),Comedy|Crime,2002,analyze that,year_2002 decade_2000s,Comedy Comedy Comedy Crime Crime Crime,,analyze that year_2002 decade_2000s Comedy Comedy Comedy Crime Crime Crime
5902,Adaptation (2002),Comedy|Drama|Romance,2002,adaptation,year_2002 decade_2000s,Comedy Comedy Comedy Drama Drama Drama Romance Romance Romance,,adaptation year_2002 decade_2000s Comedy Comedy Comedy Drama Drama Drama Romance Romance Romance
5903,Equilibrium (2002),Action|Sci-Fi|Thriller,2002,equilibrium,year_2002 decade_2000s,Action Action Action SciFi SciFi SciFi Thriller Thriller Thriller,,equilibrium year_2002 decade_2000s Action Action Action SciFi SciFi SciFi Thriller Thriller Thriller
5909,Visitor Q (Bizita Q) (2001),Comedy|Drama|Horror,2001,visitor q bizita q,year_2001 decade_2000s,Comedy Comedy Comedy Drama Drama Drama Horror Horror Horror,,visitor q bizita q year_2001 decade_2000s Comedy Comedy Comedy Drama Drama Drama Horror Horror Horror
5941,Drumline (2002),Comedy|Drama|Musical|Romance,2002,drumline,year_2002 decade_2000s,Comedy Comedy Comedy Drama Drama Drama Musical Musical Musical Romance Romance Romance,,drumline year_2002 decade_2000s Comedy Comedy Comedy Drama Drama Drama Musical Musical Musical Romance Romance Romance
5942,"Hot Chick, The (2002)",Comedy,2002,hot chick the,year_2002 decade_2000s,Comedy Comedy Comedy,,hot chick the year_2002 decade_2000s Comedy Comedy Comedy
5943,Maid in Manhattan (2002),Comedy|Romance,2002,maid in manhattan,year_2002 decade_2000s,Comedy Comedy Comedy Romance Romance Romance,,maid in manhattan year_2002 decade_2000s Comedy Comedy Comedy Romance Romance Romance
5944,Star Trek: Nemesis (2002),Action|Drama|Sci-Fi|Thriller,2002,star trek nemesis,year_2002 decade_2000s,Action Action Action Drama Drama Drama SciFi SciFi SciFi Thriller Thriller Thriller,,star trek nemesis year_2002 decade_2000s Action Action Action Drama Drama Drama SciFi SciFi SciFi Thriller Thriller Thriller
5945,About Schmidt (2002),Comedy|Drama,2002,about schmidt,year_2002 decade_2000s,Comedy Comedy Comedy Drama Drama Drama,,about schmidt year_2002 decade_2000s Comedy Comedy Comedy Drama Drama Drama
5952,"Lord of the Rings: The Two Towers, The (2002)",Adventure|Fantasy,2002,lord of the rings the two towers the,year_2002 decade_2000s,Adventure Adventure Adventure Fantasy Fantasy Fantasy,tolkein myth,lord of the rings the two towers the year_2002 decade_2000s Adventure Adventure Adventure Fantasy Fantasy Fantasy tolkein myth
5954,25th Hour (2002),Crime|Drama,2002,25th hour,year_2002 decade_2000s,Crime Crime Crime Drama Drama Drama,crime nightclub,25th hour year_2002 decade_2000s Crime Crime Crime Drama Drama Drama crime nightclub
5955,Antwone Fisher (2002),Drama,2002,antwone fisher,year_2002 decade_2000s,Drama Drama Drama,,antwone fisher year_2002 decade_2000s Drama Drama Drama
5956,Gangs of New York (2002),Crime|Drama,2002,gangs of new york,year_2002 decade_2000s,Crime Crime Crime Drama Drama Drama,,gangs of new york year_2002 decade_2000s Crime Crime Crime Drama Drama Drama
5957,Two Weeks Notice (2002),Comedy|Romance,2002,two weeks notice,year_2002 decade_2000s,Comedy Comedy Comedy Romance Romance Romance,,two weeks notice year_2002 decade_2000s Comedy Comedy Comedy Romance Romance Romance
5959,Narc (2002),Crime|Drama|Thriller,2002,narc,year_2002 decade_2000s,Crime Crime Crime Drama Drama Drama Thriller Thriller Thriller,,narc year_2002 decade_2000s Crime Crime Crime Drama Drama Drama Thriller Thriller Thriller
5970,My Girl (1991),Comedy|Drama|Romance,1991,my girl,year_1991 decade_1990s,Comedy Comedy Comedy Drama Drama Drama Romance Romance Romance,,my girl year_1991 decade_1990s Comedy Comedy Comedy Drama Drama Drama Romance Romance Romance
5971,My Neighbor Totoro (Tonari no Totoro) (1988),Animation|Children|Drama|Fantasy,1988,my neighbor totoro tonari no totoro,year_1988 decade_1980s,Animation Animation Animation Children Children Children Drama Drama Drama Fantasy Fantasy Fantasy,anime,my neighbor totoro tonari no totoro year_1988 decade_1980s Animation Animation Animation Children Children Children Drama Drama Drama Fantasy Fantasy Fantasy anime
5989,Catch Me If You Can (2002),Crime|Drama,2002,catch me if you can,year_2002 decade_2000s,Crime Crime Crime Drama Drama Drama,crime leonardo dicaprio tom hanks intelligent twists turns smart,catch me if you can year_2002 decade_2000s Crime Crime Crime Drama Drama Drama crime leonardo dicaprio tom hanks intelligent twists turns smart
5991,Chicago (2002),Comedy|Crime|Drama|Musical,2002,chicago,year_2002 decade_2000s,Comedy Comedy Comedy Crime Crime Crime Drama Drama Drama Musical Musical Musical,jazz murder court,chicago year_2002 decade_2000s Comedy Comedy Comedy Crime Crime Crime Drama Drama Drama Musical Musical Musical jazz murder court
5992,"Hours, The (2002)",Drama|Romance,2002,hours the,year_2002 decade_2000s,Drama Drama Drama Romance Romance Romance,,hours the year_2002 decade_2000s Drama Drama Drama Romance Romance Romance
5993,Max (2002),Drama,2002,max,year_2002 decade_2000s,Drama Drama Drama,,max year_2002 decade_2000s Drama Drama Drama
5995,"Pianist, The (2002)",Drama|War,2002,pianist the,year_2002 decade_2000s,Drama Drama Drama War War War,holocaust true story,pianist the year_2002 decade_2000s Drama Drama Drama War War War holocaust true story
6001,"King of Comedy, The (1983)",Comedy|Drama,1983,king of comedy the,year_1983 decade_1980s,Comedy Comedy Comedy Drama Drama Drama,,king of comedy the year_1983 decade_1980s Comedy Comedy Comedy Drama Drama Drama
6003,Confessions of a Dangerous Mind (2002),Comedy|Crime|Drama|Thriller,2002,confessions of a dangerous mind,year_2002 decade_2000s,Comedy Comedy Comedy Crime Crime Crime Drama Drama Drama Thriller Thriller Thriller,television,confessions of a dangerous mind year_2002 decade_2000s Comedy Comedy Comedy Crime Crime Crime Drama Drama Drama Thriller Thriller Thriller television
6006,Just Married (2003),Comedy|Romance,2003,just married,year_2003 decade_2000s,Comedy Comedy Comedy Romance Romance Romance,,just married year_2003 decade_2000s Comedy Comedy Comedy Romance Romance Romance
6014,National Security (2003),Action|Comedy,2003,national security,year_2003 decade_2000s,Action Action Action Comedy Comedy Comedy,,national security year_2003 decade_2000s Action Action Action Comedy Comedy Comedy
6016,City of God (Cidade de Deus) (2002),Action|Adventure|Crime|Drama|Thriller,2002,city of god cidade de deus,year_2002 decade_2000s,Action Action Action Adventure Adventure Adventure Crime Crime Crime Drama Drama Drama Thriller Thriller Thriller,crime violence photography not seen multiple storylines true story,city of god cidade de deus year_2002 decade_2000s Action Action Action Adventure Adventure Adventure Crime Crime Crime Drama Drama Drama Thriller Thriller Thriller crime violence photography not seen multiple storylines true story
6025,CB4 - The Movie (1993),Comedy,1993,cb4 the movie,year_1993 decade_1990s,Comedy Comedy Comedy,,cb4 the movie year_1993 decade_1990s Comedy Comedy Comedy
6058,Final Destination 2 (2003),Horror|Thriller,2003,final destination 2,year_2003 decade_2000s,Horror Horror Horror Thriller Thriller Thriller,violent sequel,final destination 2 year_2003 decade_2000s Horror Horror Horror Thriller Thriller Thriller violent sequel
6059,"Recruit, The (2003)",Action|Thriller,2003,recruit the,year_2003 decade_2000s,Action Action Action Thriller Thriller Thriller,,recruit the year_2003 decade_2000s Action Action Action Thriller Thriller Thriller
6062,Lost in La Mancha (2002),Documentary,2002,lost in la mancha,year_2002 decade_2000s,Documentary Documentary Documentary,,lost in la mancha year_2002 decade_2000s Documentary Documentary Documentary
6104,Monty Python Live at the Hollywood Bowl (1982),Comedy,1982,monty python live at the hollywood bowl,year_1982 decade_1980s,Comedy Comedy Comedy,spoof,monty python live at the hollywood bowl year_1982 decade_1980s Comedy Comedy Comedy spoof
6155,How to Lose a Guy in 10 Days (2003),Comedy|Romance,2003,how to lose a guy in 10 days,year_2003 decade_2000s,Comedy Comedy Comedy Romance Romance Romance,,how to lose a guy in 10 days year_2003 decade_2000s Comedy Comedy Comedy Romance Romance Romance
6156,Shanghai Knights (2003),Action|Adventure|Comedy,2003,shanghai knights,year_2003 decade_2000s,Action Action Action Adventure Adventure Adventure Comedy Comedy Comedy,england,shanghai knights year_2003 decade_2000s Action Action Action Adventure Adventure Adventure Comedy Comedy Comedy england
6157,Daredevil (2003),Action|Crime,2003,daredevil,year_2003 decade_2000s,Action Action Action Crime Crime Crime,bad ben affleck,daredevil year_2003 decade_2000s Action Action Action Crime Crime Crime bad ben affleck
6166,Dennis the Menace (1993),Comedy,1993,dennis the menace,year_1993 decade_1990s,Comedy Comedy Comedy,,dennis the menace year_1993 decade_1990s Comedy Comedy Comedy
6187,"Life of David Gale, The (2003)",Crime|Drama|Thriller,2003,life of david gale the,year_2003 decade_2000s,Crime Crime Crime Drama Drama Drama Thriller Thriller Thriller,,life of david gale the year_2003 decade_2000s Crime Crime Crime Drama Drama Drama Thriller Thriller Thriller
6188,Old School (2003),Comedy,2003,old school,year_2003 decade_2000s,Comedy Comedy Comedy,comedy will ferrell,old school year_2003 decade_2000s Comedy Comedy Comedy comedy will ferrell
6212,Bringing Down the House (2003),Comedy,2003,bringing down the house,year_2003 decade_2000s,Comedy Comedy Comedy,,bringing down the house year_2003 decade_2000s Comedy Comedy Comedy
6213,Tears of the Sun (2003),Action|Drama|Thriller,2003,tears of the sun,year_2003 decade_2000s,Action Action Action Drama Drama Drama Thriller Thriller Thriller,,tears of the sun year_2003 decade_2000s Action Action Action Drama Drama Drama Thriller Thriller Thriller
6214,Irreversible (Irréversible) (2002),Crime|Drama|Mystery|Thriller,2002,irreversible irr versible,year_2002 decade_2000s,Crime Crime Crime Drama Drama Drama Mystery Mystery Mystery Thriller Thriller Thriller,disturbing dark,irreversible irr versible year_2002 decade_2000s Crime Crime Crime Drama Drama Drama Mystery Mystery Mystery Thriller Thriller Thriller disturbing dark
6218,Bend It Like Beckham (2002),Comedy|Drama|Romance,2002,bend it like beckham,year_2002 decade_2000s,Comedy Comedy Comedy Drama Drama Drama Romance Romance Romance,,bend it like beckham year_2002 decade_2000s Comedy Comedy Comedy Drama Drama Drama Romance Romance Romance
6238,Green Card (1990),Comedy|Drama|Romance,1990,green card,year_1990 decade_1990s,Comedy Comedy Comedy Drama Drama Drama Romance Romance Romance,immigrants,green card year_1990 decade_1990s Comedy Comedy Comedy Drama Drama Drama Romance Romance Romance immigrants
6242,Ringu (Ring) (1998),Horror|Mystery|Thriller,1998,ringu ring,year_1998 decade_1990s,Horror Horror Horror Mystery Mystery Mystery Thriller Thriller Thriller,television,ringu ring year_1998 decade_1990s Horror Horror Horror Mystery Mystery Mystery Thriller Thriller Thriller television
6250,Dreamcatcher (2003),Drama|Horror|Sci-Fi|Thriller,2003,dreamcatcher,year_2003 decade_2000s,Drama Drama Drama Horror Horror Horror SciFi SciFi SciFi Thriller Thriller Thriller,,dreamcatcher year_2003 decade_2000s Drama Drama Drama Horror Horror Horror SciFi SciFi SciFi Thriller Thriller Thriller
6264,"Core, The (2003)",Action|Drama|Sci-Fi|Thriller,2003,core the,year_2003 decade_2000s,Action Action Action Drama Drama Drama SciFi SciFi SciFi Thriller Thriller Thriller,,core the year_2003 decade_2000s Action Action Action Drama Drama Drama SciFi SciFi SciFi Thriller Thriller Thriller
6266,What a Girl Wants (2003),Comedy|Drama|Romance,2003,what a girl wants,year_2003 decade_2000s,Comedy Comedy Comedy Drama Drama Drama Romance Romance Romance,,what a girl wants year_2003 decade_2000s Comedy Comedy Comedy Drama Drama Drama Romance Romance Romance
6281,Phone Booth (2002),Drama|Thriller,2002,phone booth,year_2002 decade_2000s,Drama Drama Drama Thriller Thriller Thriller,crime,phone booth year_2002 decade_2000s Drama Drama Drama Thriller Thriller Thriller crime
6283,Cowboy Bebop: The Movie (Cowboy Bebop: Tengoku no Tobira) (2001),Action|Animation|Sci-Fi|Thriller,2001,cowboy bebop the movie cowboy bebop tengoku no tobira,year_2001 decade_2000s,Action Action Action Animation Animation Animation SciFi SciFi SciFi Thriller Thriller Thriller,anime sci fi,cowboy bebop the movie cowboy bebop tengoku no tobira year_2001 decade_2000s Action Action Action Animation Animation Animation SciFi SciFi SciFi Thriller Thriller Thriller anime sci fi
6287,Anger Management (2003),Comedy,2003,anger management,year_2003 decade_2000s,Comedy Comedy Comedy,,anger management year_2003 decade_2000s Comedy Comedy Comedy
6290,House of 1000 Corpses (2003),Horror,2003,house of 1000 corpses,year_2003 decade_2000s,Horror Horror Horror,rob zombie,house of 1000 corpses year_2003 decade_2000s Horror Horror Horror rob zombie
6294,Bulletproof Monk (2003),Action|Adventure|Sci-Fi,2003,bulletproof monk,year_2003 decade_2000s,Action Action Action Adventure Adventure Adventure SciFi SciFi SciFi,,bulletproof monk year_2003 decade_2000s Action Action Action Adventure Adventure Adventure SciFi SciFi SciFi
6296,"Mighty Wind, A (2003)",Comedy|Musical,2003,mighty wind a,year_2003 decade_2000s,Comedy Comedy Comedy Musical Musical Musical,mockumentary,mighty wind a year_2003 decade_2000s Comedy Comedy Comedy Musical Musical Musical mockumentary
6297,Holes (2003),Adventure|Children|Comedy|Mystery,2003,holes,year_2003 decade_2000s,Adventure Adventure Adventure Children Children Children Comedy Comedy Comedy Mystery Mystery Mystery,children,holes year_2003 decade_2000s Adventure Adventure Adventure Children Children Children Comedy Comedy Comedy Mystery Mystery Mystery children
6299,"Winged Migration (Peuple migrateur, Le) (2001)",Documentary,2001,winged migration peuple migrateur le,year_2001 decade_2000s,Documentary Documentary Documentary,birds,winged migration peuple migrateur le year_2001 decade_2000s Documentary Documentary Documentary birds
6301,Straw Dogs (1971),Drama|Thriller,1971,straw dogs,year_1971 decade_1970s,Drama Drama Drama Thriller Thriller Thriller,,straw dogs year_1971 decade_1970s Drama Drama Drama Thriller Thriller Thriller
6303,"Andromeda Strain, The (1971)",Mystery|Sci-Fi,1971,andromeda strain the,year_1971 decade_1970s,Mystery Mystery Mystery SciFi SciFi SciFi,,andromeda strain the year_1971 decade_1970s Mystery Mystery Mystery SciFi SciFi SciFi
6305,Fahrenheit 451 (1966),Drama|Sci-Fi,1966,fahrenheit 451,year_1966 decade_1960s,Drama Drama Drama SciFi SciFi SciFi,ray bradbury,fahrenheit 451 year_1966 decade_1960s Drama Drama Drama SciFi SciFi SciFi ray bradbury
6322,Confidence (2003),Crime|Thriller,2003,confidence,year_2003 decade_2000s,Crime Crime Crime Thriller Thriller Thriller,,confidence year_2003 decade_2000s Crime Crime Crime Thriller Thriller Thriller
6323,Identity (2003),Crime|Horror|Mystery|Thriller,2003,identity,year_2003 decade_2000s,Crime Crime Crime Horror Horror Horror Mystery Mystery Mystery Thriller Thriller Thriller,,identity year_2003 decade_2000s Crime Crime Crime Horror Horror Horror Mystery Mystery Mystery Thriller Thriller Thriller
6331,Spellbound (2002),Documentary,2002,spellbound,year_2002 decade_2000s,Documentary Documentary Documentary,,spellbound year_2002 decade_2000s Documentary Documentary Documentary
6333,X2: X-Men United (2003),Action|Adventure|Sci-Fi|Thriller,2003,x2 x men united,year_2003 decade_2000s,Action Action Action Adventure Adventure Adventure SciFi SciFi SciFi Thriller Thriller Thriller,superhero,x2 x men united year_2003 decade_2000s Action Action Action Adventure Adventure Adventure SciFi SciFi SciFi Thriller Thriller Thriller superhero
6338,Daddy Day Care (2003),Children|Comedy,2003,daddy day care,year_2003 decade_2000s,Children Children Children Comedy Comedy Comedy,,daddy day care year_2003 decade_2000s Children Children Children Comedy Comedy Comedy
6350,Laputa: Castle in the Sky (Tenkû no shiro Rapyuta) (1986),Action|Adventure|Animation|Children|Fantasy|Sci-Fi,1986,laputa castle in the sky tenk no shiro rapyuta,year_1986 decade_1980s,Action Action Action Adventure Adventure Adventure Animation Animation Animation Children Children Children Fantasy Fantasy Fantasy SciFi SciFi SciFi,anime,laputa castle in the sky tenk no shiro rapyuta year_1986 decade_1980s Action Action Action Adventure Adventure Adventure Animation Animation Animation Children Children Children Fantasy Fantasy Fantasy SciFi SciFi SciFi anime
6365,"Matrix Reloaded, The (2003)",Action|Adventure|Sci-Fi|Thriller,2003,matrix reloaded the,year_2003 decade_2000s,Action Action Action Adventure Adventure Adventure SciFi SciFi SciFi Thriller Thriller Thriller,,matrix reloaded the year_2003 decade_2000s Action Action Action Adventure Adventure Adventure SciFi SciFi SciFi Thriller Thriller Thriller
6367,Down with Love (2003),Comedy|Romance,2003,down with love,year_2003 decade_2000s,Comedy Comedy Comedy Romance Romance Romance,retro,down with love year_2003 decade_2000s Comedy Comedy Comedy Romance Romance Romance retro
6370,"Spanish Apartment, The (L'auberge espagnole) (2002)",Comedy|Drama|Romance,2002,spanish apartment the l auberge espagnole,year_2002 decade_2000s,Comedy Comedy Comedy Drama Drama Drama Romance Romance Romance,,spanish apartment the l auberge espagnole year_2002 decade_2000s Comedy Comedy Comedy Drama Drama Drama Romance Romance Romance
6373,Bruce Almighty (2003),Comedy|Drama|Fantasy|Romance,2003,bruce almighty,year_2003 decade_2000s,Comedy Comedy Comedy Drama Drama Drama Fantasy Fantasy Fantasy Romance Romance Romance,religion classic,bruce almighty year_2003 decade_2000s Comedy Comedy Comedy Drama Drama Drama Fantasy Fantasy Fantasy Romance Romance Romance religion classic
6377,Finding Nemo (2003),Adventure|Animation|Children|Comedy,2003,finding nemo,year_2003 decade_2000s,Adventure Adventure Adventure Animation Animation Animation Children Children Children Comedy Comedy Comedy,disney fish heartwarming,finding nemo year_2003 decade_2000s Adventure Adventure Adventure Animation Animation Animation Children Children Children Comedy Comedy Comedy disney fish heartwarming
6378,"Italian Job, The (2003)",Action|Crime,2003,italian job the,year_2003 decade_2000s,Action Action Action Crime Crime Crime,heist,italian job the year_2003 decade_2000s Action Action Action Crime Crime Crime heist
6380,Capturing the Friedmans (2003),Documentary,2003,capturing the friedmans,year_2003 decade_2000s,Documentary Documentary Documentary,child abuse,capturing the friedmans year_2003 decade_2000s Documentary Documentary Documentary child abuse
6383,"2 Fast 2 Furious (Fast and the Furious 2, The) (2003)",Action|Crime|Thriller,2003,2 fast 2 furious fast and the furious 2 the,year_2003 decade_2000s,Action Action Action Crime Crime Crime Thriller Thriller Thriller,,2 fast 2 furious fast and the furious 2 the year_2003 decade_2000s Action Action Action Crime Crime Crime Thriller Thriller Thriller
6385,Whale Rider (2002),Drama,2002,whale rider,year_2002 decade_2000s,Drama Drama Drama,girl power,whale rider year_2002 decade_2000s Drama Drama Drama girl power
6440,Barton Fink (1991),Drama|Thriller,1991,barton fink,year_1991 decade_1990s,Drama Drama Drama Thriller Thriller Thriller,movie business,barton fink year_1991 decade_1990s Drama Drama Drama Thriller Thriller Thriller movie business
6460,"Trial, The (Procès, Le) (1962)",Drama,1962,trial the proc s le,year_1962 decade_1960s,Drama Drama Drama,,trial the proc s le year_1962 decade_1960s Drama Drama Drama
6461,"Unforgiven, The (1960)",Drama|Western,1960,unforgiven the,year_1960 decade_1960s,Drama Drama Drama Western Western Western,,unforgiven the year_1960 decade_1960s Drama Drama Drama Western Western Western
6482,Dumb and Dumberer: When Harry Met Lloyd (2003),Comedy,2003,dumb and dumberer when harry met lloyd,year_2003 decade_2000s,Comedy Comedy Comedy,,dumb and dumberer when harry met lloyd year_2003 decade_2000s Comedy Comedy Comedy
6484,Hollywood Homicide (2003),Action|Crime|Drama,2003,hollywood homicide,year_2003 decade_2000s,Action Action Action Crime Crime Crime Drama Drama Drama,,hollywood homicide year_2003 decade_2000s Action Action Action Crime Crime Crime Drama Drama Drama
6502,28 Days Later (2002),Action|Horror|Sci-Fi,2002,28 days later,year_2002 decade_2000s,Action Action Action Horror Horror Horror SciFi SciFi SciFi,zombies,28 days later year_2002 decade_2000s Action Action Action Horror Horror Horror SciFi SciFi SciFi zombies
6503,Charlie's Angels: Full Throttle (2003),Action|Adventure|Comedy|Crime|Thriller,2003,charlie s angels full throttle,year_2003 decade_2000s,Action Action Action Adventure Adventure Adventure Comedy Comedy Comedy Crime Crime Crime Thriller Thriller Thriller,,charlie s angels full throttle year_2003 decade_2000s Action Action Action Adventure Adventure Adventure Comedy Comedy Comedy Crime Crime Crime Thriller Thriller Thriller
6534,Hulk (2003),Action|Adventure|Sci-Fi,2003,hulk,year_2003 decade_2000s,Action Action Action Adventure Adventure Adventure SciFi SciFi SciFi,dogs marvel,hulk year_2003 decade_2000s Action Action Action Adventure Adventure Adventure SciFi SciFi SciFi dogs marvel
6535,"Legally Blonde 2: Red, White & Blonde (2003)",Comedy,2003,legally blonde 2 red white blonde,year_2003 decade_2000s,Comedy Comedy Comedy,politics,legally blonde 2 red white blonde year_2003 decade_2000s Comedy Comedy Comedy politics
6536,Sinbad: Legend of the Seven Seas (2003),Adventure|Animation|Children|Fantasy,2003,sinbad legend of the seven seas,year_2003 decade_2000s,Adventure Adventure Adventure Animation Animation Animation Children Children Children Fantasy Fantasy Fantasy,swashbuckler,sinbad legend of the seven seas year_2003 decade_2000s Adventure Adventure Adventure Animation Animation Animation Children Children Children Fantasy Fantasy Fantasy swashbuckler
6537,Terminator 3: Rise of the Machines (2003),Action|Adventure|Sci-Fi,2003,terminator 3 rise of the machines,year_2003 decade_2000s,Action Action Action Adventure Adventure Adventure SciFi SciFi SciFi,,terminator 3 rise of the machines year_2003 decade_2000s Action Action Action Adventure Adventure Adventure SciFi SciFi SciFi
6538,Swimming Pool (2003),Drama|Mystery|Thriller,2003,swimming pool,year_2003 decade_2000s,Drama Drama Drama Mystery Mystery Mystery Thriller Thriller Thriller,,swimming pool year_2003 decade_2000s Drama Drama Drama Mystery Mystery Mystery Thriller Thriller Thriller
6539,Pirates of the Caribbean: The Curse of the Black Pearl (2003),Action|Adventure|Comedy|Fantasy,2003,pirates of the caribbean the curse of the black pearl,year_2003 decade_2000s,Action Action Action Adventure Adventure Adventure Comedy Comedy Comedy Fantasy Fantasy Fantasy,swashbuckler,pirates of the caribbean the curse of the black pearl year_2003 decade_2000s Action Action Action Adventure Adventure Adventure Comedy Comedy Comedy Fantasy Fantasy Fantasy swashbuckler
6541,"League of Extraordinary Gentlemen, The (a.k.a. LXG) (2003)",Action|Fantasy|Sci-Fi,2003,league of extraordinary gentlemen the a k a lxg,year_2003 decade_2000s,Action Action Action Fantasy Fantasy Fantasy SciFi SciFi SciFi,comic book superhero gothic,league of extraordinary gentlemen the a k a lxg year_2003 decade_2000s Action Action Action Fantasy Fantasy Fantasy SciFi SciFi SciFi comic book superhero gothic
6548,Bad Boys II (2003),Action|Comedy|Crime|Thriller,2003,bad boys ii,year_2003 decade_2000s,Action Action Action Comedy Comedy Comedy Crime Crime Crime Thriller Thriller Thriller,,bad boys ii year_2003 decade_2000s Action Action Action Comedy Comedy Comedy Crime Crime Crime Thriller Thriller Thriller
6550,Johnny English (2003),Action|Comedy|Thriller,2003,johnny english,year_2003 decade_2000s,Action Action Action Comedy Comedy Comedy Thriller Thriller Thriller,,johnny english year_2003 decade_2000s Action Action Action Comedy Comedy Comedy Thriller Thriller Thriller
6552,Dirty Pretty Things (2002),Crime|Drama|Thriller,2002,dirty pretty things,year_2002 decade_2000s,Crime Crime Crime Drama Drama Drama Thriller Thriller Thriller,,dirty pretty things year_2002 decade_2000s Crime Crime Crime Drama Drama Drama Thriller Thriller Thriller
6564,Lara Croft Tomb Raider: The Cradle of Life (2003),Action|Adventure|Comedy|Romance|Thriller,2003,lara croft tomb raider the cradle of life,year_2003 decade_2000s,Action Action Action Adventure Adventure Adventure Comedy Comedy Comedy Romance Romance Romance Thriller Thriller Thriller,adventure heroine in tight suit,lara croft tomb raider the cradle of life year_2003 decade_2000s Action Action Action Adventure Adventure Adventure Comedy Comedy Comedy Romance Romance Romance Thriller Thriller Thriller adventure heroine in tight suit
6565,Seabiscuit (2003),Drama,2003,seabiscuit,year_2003 decade_2000s,Drama Drama Drama,horses,seabiscuit year_2003 decade_2000s Drama Drama Drama horses
6586,American Wedding (American Pie 3) (2003),Comedy,2003,american wedding american pie 3,year_2003 decade_2000s,Comedy Comedy Comedy,,american wedding american pie 3 year_2003 decade_2000s Comedy Comedy Comedy
6591,"Magdalene Sisters, The (2002)",Drama,2002,magdalene sisters the,year_2002 decade_2000s,Drama Drama Drama,religion,magdalene sisters the year_2002 decade_2000s Drama Drama Drama religion
6593,Freaky Friday (2003),Children|Comedy|Fantasy,2003,freaky friday,year_2003 decade_2000s,Children Children Children Comedy Comedy Comedy Fantasy Fantasy Fantasy,,freaky friday year_2003 decade_2000s Children Children Children Comedy Comedy Comedy Fantasy Fantasy Fantasy
6595,S.W.A.T. (2003),Action|Thriller,2003,s w a t,year_2003 decade_2000s,Action Action Action Thriller Thriller Thriller,,s w a t year_2003 decade_2000s Action Action Action Thriller Thriller Thriller
6615,Freddy vs. Jason (2003),Action|Horror|Thriller,2003,freddy vs jason,year_2003 decade_2000s,Action Action Action Horror Horror Horror Thriller Thriller Thriller,,freddy vs jason year_2003 decade_2000s Action Action Action Horror Horror Horror Thriller Thriller Thriller
6617,Open Range (2003),Western,2003,open range,year_2003 decade_2000s,Western Western Western,,open range year_2003 decade_2000s Western Western Western
6618,Shaolin Soccer (Siu lam juk kau) (2001),Action|Comedy,2001,shaolin soccer siu lam juk kau,year_2001 decade_2000s,Action Action Action Comedy Comedy Comedy,,shaolin soccer siu lam juk kau year_2001 decade_2000s Action Action Action Comedy Comedy Comedy
6619,Uptown Girls (2003),Comedy,2003,uptown girls,year_2003 decade_2000s,Comedy Comedy Comedy,,uptown girls year_2003 decade_2000s Comedy Comedy Comedy
6620,American Splendor (2003),Comedy|Drama,2003,american splendor,year_2003 decade_2000s,Comedy Comedy Comedy Drama Drama Drama,,american splendor year_2003 decade_2000s Comedy Comedy Comedy Drama Drama Drama
6624,Agent Cody Banks (2003),Action|Adventure|Children|Fantasy,2003,agent cody banks,year_2003 decade_2000s,Action Action Action Adventure Adventure Adventure Children Children Children Fantasy Fantasy Fantasy,,agent cody banks year_2003 decade_2000s Action Action Action Adventure Adventure Adventure Children Children Children Fantasy Fantasy Fantasy
6639,Wait Until Dark (1967),Drama|Thriller,1967,wait until dark,year_1967 decade_1960s,Drama Drama Drama Thriller Thriller Thriller,blindness,wait until dark year_1967 decade_1960s Drama Drama Drama Thriller Thriller Thriller blindness
6645,THX 1138 (1971),Action|Adventure|Drama|Sci-Fi,1971,thx 1138,year_1971 decade_1970s,Action Action Action Adventure Adventure Adventure Drama Drama Drama SciFi SciFi SciFi,,thx 1138 year_1971 decade_1970s Action Action Action Adventure Adventure Adventure Drama Drama Drama SciFi SciFi SciFi
6659,Tremors (1990),Comedy|Horror|Sci-Fi,1990,tremors,year_1990 decade_1990s,Comedy Comedy Comedy Horror Horror Horror SciFi SciFi SciFi,,tremors year_1990 decade_1990s Comedy Comedy Comedy Horror Horror Horror SciFi SciFi SciFi
6662,"Pink Panther, The (1963)",Comedy|Crime,1963,pink panther the,year_1963 decade_1960s,Comedy Comedy Comedy Crime Crime Crime,clousseau,pink panther the year_1963 decade_1960s Comedy Comedy Comedy Crime Crime Crime clousseau
6663,"Pink Panther Strikes Again, The (1976)",Comedy|Crime,1976,pink panther strikes again the,year_1976 decade_1970s,Comedy Comedy Comedy Crime Crime Crime,,pink panther strikes again the year_1976 decade_1970s Comedy Comedy Comedy Crime Crime Crime
6664,Commando (1985),Action|Adventure,1985,commando,year_1985 decade_1980s,Action Action Action Adventure Adventure Adventure,,commando year_1985 decade_1980s Action Action Action Adventure Adventure Adventure
6666,"Discreet Charm of the Bourgeoisie, The (Charme discret de la bourgeoisie, Le) (1972)",Comedy|Drama|Fantasy,1972,discreet charm of the bourgeoisie the charme discret de la bourgeoisie le,year_1972 decade_1970s,Comedy Comedy Comedy Drama Drama Drama Fantasy Fantasy Fantasy,,discreet charm of the bourgeoisie the charme discret de la bourgeoisie le year_1972 decade_1970s Comedy Comedy Comedy Drama Drama Drama Fantasy Fantasy Fantasy
6669,Ikiru (1952),Drama,1952,ikiru,year_1952 decade_1950s,Drama Drama Drama,philosophical meditative poignant,ikiru year_1952 decade_1950s Drama Drama Drama philosophical meditative poignant
6686,"Medallion, The (2003)",Action|Comedy|Crime|Fantasy,2003,medallion the,year_2003 decade_2000s,Action Action Action Comedy Comedy Comedy Crime Crime Crime Fantasy Fantasy Fantasy,,medallion the year_2003 decade_2000s Action Action Action Comedy Comedy Comedy Crime Crime Crime Fantasy Fantasy Fantasy
6702,Dickie Roberts: Former Child Star (2003),Comedy,2003,dickie roberts former child star,year_2003 decade_2000s,Comedy Comedy Comedy,,dickie roberts former child star year_2003 decade_2000s Comedy Comedy Comedy
6707,Cabin Fever (2002),Horror|Thriller,2002,cabin fever,year_2002 decade_2000s,Horror Horror Horror Thriller Thriller Thriller,,cabin fever year_2002 decade_2000s Horror Horror Horror Thriller Thriller Thriller
6708,Matchstick Men (2003),Comedy|Crime|Drama,2003,matchstick men,year_2003 decade_2000s,Comedy Comedy Comedy Crime Crime Crime Drama Drama Drama,,matchstick men year_2003 decade_2000s Comedy Comedy Comedy Crime Crime Crime Drama Drama Drama
6709,Once Upon a Time in Mexico (2003),Action|Adventure|Crime|Thriller,2003,once upon a time in mexico,year_2003 decade_2000s,Action Action Action Adventure Adventure Adventure Crime Crime Crime Thriller Thriller Thriller,,once upon a time in mexico year_2003 decade_2000s Action Action Action Adventure Adventure Adventure Crime Crime Crime Thriller Thriller Thriller
6711,Lost in Translation (2003),Comedy|Drama|Romance,2003,lost in translation,year_2003 decade_2000s,Comedy Comedy Comedy Drama Drama Drama Romance Romance Romance,atmospheric,lost in translation year_2003 decade_2000s Comedy Comedy Comedy Drama Drama Drama Romance Romance Romance atmospheric
6713,Millennium Actress (Sennen joyû) (2001),Animation|Drama|Romance,2001,millennium actress sennen joy,year_2001 decade_2000s,Animation Animation Animation Drama Drama Drama Romance Romance Romance,,millennium actress sennen joy year_2001 decade_2000s Animation Animation Animation Drama Drama Drama Romance Romance Romance
6721,Once Upon a Time in China (Wong Fei Hung) (1991),Action|Adventure|Drama,1991,once upon a time in china wong fei hung,year_1991 decade_1990s,Action Action Action Adventure Adventure Adventure Drama Drama Drama,,once upon a time in china wong fei hung year_1991 decade_1990s Action Action Action Adventure Adventure Adventure Drama Drama Drama
6724,Paper Moon (1973),Comedy|Crime|Drama,1973,paper moon,year_1973 decade_1970s,Comedy Comedy Comedy Crime Crime Crime Drama Drama Drama,,paper moon year_1973 decade_1970s Comedy Comedy Comedy Crime Crime Crime Drama Drama Drama
6731,Day of the Dead (1985),Horror|Sci-Fi|Thriller,1985,day of the dead,year_1985 decade_1980s,Horror Horror Horror SciFi SciFi SciFi Thriller Thriller Thriller,,day of the dead year_1985 decade_1980s Horror Horror Horror SciFi SciFi SciFi Thriller Thriller Thriller
6753,Secondhand Lions (2003),Children|Comedy|Drama,2003,secondhand lions,year_2003 decade_2000s,Children Children Children Comedy Comedy Comedy Drama Drama Drama,animal movie,secondhand lions year_2003 decade_2000s Children Children Children Comedy Comedy Comedy Drama Drama Drama animal movie
6754,Underworld (2003),Action|Fantasy|Horror,2003,underworld,year_2003 decade_2000s,Action Action Action Fantasy Fantasy Fantasy Horror Horror Horror,,underworld year_2003 decade_2000s Action Action Action Fantasy Fantasy Fantasy Horror Horror Horror
6755,Bubba Ho-tep (2002),Comedy|Horror,2002,bubba ho tep,year_2002 decade_2000s,Comedy Comedy Comedy Horror Horror Horror,,bubba ho tep year_2002 decade_2000s Comedy Comedy Comedy Horror Horror Horror
6763,Duplex (2003),Comedy|Crime,2003,duplex,year_2003 decade_2000s,Comedy Comedy Comedy Crime Crime Crime,,duplex year_2003 decade_2000s Comedy Comedy Comedy Crime Crime Crime
6764,"Rundown, The (2003)",Action|Adventure|Comedy,2003,rundown the,year_2003 decade_2000s,Action Action Action Adventure Adventure Adventure Comedy Comedy Comedy,,rundown the year_2003 decade_2000s Action Action Action Adventure Adventure Adventure Comedy Comedy Comedy
6765,Under the Tuscan Sun (2003),Comedy|Drama|Romance,2003,under the tuscan sun,year_2003 decade_2000s,Comedy Comedy Comedy Drama Drama Drama Romance Romance Romance,,under the tuscan sun year_2003 decade_2000s Comedy Comedy Comedy Drama Drama Drama Romance Romance Romance
6773,"Triplets of Belleville, The (Les triplettes de Belleville) (2003)",Animation|Comedy|Fantasy,2003,triplets of belleville the les triplettes de belleville,year_2003 decade_2000s,Animation Animation Animation Comedy Comedy Comedy Fantasy Fantasy Fantasy,,triplets of belleville the les triplettes de belleville year_2003 decade_2000s Animation Animation Animation Comedy Comedy Comedy Fantasy Fantasy Fantasy
6774,Videodrome (1983),Fantasy|Horror|Sci-Fi|Thriller,1983,videodrome,year_1983 decade_1980s,Fantasy Fantasy Fantasy Horror Horror Horror SciFi SciFi SciFi Thriller Thriller Thriller,,videodrome year_1983 decade_1980s Fantasy Fantasy Fantasy Horror Horror Horror SciFi SciFi SciFi Thriller Thriller Thriller
6777,Judgment at Nuremberg (1961),Drama,1961,judgment at nuremberg,year_1961 decade_1960s,Drama Drama Drama,,judgment at nuremberg year_1961 decade_1960s Drama Drama Drama
6787,All the President's Men (1976),Drama|Thriller,1976,all the president s men,year_1976 decade_1970s,Drama Drama Drama Thriller Thriller Thriller,journalism,all the president s men year_1976 decade_1970s Drama Drama Drama Thriller Thriller Thriller journalism
6791,Babette's Feast (Babettes gæstebud) (1987),Drama,1987,babette s feast babettes g stebud,year_1987 decade_1980s,Drama Drama Drama,food,babette s feast babettes g stebud year_1987 decade_1980s Drama Drama Drama food
6793,Beethoven (1992),Children|Comedy|Drama,1992,beethoven,year_1992 decade_1990s,Children Children Children Comedy Comedy Comedy Drama Drama Drama,,beethoven year_1992 decade_1990s Children Children Children Comedy Comedy Comedy Drama Drama Drama
6794,Beethoven's 2nd (1993),Children|Comedy,1993,beethoven s 2nd,year_1993 decade_1990s,Children Children Children Comedy Comedy Comedy,,beethoven s 2nd year_1993 decade_1990s Children Children Children Comedy Comedy Comedy
6796,Boyz N the Hood (1991),Crime|Drama,1991,boyz n the hood,year_1991 decade_1990s,Crime Crime Crime Drama Drama Drama,,boyz n the hood year_1991 decade_1990s Crime Crime Crime Drama Drama Drama
6807,Monty Python's The Meaning of Life (1983),Comedy,1983,monty python s the meaning of life,year_1983 decade_1980s,Comedy Comedy Comedy,british comedy,monty python s the meaning of life year_1983 decade_1980s Comedy Comedy Comedy british comedy
6810,Sleeping with the Enemy (1991),Drama|Thriller,1991,sleeping with the enemy,year_1991 decade_1990s,Drama Drama Drama Thriller Thriller Thriller,,sleeping with the enemy year_1991 decade_1990s Drama Drama Drama Thriller Thriller Thriller
6811,PCU (1994),Comedy,1994,pcu,year_1994 decade_1990s,Comedy Comedy Comedy,,pcu year_1994 decade_1990s Comedy Comedy Comedy
6820,Ginger Snaps (2000),Drama|Horror|Thriller,2000,ginger snaps,year_2000 decade_2000s,Drama Drama Drama Horror Horror Horror Thriller Thriller Thriller,,ginger snaps year_2000 decade_2000s Drama Drama Drama Horror Horror Horror Thriller Thriller Thriller
6832,Regarding Henry (1991),Drama,1991,regarding henry,year_1991 decade_1990s,Drama Drama Drama,amnesia,regarding henry year_1991 decade_1990s Drama Drama Drama amnesia
6857,Ninja Scroll (Jûbei ninpûchô) (1995),Action|Adventure|Animation|Fantasy,1995,ninja scroll j bei ninp ch,year_1995 decade_1990s,Action Action Action Adventure Adventure Adventure Animation Animation Animation Fantasy Fantasy Fantasy,,ninja scroll j bei ninp ch year_1995 decade_1990s Action Action Action Adventure Adventure Adventure Animation Animation Animation Fantasy Fantasy Fantasy
6863,School of Rock (2003),Comedy|Musical,2003,school of rock,year_2003 decade_2000s,Comedy Comedy Comedy Musical Musical Musical,school,school of rock year_2003 decade_2000s Comedy Comedy Comedy Musical Musical Musical school
6867,"Station Agent, The (2003)",Comedy|Drama,2003,station agent the,year_2003 decade_2000s,Comedy Comedy Comedy Drama Drama Drama,,station agent the year_2003 decade_2000s Comedy Comedy Comedy Drama Drama Drama
6868,Wonderland (2003),Crime|Drama|Mystery|Thriller,2003,wonderland,year_2003 decade_2000s,Crime Crime Crime Drama Drama Drama Mystery Mystery Mystery Thriller Thriller Thriller,,wonderland year_2003 decade_2000s Crime Crime Crime Drama Drama Drama Mystery Mystery Mystery Thriller Thriller Thriller
6870,Mystic River (2003),Crime|Drama|Mystery,2003,mystic river,year_2003 decade_2000s,Crime Crime Crime Drama Drama Drama Mystery Mystery Mystery,kidnapping child abuse,mystic river year_2003 decade_2000s Crime Crime Crime Drama Drama Drama Mystery Mystery Mystery kidnapping child abuse
6873,Intolerable Cruelty (2003),Comedy|Romance,2003,intolerable cruelty,year_2003 decade_2000s,Comedy Comedy Comedy Romance Romance Romance,,intolerable cruelty year_2003 decade_2000s Comedy Comedy Comedy Romance Romance Romance
6874,Kill Bill: Vol. 1 (2003),Action|Crime|Thriller,2003,kill bill vol 1,year_2003 decade_2000s,Action Action Action Crime Crime Crime Thriller Thriller Thriller,martial arts revenge,kill bill vol 1 year_2003 decade_2000s Action Action Action Crime Crime Crime Thriller Thriller Thriller martial arts revenge
6879,Runaway Jury (2003),Drama|Thriller,2003,runaway jury,year_2003 decade_2000s,Drama Drama Drama Thriller Thriller Thriller,,runaway jury year_2003 decade_2000s Drama Drama Drama Thriller Thriller Thriller
6880,"Texas Chainsaw Massacre, The (2003)",Horror,2003,texas chainsaw massacre the,year_2003 decade_2000s,Horror Horror Horror,,texas chainsaw massacre the year_2003 decade_2000s Horror Horror Horror
6881,Pieces of April (2003),Comedy|Drama,2003,pieces of april,year_2003 decade_2000s,Comedy Comedy Comedy Drama Drama Drama,,pieces of april year_2003 decade_2000s Comedy Comedy Comedy Drama Drama Drama
6887,Radio (2003),Drama,2003,radio,year_2003 decade_2000s,Drama Drama Drama,,radio year_2003 decade_2000s Drama Drama Drama
6888,Scary Movie 3 (2003),Comedy|Horror,2003,scary movie 3,year_2003 decade_2000s,Comedy Comedy Comedy Horror Horror Horror,,scary movie 3 year_2003 decade_2000s Comedy Comedy Comedy Horror Horror Horror
6890,Elephant (2003),Drama,2003,elephant,year_2003 decade_2000s,Drama Drama Drama,violence in america adolescence,elephant year_2003 decade_2000s Drama Drama Drama violence in america adolescence
6893,"Italian Job, The (1969)",Action|Comedy|Crime,1969,italian job the,year_1969 decade_1960s,Action Action Action Comedy Comedy Comedy Crime Crime Crime,,italian job the year_1969 decade_1960s Action Action Action Comedy Comedy Comedy Crime Crime Crime
6932,Shattered Glass (2003),Crime|Drama,2003,shattered glass,year_2003 decade_2000s,Crime Crime Crime Drama Drama Drama,journalism,shattered glass year_2003 decade_2000s Crime Crime Crime Drama Drama Drama journalism
6934,"Matrix Revolutions, The (2003)",Action|Adventure|Sci-Fi|Thriller,2003,matrix revolutions the,year_2003 decade_2000s,Action Action Action Adventure Adventure Adventure SciFi SciFi SciFi Thriller Thriller Thriller,,matrix revolutions the year_2003 decade_2000s Action Action Action Adventure Adventure Adventure SciFi SciFi SciFi Thriller Thriller Thriller
6936,Elf (2003),Children|Comedy|Fantasy,2003,elf,year_2003 decade_2000s,Children Children Children Comedy Comedy Comedy Fantasy Fantasy Fantasy,christmas,elf year_2003 decade_2000s Children Children Children Comedy Comedy Comedy Fantasy Fantasy Fantasy christmas
6942,Love Actually (2003),Comedy|Drama|Romance,2003,love actually,year_2003 decade_2000s,Comedy Comedy Comedy Drama Drama Drama Romance Romance Romance,,love actually year_2003 decade_2000s Comedy Comedy Comedy Drama Drama Drama Romance Romance Romance
6944,Father of the Bride (1991),Comedy,1991,father of the bride,year_1991 decade_1990s,Comedy Comedy Comedy,wedding remake,father of the bride year_1991 decade_1990s Comedy Comedy Comedy wedding remake
6947,Master and Commander: The Far Side of the World (2003),Adventure|Drama|War,2003,master and commander the far side of the world,year_2003 decade_2000s,Adventure Adventure Adventure Drama Drama Drama War War War,,master and commander the far side of the world year_2003 decade_2000s Adventure Adventure Adventure Drama Drama Drama War War War
6951,"Cat in the Hat, The (2003)",Children|Comedy,2003,cat in the hat the,year_2003 decade_2000s,Children Children Children Comedy Comedy Comedy,,cat in the hat the year_2003 decade_2000s Children Children Children Comedy Comedy Comedy
6952,Gothika (2003),Horror|Thriller,2003,gothika,year_2003 decade_2000s,Horror Horror Horror Thriller Thriller Thriller,,gothika year_2003 decade_2000s Horror Horror Horror Thriller Thriller Thriller
6953,21 Grams (2003),Crime|Drama|Mystery|Romance|Thriller,2003,21 grams,year_2003 decade_2000s,Crime Crime Crime Drama Drama Drama Mystery Mystery Mystery Romance Romance Romance Thriller Thriller Thriller,depressing,21 grams year_2003 decade_2000s Crime Crime Crime Drama Drama Drama Mystery Mystery Mystery Romance Romance Romance Thriller Thriller Thriller depressing
6957,Bad Santa (2003),Comedy|Crime,2003,bad santa,year_2003 decade_2000s,Comedy Comedy Comedy Crime Crime Crime,,bad santa year_2003 decade_2000s Comedy Comedy Comedy Crime Crime Crime
6958,"Haunted Mansion, The (2003)",Children|Comedy|Fantasy|Horror,2003,haunted mansion the,year_2003 decade_2000s,Children Children Children Comedy Comedy Comedy Fantasy Fantasy Fantasy Horror Horror Horror,,haunted mansion the year_2003 decade_2000s Children Children Children Comedy Comedy Comedy Fantasy Fantasy Fantasy Horror Horror Horror
6974,"Freshman, The (1990)",Comedy|Crime,1990,freshman the,year_1990 decade_1990s,Comedy Comedy Comedy Crime Crime Crime,,freshman the year_1990 decade_1990s Comedy Comedy Comedy Crime Crime Crime
6975,Funny Games (1997),Drama|Horror|Thriller,1997,funny games,year_1997 decade_1990s,Drama Drama Drama Horror Horror Horror Thriller Thriller Thriller,,funny games year_1997 decade_1990s Drama Drama Drama Horror Horror Horror Thriller Thriller Thriller
6979,WarGames (1983),Drama|Sci-Fi|Thriller,1983,wargames,year_1983 decade_1980s,Drama Drama Drama SciFi SciFi SciFi Thriller Thriller Thriller,cold war,wargames year_1983 decade_1980s Drama Drama Drama SciFi SciFi SciFi Thriller Thriller Thriller cold war
6985,"Passion of Joan of Arc, The (Passion de Jeanne d'Arc, La) (1928)",Drama,1928,passion of joan of arc the passion de jeanne d arc la,year_1928 decade_1920s,Drama Drama Drama,,passion of joan of arc the passion de jeanne d arc la year_1928 decade_1920s Drama Drama Drama
6987,"Cabinet of Dr. Caligari, The (Cabinet des Dr. Caligari., Das) (1920)",Crime|Fantasy|Horror,1920,cabinet of dr caligari the cabinet des dr caligari das,year_1920 decade_1920s,Crime Crime Crime Fantasy Fantasy Fantasy Horror Horror Horror,,cabinet of dr caligari the cabinet des dr caligari das year_1920 decade_1920s Crime Crime Crime Fantasy Fantasy Fantasy Horror Horror Horror
6993,Hannah and Her Sisters (1986),Comedy|Drama|Romance,1986,hannah and her sisters,year_1986 decade_1980s,Comedy Comedy Comedy Drama Drama Drama Romance Romance Romance,family,hannah and her sisters year_1986 decade_1980s Comedy Comedy Comedy Drama Drama Drama Romance Romance Romance family
6996,Highlander II: The Quickening (1991),Action|Sci-Fi,1991,highlander ii the quickening,year_1991 decade_1990s,Action Action Action SciFi SciFi SciFi,,highlander ii the quickening year_1991 decade_1990s Action Action Action SciFi SciFi SciFi
7001,Invasion of the Body Snatchers (1978),Horror|Mystery|Sci-Fi|Thriller,1978,invasion of the body snatchers,year_1978 decade_1970s,Horror Horror Horror Mystery Mystery Mystery SciFi SciFi SciFi Thriller Thriller Thriller,,invasion of the body snatchers year_1978 decade_1970s Horror Horror Horror Mystery Mystery Mystery SciFi SciFi SciFi Thriller Thriller Thriller
7004,Kindergarten Cop (1990),Action|Comedy|Crime|Thriller,1990,kindergarten cop,year_1990 decade_1990s,Action Action Action Comedy Comedy Comedy Crime Crime Crime Thriller Thriller Thriller,,kindergarten cop year_1990 decade_1990s Action Action Action Comedy Comedy Comedy Crime Crime Crime Thriller Thriller Thriller
7007,"Last Boy Scout, The (1991)",Action|Comedy|Crime|Drama|Thriller,1991,last boy scout the,year_1991 decade_1990s,Action Action Action Comedy Comedy Comedy Crime Crime Crime Drama Drama Drama Thriller Thriller Thriller,,last boy scout the year_1991 decade_1990s Action Action Action Comedy Comedy Comedy Crime Crime Crime Drama Drama Drama Thriller Thriller Thriller
7008,Last Tango in Paris (Ultimo tango a Parigi) (1972),Drama|Romance,1972,last tango in paris ultimo tango a parigi,year_1972 decade_1970s,Drama Drama Drama Romance Romance Romance,,last tango in paris ultimo tango a parigi year_1972 decade_1970s Drama Drama Drama Romance Romance Romance
7013,"Night of the Hunter, The (1955)",Drama|Film-Noir|Thriller,1955,night of the hunter the,year_1955 decade_1950s,Drama Drama Drama FilmNoir FilmNoir FilmNoir Thriller Thriller Thriller,,night of the hunter the year_1955 decade_1950s Drama Drama Drama FilmNoir FilmNoir FilmNoir Thriller Thriller Thriller
7018,Presumed Innocent (1990),Crime|Drama|Thriller,1990,presumed innocent,year_1990 decade_1990s,Crime Crime Crime Drama Drama Drama Thriller Thriller Thriller,court,presumed innocent year_1990 decade_1990s Crime Crime Crime Drama Drama Drama Thriller Thriller Thriller court
7022,Battle Royale (Batoru rowaiaru) (2000),Action|Drama|Horror|Thriller,2000,battle royale batoru rowaiaru,year_2000 decade_2000s,Action Action Action Drama Drama Drama Horror Horror Horror Thriller Thriller Thriller,survival brutal satire violence based on a book bloody dystopia social commentary controversial,battle royale batoru rowaiaru year_2000 decade_2000s Action Action Action Drama Drama Drama Horror Horror Horror Thriller Thriller Thriller survival brutal satire violence based on a book bloody dystopia social commentary controversial
7027,Silverado (1985),Action|Western,1985,silverado,year_1985 decade_1980s,Action Action Action Western Western Western,,silverado year_1985 decade_1980s Action Action Action Western Western Western
7028,Quick Change (1990),Comedy|Crime,1990,quick change,year_1990 decade_1990s,Comedy Comedy Comedy Crime Crime Crime,,quick change year_1990 decade_1990s Comedy Comedy Comedy Crime Crime Crime
7034,Show Me Love (Fucking Åmål) (1998),Drama|Romance,1998,show me love fucking m l,year_1998 decade_1990s,Drama Drama Drama Romance Romance Romance,,show me love fucking m l year_1998 decade_1990s Drama Drama Drama Romance Romance Romance
7036,Teen Wolf (1985),Comedy|Fantasy,1985,teen wolf,year_1985 decade_1980s,Comedy Comedy Comedy Fantasy Fantasy Fantasy,,teen wolf year_1985 decade_1980s Comedy Comedy Comedy Fantasy Fantasy Fantasy
7044,Wild at Heart (1990),Crime|Drama|Mystery|Romance|Thriller,1990,wild at heart,year_1990 decade_1990s,Crime Crime Crime Drama Drama Drama Mystery Mystery Mystery Romance Romance Romance Thriller Thriller Thriller,,wild at heart year_1990 decade_1990s Crime Crime Crime Drama Drama Drama Mystery Mystery Mystery Romance Romance Romance Thriller Thriller Thriller
7046,"Witches of Eastwick, The (1987)",Comedy|Fantasy|Horror|Thriller,1987,witches of eastwick the,year_1987 decade_1980s,Comedy Comedy Comedy Fantasy Fantasy Fantasy Horror Horror Horror Thriller Thriller Thriller,,witches of eastwick the year_1987 decade_1980s Comedy Comedy Comedy Fantasy Fantasy Fantasy Horror Horror Horror Thriller Thriller Thriller
7063,"Aguirre: The Wrath of God (Aguirre, der Zorn Gottes) (1972)",Adventure|Drama,1972,aguirre the wrath of god aguirre der zorn gottes,year_1972 decade_1970s,Adventure Adventure Adventure Drama Drama Drama,,aguirre the wrath of god aguirre der zorn gottes year_1972 decade_1970s Adventure Adventure Adventure Drama Drama Drama
7064,Beauty and the Beast (La belle et la bête) (1946),Drama|Fantasy,1946,beauty and the beast la belle et la b te,year_1946 decade_1940s,Drama Drama Drama Fantasy Fantasy Fantasy,,beauty and the beast la belle et la b te year_1946 decade_1940s Drama Drama Drama Fantasy Fantasy Fantasy
7076,Bullitt (1968),Action|Crime|Drama|Thriller,1968,bullitt,year_1968 decade_1960s,Action Action Action Crime Crime Crime Drama Drama Drama Thriller Thriller Thriller,,bullitt year_1968 decade_1960s Action Action Action Crime Crime Crime Drama Drama Drama Thriller Thriller Thriller
7090,Hero (Ying xiong) (2002),Action|Adventure|Drama,2002,hero ying xiong,year_2002 decade_2000s,Action Action Action Adventure Adventure Adventure Drama Drama Drama,martial arts,hero ying xiong year_2002 decade_2000s Action Action Action Adventure Adventure Adventure Drama Drama Drama martial arts
7099,Nausicaä of the Valley of the Wind (Kaze no tani no Naushika) (1984),Adventure|Animation|Drama|Fantasy|Sci-Fi,1984,nausica of the valley of the wind kaze no tani no naushika,year_1984 decade_1980s,Adventure Adventure Adventure Animation Animation Animation Drama Drama Drama Fantasy Fantasy Fantasy SciFi SciFi SciFi,,nausica of the valley of the wind kaze no tani no naushika year_1984 decade_1980s Adventure Adventure Adventure Animation Animation Animation Drama Drama Drama Fantasy Fantasy Fantasy SciFi SciFi SciFi
7101,Doc Hollywood (1991),Comedy|Romance,1991,doc hollywood,year_1991 decade_1990s,Comedy Comedy Comedy Romance Romance Romance,,doc hollywood year_1991 decade_1990s Comedy Comedy Comedy Romance Romance Romance
7115,Deep Red (Profondo rosso) (1975),Horror|Mystery|Thriller,1975,deep red profondo rosso,year_1975 decade_1970s,Horror Horror Horror Mystery Mystery Mystery Thriller Thriller Thriller,,deep red profondo rosso year_1975 decade_1970s Horror Horror Horror Mystery Mystery Mystery Thriller Thriller Thriller
7117,Leprechaun (1993),Comedy|Horror,1993,leprechaun,year_1993 decade_1990s,Comedy Comedy Comedy Horror Horror Horror,,leprechaun year_1993 decade_1990s Comedy Comedy Comedy Horror Horror Horror
7123,Naked Lunch (1991),Drama|Fantasy|Mystery|Sci-Fi,1991,naked lunch,year_1991 decade_1990s,Drama Drama Drama Fantasy Fantasy Fantasy Mystery Mystery Mystery SciFi SciFi SciFi,,naked lunch year_1991 decade_1990s Drama Drama Drama Fantasy Fantasy Fantasy Mystery Mystery Mystery SciFi SciFi SciFi
7132,"Night at the Opera, A (1935)",Comedy|Musical|Romance,1935,night at the opera a,year_1935 decade_1930s,Comedy Comedy Comedy Musical Musical Musical Romance Romance Romance,,night at the opera a year_1935 decade_1930s Comedy Comedy Comedy Musical Musical Musical Romance Romance Romance
7137,"Cooler, The (2003)",Comedy|Drama|Romance,2003,cooler the,year_2003 decade_2000s,Comedy Comedy Comedy Drama Drama Drama Romance Romance Romance,,cooler the year_2003 decade_2000s Comedy Comedy Comedy Drama Drama Drama Romance Romance Romance
7139,In America (2002),Drama|Romance,2002,in america,year_2002 decade_2000s,Drama Drama Drama Romance Romance Romance,immigrants,in america year_2002 decade_2000s Drama Drama Drama Romance Romance Romance immigrants
7143,"Last Samurai, The (2003)",Action|Adventure|Drama|War,2003,last samurai the,year_2003 decade_2000s,Action Action Action Adventure Adventure Adventure Drama Drama Drama War War War,,last samurai the year_2003 decade_2000s Action Action Action Adventure Adventure Adventure Drama Drama Drama War War War
7147,Big Fish (2003),Drama|Fantasy|Romance,2003,big fish,year_2003 decade_2000s,Drama Drama Drama Fantasy Fantasy Fantasy Romance Romance Romance,dreamlike surreal tim burton sentimental,big fish year_2003 decade_2000s Drama Drama Drama Fantasy Fantasy Fantasy Romance Romance Romance dreamlike surreal tim burton sentimental
7149,Something's Gotta Give (2003),Comedy|Drama|Romance,2003,something s gotta give,year_2003 decade_2000s,Comedy Comedy Comedy Drama Drama Drama Romance Romance Romance,,something s gotta give year_2003 decade_2000s Comedy Comedy Comedy Drama Drama Drama Romance Romance Romance
7150,Stuck on You (2003),Comedy,2003,stuck on you,year_2003 decade_2000s,Comedy Comedy Comedy,,stuck on you year_2003 decade_2000s Comedy Comedy Comedy
7151,Girl with a Pearl Earring (2003),Drama|Romance,2003,girl with a pearl earring,year_2003 decade_2000s,Drama Drama Drama Romance Romance Romance,,girl with a pearl earring year_2003 decade_2000s Drama Drama Drama Romance Romance Romance
7153,"Lord of the Rings: The Return of the King, The (2003)",Action|Adventure|Drama|Fantasy,2003,lord of the rings the return of the king the,year_2003 decade_2000s,Action Action Action Adventure Adventure Adventure Drama Drama Drama Fantasy Fantasy Fantasy,tolkein fantasy adventure tolkien fantasy world great soundtrack stylized ensemble cast,lord of the rings the return of the king the year_2003 decade_2000s Action Action Action Adventure Adventure Adventure Drama Drama Drama Fantasy Fantasy Fantasy tolkein fantasy adventure tolkien fantasy world great soundtrack stylized ensemble cast
7154,Mona Lisa Smile (2003),Drama|Romance,2003,mona lisa smile,year_2003 decade_2000s,Drama Drama Drama Romance Romance Romance,,mona lisa smile year_2003 decade_2000s Drama Drama Drama Romance Romance Romance
7155,Calendar Girls (2003),Comedy,2003,calendar girls,year_2003 decade_2000s,Comedy Comedy Comedy,,calendar girls year_2003 decade_2000s Comedy Comedy Comedy
7156,"Fog of War: Eleven Lessons from the Life of Robert S. McNamara, The (2003)",Documentary|War,2003,fog of war eleven lessons from the life of robert s mcnamara the,year_2003 decade_2000s,Documentary Documentary Documentary War War War,vietnam,fog of war eleven lessons from the life of robert s mcnamara the year_2003 decade_2000s Documentary Documentary Documentary War War War vietnam
7158,House of Sand and Fog (2003),Drama,2003,house of sand and fog,year_2003 decade_2000s,Drama Drama Drama,,house of sand and fog year_2003 decade_2000s Drama Drama Drama
7160,Monster (2003),Crime|Drama,2003,monster,year_2003 decade_2000s,Crime Crime Crime Drama Drama Drama,serial killer,monster year_2003 decade_2000s Crime Crime Crime Drama Drama Drama serial killer
7161,Cheaper by the Dozen (2003),Children|Comedy,2003,cheaper by the dozen,year_2003 decade_2000s,Children Children Children Comedy Comedy Comedy,,cheaper by the dozen year_2003 decade_2000s Children Children Children Comedy Comedy Comedy
7162,Cold Mountain (2003),Drama|Romance|War,2003,cold mountain,year_2003 decade_2000s,Drama Drama Drama Romance Romance Romance War War War,civil war,cold mountain year_2003 decade_2000s Drama Drama Drama Romance Romance Romance War War War civil war
7163,Paycheck (2003),Action|Sci-Fi|Thriller,2003,paycheck,year_2003 decade_2000s,Action Action Action SciFi SciFi SciFi Thriller Thriller Thriller,,paycheck year_2003 decade_2000s Action Action Action SciFi SciFi SciFi Thriller Thriller Thriller
7164,Peter Pan (2003),Action|Adventure|Children|Fantasy,2003,peter pan,year_2003 decade_2000s,Action Action Action Adventure Adventure Adventure Children Children Children Fantasy Fantasy Fantasy,,peter pan year_2003 decade_2000s Action Action Action Adventure Adventure Adventure Children Children Children Fantasy Fantasy Fantasy
7169,Chasing Liberty (2004),Comedy|Romance,2004,chasing liberty,year_2004 decade_2000s,Comedy Comedy Comedy Romance Romance Romance,,chasing liberty year_2004 decade_2000s Comedy Comedy Comedy Romance Romance Romance
7173,Along Came Polly (2004),Comedy|Romance,2004,along came polly,year_2004 decade_2000s,Comedy Comedy Comedy Romance Romance Romance,,along came polly year_2004 decade_2000s Comedy Comedy Comedy Romance Romance Romance
7234,"Strada, La (1954)",Drama,1954,strada la,year_1954 decade_1950s,Drama Drama Drama,circus,strada la year_1954 decade_1950s Drama Drama Drama circus
7235,Ichi the Killer (Koroshiya 1) (2001),Action|Comedy|Crime|Drama|Horror|Thriller,2001,ichi the killer koroshiya 1,year_2001 decade_2000s,Action Action Action Comedy Comedy Comedy Crime Crime Crime Drama Drama Drama Horror Horror Horror Thriller Thriller Thriller,,ichi the killer koroshiya 1 year_2001 decade_2000s Action Action Action Comedy Comedy Comedy Crime Crime Crime Drama Drama Drama Horror Horror Horror Thriller Thriller Thriller
7247,Chitty Chitty Bang Bang (1968),Adventure|Children|Comedy|Fantasy|Musical,1968,chitty chitty bang bang,year_1968 decade_1960s,Adventure Adventure Adventure Children Children Children Comedy Comedy Comedy Fantasy Fantasy Fantasy Musical Musical Musical,,chitty chitty bang bang year_1968 decade_1960s Adventure Adventure Adventure Children Children Children Comedy Comedy Comedy Fantasy Fantasy Fantasy Musical Musical Musical
7254,The Butterfly Effect (2004),Drama|Sci-Fi|Thriller,2004,the butterfly effect,year_2004 decade_2000s,Drama Drama Drama SciFi SciFi SciFi Thriller Thriller Thriller,time travel alternate reality sci fi,the butterfly effect year_2004 decade_2000s Drama Drama Drama SciFi SciFi SciFi Thriller Thriller Thriller time travel alternate reality sci fi
7255,Win a Date with Tad Hamilton! (2004),Comedy|Romance,2004,win a date with tad hamilton,year_2004 decade_2000s,Comedy Comedy Comedy Romance Romance Romance,,win a date with tad hamilton year_2004 decade_2000s Comedy Comedy Comedy Romance Romance Romance
7256,Touching the Void (2003),Adventure|Documentary,2003,touching the void,year_2003 decade_2000s,Adventure Adventure Adventure Documentary Documentary Documentary,,touching the void year_2003 decade_2000s Adventure Adventure Adventure Documentary Documentary Documentary
7263,Miracle (2004),Drama,2004,miracle,year_2004 decade_2000s,Drama Drama Drama,,miracle year_2004 decade_2000s Drama Drama Drama
7265,"Dreamers, The (2003)",Drama,2003,dreamers the,year_2003 decade_2000s,Drama Drama Drama,,dreamers the year_2003 decade_2000s Drama Drama Drama
7285,Thirteen (2003),Drama,2003,thirteen,year_2003 decade_2000s,Drama Drama Drama,adolescence,thirteen year_2003 decade_2000s Drama Drama Drama adolescence
7293,50 First Dates (2004),Comedy|Romance,2004,50 first dates,year_2004 decade_2000s,Comedy Comedy Comedy Romance Romance Romance,,50 first dates year_2004 decade_2000s Comedy Comedy Comedy Romance Romance Romance
7317,EuroTrip (2004),Adventure|Comedy,2004,eurotrip,year_2004 decade_2000s,Adventure Adventure Adventure Comedy Comedy Comedy,,eurotrip year_2004 decade_2000s Adventure Adventure Adventure Comedy Comedy Comedy
7318,"Passion of the Christ, The (2004)",Drama,2004,passion of the christ the,year_2004 decade_2000s,Drama Drama Drama,religion,passion of the christ the year_2004 decade_2000s Drama Drama Drama religion
7319,Club Dread (2004),Comedy|Horror,2004,club dread,year_2004 decade_2000s,Comedy Comedy Comedy Horror Horror Horror,,club dread year_2004 decade_2000s Comedy Comedy Comedy Horror Horror Horror
7320,Dirty Dancing: Havana Nights (2004),Romance,2004,dirty dancing havana nights,year_2004 decade_2000s,Romance Romance Romance,,dirty dancing havana nights year_2004 decade_2000s Romance Romance Romance
7323,"Good bye, Lenin! (2003)",Comedy|Drama,2003,good bye lenin,year_2003 decade_2000s,Comedy Comedy Comedy Drama Drama Drama,cold war,good bye lenin year_2003 decade_2000s Comedy Comedy Comedy Drama Drama Drama cold war
7324,Hidalgo (2004),Adventure|Drama,2004,hidalgo,year_2004 decade_2000s,Adventure Adventure Adventure Drama Drama Drama,,hidalgo year_2004 decade_2000s Adventure Adventure Adventure Drama Drama Drama
7325,Starsky & Hutch (2004),Action|Comedy|Crime|Thriller,2004,starsky hutch,year_2004 decade_2000s,Action Action Action Comedy Comedy Comedy Crime Crime Crime Thriller Thriller Thriller,,starsky hutch year_2004 decade_2000s Action Action Action Comedy Comedy Comedy Crime Crime Crime Thriller Thriller Thriller
7327,Persona (1966),Drama,1966,persona,year_1966 decade_1960s,Drama Drama Drama,,persona year_1966 decade_1960s Drama Drama Drama
7346,"Girl Next Door, The (2004)",Comedy|Romance,2004,girl next door the,year_2004 decade_2000s,Comedy Comedy Comedy Romance Romance Romance,,girl next door the year_2004 decade_2000s Comedy Comedy Comedy Romance Romance Romance
7347,Secret Window (2004),Mystery|Thriller,2004,secret window,year_2004 decade_2000s,Mystery Mystery Mystery Thriller Thriller Thriller,,secret window year_2004 decade_2000s Mystery Mystery Mystery Thriller Thriller Thriller
7360,Dawn of the Dead (2004),Action|Drama|Horror|Thriller,2004,dawn of the dead,year_2004 decade_2000s,Action Action Action Drama Drama Drama Horror Horror Horror Thriller Thriller Thriller,,dawn of the dead year_2004 decade_2000s Action Action Action Drama Drama Drama Horror Horror Horror Thriller Thriller Thriller
7361,Eternal Sunshine of the Spotless Mind (2004),Drama|Romance|Sci-Fi,2004,eternal sunshine of the spotless mind,year_2004 decade_2000s,Drama Drama Drama Romance Romance Romance SciFi SciFi SciFi,memory cult film jim carrey surreal thought provoking alternate reality emotional beautiful philosophy bittersweet dreamlike quirky melancholy romantic comedy atmospheric intelligent artistic feel good,eternal sunshine of the spotless mind year_2004 decade_2000s Drama Drama Drama Romance Romance Romance SciFi SciFi SciFi memory cult film jim carrey surreal thought provoking alternate reality emotional beautiful philosophy bittersweet dreamlike quirky melancholy romantic comedy atmospheric intelligent artistic feel good
7366,Jersey Girl (2004),Comedy|Drama|Romance,2004,jersey girl,year_2004 decade_2000s,Comedy Comedy Comedy Drama Drama Drama Romance Romance Romance,,jersey girl year_2004 decade_2000s Comedy Comedy Comedy Drama Drama Drama Romance Romance Romance
7367,"Ladykillers, The (2004)",Comedy|Crime,2004,ladykillers the,year_2004 decade_2000s,Comedy Comedy Comedy Crime Crime Crime,,ladykillers the year_2004 decade_2000s Comedy Comedy Comedy Crime Crime Crime
7371,Dogville (2003),Drama|Mystery|Thriller,2003,dogville,year_2003 decade_2000s,Drama Drama Drama Mystery Mystery Mystery Thriller Thriller Thriller,,dogville year_2003 decade_2000s Drama Drama Drama Mystery Mystery Mystery Thriller Thriller Thriller
7373,Hellboy (2004),Action|Adventure|Fantasy|Horror,2004,hellboy,year_2004 decade_2000s,Action Action Action Adventure Adventure Adventure Fantasy Fantasy Fantasy Horror Horror Horror,,hellboy year_2004 decade_2000s Action Action Action Adventure Adventure Adventure Fantasy Fantasy Fantasy Horror Horror Horror
7375,"Prince & Me, The (2004)",Comedy|Romance,2004,prince me the,year_2004 decade_2000s,Comedy Comedy Comedy Romance Romance Romance,,prince me the year_2004 decade_2000s Comedy Comedy Comedy Romance Romance Romance
7376,Walking Tall (2004),Action,2004,walking tall,year_2004 decade_2000s,Action Action Action,,walking tall year_2004 decade_2000s Action Action Action
7379,The Alamo (2004),Drama|War|Western,2004,the alamo,year_2004 decade_2000s,Drama Drama Drama War War War Western Western Western,,the alamo year_2004 decade_2000s Drama Drama Drama War War War Western Western Western
7380,Ella Enchanted (2004),Comedy|Fantasy|Romance,2004,ella enchanted,year_2004 decade_2000s,Comedy Comedy Comedy Fantasy Fantasy Fantasy Romance Romance Romance,,ella enchanted year_2004 decade_2000s Comedy Comedy Comedy Fantasy Fantasy Fantasy Romance Romance Romance
7381,"Whole Ten Yards, The (2004)",Action|Comedy|Crime,2004,whole ten yards the,year_2004 decade_2000s,Action Action Action Comedy Comedy Comedy Crime Crime Crime,,whole ten yards the year_2004 decade_2000s Action Action Action Comedy Comedy Comedy Crime Crime Crime
7387,Dawn of the Dead (1978),Action|Drama|Horror,1978,dawn of the dead,year_1978 decade_1970s,Action Action Action Drama Drama Drama Horror Horror Horror,,dawn of the dead year_1978 decade_1970s Action Action Action Drama Drama Drama Horror Horror Horror
7396,Scenes From a Marriage (Scener ur ett äktenskap) (1973),Drama,1973,scenes from a marriage scener ur ett ktenskap,year_1973 decade_1970s,Drama Drama Drama,,scenes from a marriage scener ur ett ktenskap year_1973 decade_1970s Drama Drama Drama
7419,After Hours (1985),Comedy|Thriller,1985,after hours,year_1985 decade_1980s,Comedy Comedy Comedy Thriller Thriller Thriller,,after hours year_1985 decade_1980s Comedy Comedy Comedy Thriller Thriller Thriller
7438,Kill Bill: Vol. 2 (2004),Action|Drama|Thriller,2004,kill bill vol 2,year_2004 decade_2000s,Action Action Action Drama Drama Drama Thriller Thriller Thriller,revenge,kill bill vol 2 year_2004 decade_2000s Action Action Action Drama Drama Drama Thriller Thriller Thriller revenge
7439,"Punisher, The (2004)",Action|Crime|Thriller,2004,punisher the,year_2004 decade_2000s,Action Action Action Crime Crime Crime Thriller Thriller Thriller,comic book,punisher the year_2004 decade_2000s Action Action Action Crime Crime Crime Thriller Thriller Thriller comic book
7444,13 Going on 30 (2004),Comedy|Fantasy|Romance,2004,13 going on 30,year_2004 decade_2000s,Comedy Comedy Comedy Fantasy Fantasy Fantasy Romance Romance Romance,,13 going on 30 year_2004 decade_2000s Comedy Comedy Comedy Fantasy Fantasy Fantasy Romance Romance Romance
7445,Man on Fire (2004),Action|Crime|Drama|Mystery|Thriller,2004,man on fire,year_2004 decade_2000s,Action Action Action Crime Crime Crime Drama Drama Drama Mystery Mystery Mystery Thriller Thriller Thriller,,man on fire year_2004 decade_2000s Action Action Action Crime Crime Crime Drama Drama Drama Mystery Mystery Mystery Thriller Thriller Thriller
7451,Mean Girls (2004),Comedy,2004,mean girls,year_2004 decade_2000s,Comedy Comedy Comedy,high school clever,mean girls year_2004 decade_2000s Comedy Comedy Comedy high school clever
7454,Van Helsing (2004),Action|Adventure|Fantasy|Horror,2004,van helsing,year_2004 decade_2000s,Action Action Action Adventure Adventure Adventure Fantasy Fantasy Fantasy Horror Horror Horror,,van helsing year_2004 decade_2000s Action Action Action Adventure Adventure Adventure Fantasy Fantasy Fantasy Horror Horror Horror
7458,Troy (2004),Action|Adventure|Drama|War,2004,troy,year_2004 decade_2000s,Action Action Action Adventure Adventure Adventure Drama Drama Drama War War War,,troy year_2004 decade_2000s Action Action Action Adventure Adventure Adventure Drama Drama Drama War War War
7460,Coffee and Cigarettes (2003),Comedy|Drama,2003,coffee and cigarettes,year_2003 decade_2000s,Comedy Comedy Comedy Drama Drama Drama,,coffee and cigarettes year_2003 decade_2000s Comedy Comedy Comedy Drama Drama Drama
7482,Enter the Dragon (1973),Action|Crime,1973,enter the dragon,year_1973 decade_1970s,Action Action Action Crime Crime Crime,,enter the dragon year_1973 decade_1970s Action Action Action Crime Crime Crime
7569,You Only Live Twice (1967),Action|Adventure|Sci-Fi|Thriller,1967,you only live twice,year_1967 decade_1960s,Action Action Action Adventure Adventure Adventure SciFi SciFi SciFi Thriller Thriller Thriller,,you only live twice year_1967 decade_1960s Action Action Action Adventure Adventure Adventure SciFi SciFi SciFi Thriller Thriller Thriller
7570,Octopussy (1983),Action|Adventure|Thriller,1983,octopussy,year_1983 decade_1980s,Action Action Action Adventure Adventure Adventure Thriller Thriller Thriller,,octopussy year_1983 decade_1980s Action Action Action Adventure Adventure Adventure Thriller Thriller Thriller
7573,Never Say Never Again (1983),Action|Adventure|Thriller,1983,never say never again,year_1983 decade_1980s,Action Action Action Adventure Adventure Adventure Thriller Thriller Thriller,,never say never again year_1983 decade_1980s Action Action Action Adventure Adventure Adventure Thriller Thriller Thriller
7624,School Ties (1992),Drama,1992,school ties,year_1992 decade_1990s,Drama Drama Drama,,school ties year_1992 decade_1990s Drama Drama Drama
7649,Babylon 5: In the Beginning (1998),Adventure|Sci-Fi,1998,babylon 5 in the beginning,year_1998 decade_1990s,Adventure Adventure Adventure SciFi SciFi SciFi,,babylon 5 in the beginning year_1998 decade_1990s Adventure Adventure Adventure SciFi SciFi SciFi
7669,Pride and Prejudice (1995),Drama|Romance,1995,pride and prejudice,year_1995 decade_1990s,Drama Drama Drama Romance Romance Romance,,pride and prejudice year_1995 decade_1990s Drama Drama Drama Romance Romance Romance
7698,"China Syndrome, The (1979)",Drama|Thriller,1979,china syndrome the,year_1979 decade_1970s,Drama Drama Drama Thriller Thriller Thriller,,china syndrome the year_1979 decade_1970s Drama Drama Drama Thriller Thriller Thriller
7700,"Wages of Fear, The (Salaire de la peur, Le) (1953)",Action|Adventure|Drama|Thriller,1953,wages of fear the salaire de la peur le,year_1953 decade_1950s,Action Action Action Adventure Adventure Adventure Drama Drama Drama Thriller Thriller Thriller,,wages of fear the salaire de la peur le year_1953 decade_1950s Action Action Action Adventure Adventure Adventure Drama Drama Drama Thriller Thriller Thriller
7701,Look Who's Talking Too (1990),Comedy|Romance,1990,look who s talking too,year_1990 decade_1990s,Comedy Comedy Comedy Romance Romance Romance,,look who s talking too year_1990 decade_1990s Comedy Comedy Comedy Romance Romance Romance
7757,Jason and the Argonauts (1963),Action|Adventure|Fantasy,1963,jason and the argonauts,year_1963 decade_1960s,Action Action Action Adventure Adventure Adventure Fantasy Fantasy Fantasy,,jason and the argonauts year_1963 decade_1960s Action Action Action Adventure Adventure Adventure Fantasy Fantasy Fantasy
7802,"Warriors, The (1979)",Action|Adventure|Crime|Thriller,1979,warriors the,year_1979 decade_1970s,Action Action Action Adventure Adventure Adventure Crime Crime Crime Thriller Thriller Thriller,,warriors the year_1979 decade_1970s Action Action Action Adventure Adventure Adventure Crime Crime Crime Thriller Thriller Thriller
7845,Tremors II: Aftershocks (1996),Comedy|Horror|Sci-Fi,1996,tremors ii aftershocks,year_1996 decade_1990s,Comedy Comedy Comedy Horror Horror Horror SciFi SciFi SciFi,,tremors ii aftershocks year_1996 decade_1990s Comedy Comedy Comedy Horror Horror Horror SciFi SciFi SciFi
7934,Zelig (1983),Comedy,1983,zelig,year_1983 decade_1980s,Comedy Comedy Comedy,psychology,zelig year_1983 decade_1980s Comedy Comedy Comedy psychology
7980,"Bridge Too Far, A (1977)",Action|Drama|War,1977,bridge too far a,year_1977 decade_1970s,Action Action Action Drama Drama Drama War War War,,bridge too far a year_1977 decade_1970s Action Action Action Drama Drama Drama War War War
7981,Infernal Affairs (Mou gaan dou) (2002),Crime|Drama|Thriller,2002,infernal affairs mou gaan dou,year_2002 decade_2000s,Crime Crime Crime Drama Drama Drama Thriller Thriller Thriller,police,infernal affairs mou gaan dou year_2002 decade_2000s Crime Crime Crime Drama Drama Drama Thriller Thriller Thriller police
7983,Broadway Danny Rose (1984),Comedy,1984,broadway danny rose,year_1984 decade_1980s,Comedy Comedy Comedy,,broadway danny rose year_1984 decade_1980s Comedy Comedy Comedy
8014,"Spring, Summer, Fall, Winter... and Spring (Bom yeoreum gaeul gyeoul geurigo bom) (2003)",Drama,2003,spring summer fall winter and spring bom yeoreum gaeul gyeoul geurigo bom,year_2003 decade_2000s,Drama Drama Drama,,spring summer fall winter and spring bom yeoreum gaeul gyeoul geurigo bom year_2003 decade_2000s Drama Drama Drama
8042,Mean Streets (1973),Crime|Drama,1973,mean streets,year_1973 decade_1970s,Crime Crime Crime Drama Drama Drama,,mean streets year_1973 decade_1970s Crime Crime Crime Drama Drama Drama
8128,Au revoir les enfants (1987),Drama,1987,au revoir les enfants,year_1987 decade_1980s,Drama Drama Drama,,au revoir les enfants year_1987 decade_1980s Drama Drama Drama
8132,Gladiator (1992),Action|Drama,1992,gladiator,year_1992 decade_1990s,Action Action Action Drama Drama Drama,,gladiator year_1992 decade_1990s Action Action Action Drama Drama Drama
8154,"Dolce Vita, La (1960)",Drama,1960,dolce vita la,year_1960 decade_1960s,Drama Drama Drama,,dolce vita la year_1960 decade_1960s Drama Drama Drama
8157,Jin Roh: The Wolf Brigade (Jin-Rô) (1998),Animation|Fantasy|Thriller,1998,jin roh the wolf brigade jin r,year_1998 decade_1990s,Animation Animation Animation Fantasy Fantasy Fantasy Thriller Thriller Thriller,,jin roh the wolf brigade jin r year_1998 decade_1990s Animation Animation Animation Fantasy Fantasy Fantasy Thriller Thriller Thriller
8169,*batteries not included (1987),Children|Comedy|Fantasy|Sci-Fi,1987,batteries not included,year_1987 decade_1980s,Children Children Children Comedy Comedy Comedy Fantasy Fantasy Fantasy SciFi SciFi SciFi,,batteries not included year_1987 decade_1980s Children Children Children Comedy Comedy Comedy Fantasy Fantasy Fantasy SciFi SciFi SciFi
8207,"Day of the Jackal, The (1973)",Crime|Thriller,1973,day of the jackal the,year_1973 decade_1970s,Crime Crime Crime Thriller Thriller Thriller,assassination,day of the jackal the year_1973 decade_1970s Crime Crime Crime Thriller Thriller Thriller assassination
8228,"Maltese Falcon, The (a.k.a. Dangerous Female) (1931)",Mystery,1931,maltese falcon the a k a dangerous female,year_1931 decade_1930s,Mystery Mystery Mystery,heist,maltese falcon the a k a dangerous female year_1931 decade_1930s Mystery Mystery Mystery heist
8253,Lupin III: The Castle Of Cagliostro (Rupan sansei: Kariosutoro no shiro) (1979),Action|Adventure|Animation|Comedy|Crime|Mystery,1979,lupin iii the castle of cagliostro rupan sansei kariosutoro no shiro,year_1979 decade_1970s,Action Action Action Adventure Adventure Adventure Animation Animation Animation Comedy Comedy Comedy Crime Crime Crime Mystery Mystery Mystery,,lupin iii the castle of cagliostro rupan sansei kariosutoro no shiro year_1979 decade_1970s Action Action Action Adventure Adventure Adventure Animation Animation Animation Comedy Comedy Comedy Crime Crime Crime Mystery Mystery Mystery
8254,Arizona Dream (1993),Comedy|Drama|Fantasy|Romance,1993,arizona dream,year_1993 decade_1990s,Comedy Comedy Comedy Drama Drama Drama Fantasy Fantasy Fantasy Romance Romance Romance,,arizona dream year_1993 decade_1990s Comedy Comedy Comedy Drama Drama Drama Fantasy Fantasy Fantasy Romance Romance Romance
8266,Purple Rain (1984),Drama|Musical,1984,purple rain,year_1984 decade_1980s,Drama Drama Drama Musical Musical Musical,,purple rain year_1984 decade_1980s Drama Drama Drama Musical Musical Musical
8340,Escape from Alcatraz (1979),Drama|Thriller,1979,escape from alcatraz,year_1979 decade_1970s,Drama Drama Drama Thriller Thriller Thriller,,escape from alcatraz year_1979 decade_1970s Drama Drama Drama Thriller Thriller Thriller
8360,Shrek 2 (2004),Adventure|Animation|Children|Comedy|Musical|Romance,2004,shrek 2,year_2004 decade_2000s,Adventure Adventure Adventure Animation Animation Animation Children Children Children Comedy Comedy Comedy Musical Musical Musical Romance Romance Romance,,shrek 2 year_2004 decade_2000s Adventure Adventure Adventure Animation Animation Animation Children Children Children Comedy Comedy Comedy Musical Musical Musical Romance Romance Romance
8361,"Day After Tomorrow, The (2004)",Action|Adventure|Drama|Sci-Fi|Thriller,2004,day after tomorrow the,year_2004 decade_2000s,Action Action Action Adventure Adventure Adventure Drama Drama Drama SciFi SciFi SciFi Thriller Thriller Thriller,,day after tomorrow the year_2004 decade_2000s Action Action Action Adventure Adventure Adventure Drama Drama Drama SciFi SciFi SciFi Thriller Thriller Thriller
8366,Saved! (2004),Comedy|Drama,2004,saved,year_2004 decade_2000s,Comedy Comedy Comedy Drama Drama Drama,pregnancy religion,saved year_2004 decade_2000s Comedy Comedy Comedy Drama Drama Drama pregnancy religion
8368,Harry Potter and the Prisoner of Azkaban (2004),Adventure|Fantasy,2004,harry potter and the prisoner of azkaban,year_2004 decade_2000s,Adventure Adventure Adventure Fantasy Fantasy Fantasy,magic wizards,harry potter and the prisoner of azkaban year_2004 decade_2000s Adventure Adventure Adventure Fantasy Fantasy Fantasy magic wizards
8370,"Blind Swordsman: Zatoichi, The (Zatôichi) (2003)",Action|Comedy|Crime|Drama,2003,blind swordsman zatoichi the zat ichi,year_2003 decade_2000s,Action Action Action Comedy Comedy Comedy Crime Crime Crime Drama Drama Drama,,blind swordsman zatoichi the zat ichi year_2003 decade_2000s Action Action Action Comedy Comedy Comedy Crime Crime Crime Drama Drama Drama
8371,"Chronicles of Riddick, The (2004)",Action|Sci-Fi|Thriller,2004,chronicles of riddick the,year_2004 decade_2000s,Action Action Action SciFi SciFi SciFi Thriller Thriller Thriller,,chronicles of riddick the year_2004 decade_2000s Action Action Action SciFi SciFi SciFi Thriller Thriller Thriller
8372,Garfield: The Movie (2004),Animation|Children|Comedy,2004,garfield the movie,year_2004 decade_2000s,Animation Animation Animation Children Children Children Comedy Comedy Comedy,,garfield the movie year_2004 decade_2000s Animation Animation Animation Children Children Children Comedy Comedy Comedy
8373,"Stepford Wives, The (2004)",Comedy|Fantasy|Thriller,2004,stepford wives the,year_2004 decade_2000s,Comedy Comedy Comedy Fantasy Fantasy Fantasy Thriller Thriller Thriller,,stepford wives the year_2004 decade_2000s Comedy Comedy Comedy Fantasy Fantasy Fantasy Thriller Thriller Thriller
8376,Napoleon Dynamite (2004),Comedy,2004,napoleon dynamite,year_2004 decade_2000s,Comedy Comedy Comedy,high school,napoleon dynamite year_2004 decade_2000s Comedy Comedy Comedy high school
8387,Police Academy: Mission to Moscow (1994),Comedy|Crime,1994,police academy mission to moscow,year_1994 decade_1990s,Comedy Comedy Comedy Crime Crime Crime,,police academy mission to moscow year_1994 decade_1990s Comedy Comedy Comedy Crime Crime Crime
8464,Super Size Me (2004),Comedy|Documentary|Drama,2004,super size me,year_2004 decade_2000s,Comedy Comedy Comedy Documentary Documentary Documentary Drama Drama Drama,food,super size me year_2004 decade_2000s Comedy Comedy Comedy Documentary Documentary Documentary Drama Drama Drama food
8493,Memphis Belle (1990),Action|Drama|War,1990,memphis belle,year_1990 decade_1990s,Action Action Action Drama Drama Drama War War War,,memphis belle year_1990 decade_1990s Action Action Action Drama Drama Drama War War War
8507,Freaks (1932),Crime|Drama|Horror,1932,freaks,year_1932 decade_1930s,Crime Crime Crime Drama Drama Drama Horror Horror Horror,circus,freaks year_1932 decade_1930s Crime Crime Crime Drama Drama Drama Horror Horror Horror circus
8528,Dodgeball: A True Underdog Story (2004),Comedy,2004,dodgeball a true underdog story,year_2004 decade_2000s,Comedy Comedy Comedy,,dodgeball a true underdog story year_2004 decade_2000s Comedy Comedy Comedy
8529,"Terminal, The (2004)",Comedy|Drama|Romance,2004,terminal the,year_2004 decade_2000s,Comedy Comedy Comedy Drama Drama Drama Romance Romance Romance,,terminal the year_2004 decade_2000s Comedy Comedy Comedy Drama Drama Drama Romance Romance Romance
8531,White Chicks (2004),Action|Comedy|Crime,2004,white chicks,year_2004 decade_2000s,Action Action Action Comedy Comedy Comedy Crime Crime Crime,,white chicks year_2004 decade_2000s Action Action Action Comedy Comedy Comedy Crime Crime Crime
8533,"Notebook, The (2004)",Drama|Romance,2004,notebook the,year_2004 decade_2000s,Drama Drama Drama Romance Romance Romance,romance sad,notebook the year_2004 decade_2000s Drama Drama Drama Romance Romance Romance romance sad
8604,Taxi (1998),Action|Comedy,1998,taxi,year_1998 decade_1990s,Action Action Action Comedy Comedy Comedy,,taxi year_1998 decade_1990s Action Action Action Comedy Comedy Comedy
8607,Tokyo Godfathers (2003),Adventure|Animation|Drama,2003,tokyo godfathers,year_2003 decade_2000s,Adventure Adventure Adventure Animation Animation Animation Drama Drama Drama,,tokyo godfathers year_2003 decade_2000s Adventure Adventure Adventure Animation Animation Animation Drama Drama Drama
8614,Overboard (1987),Comedy|Romance,1987,overboard,year_1987 decade_1980s,Comedy Comedy Comedy Romance Romance Romance,,overboard year_1987 decade_1980s Comedy Comedy Comedy Romance Romance Romance
8622,Fahrenheit 9/11 (2004),Documentary,2004,fahrenheit 9 11,year_2004 decade_2000s,Documentary Documentary Documentary,politics terrorism,fahrenheit 9 11 year_2004 decade_2000s Documentary Documentary Documentary politics terrorism
8623,Roxanne (1987),Comedy|Romance,1987,roxanne,year_1987 decade_1980s,Comedy Comedy Comedy Romance Romance Romance,,roxanne year_1987 decade_1980s Comedy Comedy Comedy Romance Romance Romance
8633,"Last Starfighter, The (1984)",Action|Adventure|Comedy|Sci-Fi,1984,last starfighter the,year_1984 decade_1980s,Action Action Action Adventure Adventure Adventure Comedy Comedy Comedy SciFi SciFi SciFi,,last starfighter the year_1984 decade_1980s Action Action Action Adventure Adventure Adventure Comedy Comedy Comedy SciFi SciFi SciFi
8636,Spider-Man 2 (2004),Action|Adventure|Sci-Fi,2004,spider man 2,year_2004 decade_2000s,Action Action Action Adventure Adventure Adventure SciFi SciFi SciFi,,spider man 2 year_2004 decade_2000s Action Action Action Adventure Adventure Adventure SciFi SciFi SciFi
8638,Before Sunset (2004),Drama|Romance,2004,before sunset,year_2004 decade_2000s,Drama Drama Drama Romance Romance Romance,generation x,before sunset year_2004 decade_2000s Drama Drama Drama Romance Romance Romance generation x
8640,King Arthur (2004),Action|Adventure|Drama|War,2004,king arthur,year_2004 decade_2000s,Action Action Action Adventure Adventure Adventure Drama Drama Drama War War War,,king arthur year_2004 decade_2000s Action Action Action Adventure Adventure Adventure Drama Drama Drama War War War
8641,Anchorman: The Legend of Ron Burgundy (2004),Comedy,2004,anchorman the legend of ron burgundy,year_2004 decade_2000s,Comedy Comedy Comedy,awesome will ferrell comedy hilarious steve carell,anchorman the legend of ron burgundy year_2004 decade_2000s Comedy Comedy Comedy awesome will ferrell comedy hilarious steve carell
8643,"Cinderella Story, A (2004)",Comedy|Romance,2004,cinderella story a,year_2004 decade_2000s,Comedy Comedy Comedy Romance Romance Romance,,cinderella story a year_2004 decade_2000s Comedy Comedy Comedy Romance Romance Romance
8644,"I, Robot (2004)",Action|Adventure|Sci-Fi|Thriller,2004,i robot,year_2004 decade_2000s,Action Action Action Adventure Adventure Adventure SciFi SciFi SciFi Thriller Thriller Thriller,,i robot year_2004 decade_2000s Action Action Action Adventure Adventure Adventure SciFi SciFi SciFi Thriller Thriller Thriller
8645,"Maria Full of Grace (Maria, Llena eres de gracia) (2004)",Crime|Drama,2004,maria full of grace maria llena eres de gracia,year_2004 decade_2000s,Crime Crime Crime Drama Drama Drama,drugs immigrants,maria full of grace maria llena eres de gracia year_2004 decade_2000s Crime Crime Crime Drama Drama Drama drugs immigrants
8665,"Bourne Supremacy, The (2004)",Action|Crime|Thriller,2004,bourne supremacy the,year_2004 decade_2000s,Action Action Action Crime Crime Crime Thriller Thriller Thriller,,bourne supremacy the year_2004 decade_2000s Action Action Action Crime Crime Crime Thriller Thriller Thriller
8666,Catwoman (2004),Action|Crime|Fantasy,2004,catwoman,year_2004 decade_2000s,Action Action Action Crime Crime Crime Fantasy Fantasy Fantasy,,catwoman year_2004 decade_2000s Action Action Action Crime Crime Crime Fantasy Fantasy Fantasy
8781,"Manchurian Candidate, The (2004)",Thriller,2004,manchurian candidate the,year_2004 decade_2000s,Thriller Thriller Thriller,,manchurian candidate the year_2004 decade_2000s Thriller Thriller Thriller
8783,"Village, The (2004)",Drama|Mystery|Thriller,2004,village the,year_2004 decade_2000s,Drama Drama Drama Mystery Mystery Mystery Thriller Thriller Thriller,atmospheric m night shyamalan good soundtrack,village the year_2004 decade_2000s Drama Drama Drama Mystery Mystery Mystery Thriller Thriller Thriller atmospheric m night shyamalan good soundtrack
8784,Garden State (2004),Comedy|Drama|Romance,2004,garden state,year_2004 decade_2000s,Comedy Comedy Comedy Drama Drama Drama Romance Romance Romance,psychology,garden state year_2004 decade_2000s Comedy Comedy Comedy Drama Drama Drama Romance Romance Romance psychology
8796,"Funny Thing Happened on the Way to the Forum, A (1966)",Comedy|Musical,1966,funny thing happened on the way to the forum a,year_1966 decade_1960s,Comedy Comedy Comedy Musical Musical Musical,rome,funny thing happened on the way to the forum a year_1966 decade_1960s Comedy Comedy Comedy Musical Musical Musical rome
8798,Collateral (2004),Action|Crime|Drama|Thriller,2004,collateral,year_2004 decade_2000s,Action Action Action Crime Crime Crime Drama Drama Drama Thriller Thriller Thriller,,collateral year_2004 decade_2000s Action Action Action Crime Crime Crime Drama Drama Drama Thriller Thriller Thriller
8807,Harold and Kumar Go to White Castle (2004),Adventure|Comedy,2004,harold and kumar go to white castle,year_2004 decade_2000s,Adventure Adventure Adventure Comedy Comedy Comedy,,harold and kumar go to white castle year_2004 decade_2000s Adventure Adventure Adventure Comedy Comedy Comedy
8808,"Princess Diaries 2: Royal Engagement, The (2004)",Comedy|Romance,2004,princess diaries 2 royal engagement the,year_2004 decade_2000s,Comedy Comedy Comedy Romance Romance Romance,,princess diaries 2 royal engagement the year_2004 decade_2000s Comedy Comedy Comedy Romance Romance Romance
8810,AVP: Alien vs. Predator (2004),Action|Horror|Sci-Fi|Thriller,2004,avp alien vs predator,year_2004 decade_2000s,Action Action Action Horror Horror Horror SciFi SciFi SciFi Thriller Thriller Thriller,,avp alien vs predator year_2004 decade_2000s Action Action Action Horror Horror Horror SciFi SciFi SciFi Thriller Thriller Thriller
8814,Without a Paddle (2004),Comedy,2004,without a paddle,year_2004 decade_2000s,Comedy Comedy Comedy,,without a paddle year_2004 decade_2000s Comedy Comedy Comedy
8827,"Bill Cosby, Himself (1983)",Comedy|Documentary,1983,bill cosby himself,year_1983 decade_1980s,Comedy Comedy Comedy Documentary Documentary Documentary,,bill cosby himself year_1983 decade_1980s Comedy Comedy Comedy Documentary Documentary Documentary
8860,Cellular (2004),Action|Crime|Drama|Mystery|Thriller,2004,cellular,year_2004 decade_2000s,Action Action Action Crime Crime Crime Drama Drama Drama Mystery Mystery Mystery Thriller Thriller Thriller,,cellular year_2004 decade_2000s Action Action Action Crime Crime Crime Drama Drama Drama Mystery Mystery Mystery Thriller Thriller Thriller
8861,Resident Evil: Apocalypse (2004),Action|Horror|Sci-Fi|Thriller,2004,resident evil apocalypse,year_2004 decade_2000s,Action Action Action Horror Horror Horror SciFi SciFi SciFi Thriller Thriller Thriller,,resident evil apocalypse year_2004 decade_2000s Action Action Action Horror Horror Horror SciFi SciFi SciFi Thriller Thriller Thriller
8865,Sky Captain and the World of Tomorrow (2004),Action|Adventure|Sci-Fi,2004,sky captain and the world of tomorrow,year_2004 decade_2000s,Action Action Action Adventure Adventure Adventure SciFi SciFi SciFi,,sky captain and the world of tomorrow year_2004 decade_2000s Action Action Action Adventure Adventure Adventure SciFi SciFi SciFi
8866,Wimbledon (2004),Comedy|Romance,2004,wimbledon,year_2004 decade_2000s,Comedy Comedy Comedy Romance Romance Romance,,wimbledon year_2004 decade_2000s Comedy Comedy Comedy Romance Romance Romance
8869,First Daughter (2004),Comedy|Romance,2004,first daughter,year_2004 decade_2000s,Comedy Comedy Comedy Romance Romance Romance,,first daughter year_2004 decade_2000s Comedy Comedy Comedy Romance Romance Romance
8870,"Forgotten, The (2004)",Drama|Mystery|Sci-Fi|Thriller,2004,forgotten the,year_2004 decade_2000s,Drama Drama Drama Mystery Mystery Mystery SciFi SciFi SciFi Thriller Thriller Thriller,,forgotten the year_2004 decade_2000s Drama Drama Drama Mystery Mystery Mystery SciFi SciFi SciFi Thriller Thriller Thriller
8873,"Motorcycle Diaries, The (Diarios de motocicleta) (2004)",Adventure|Drama,2004,motorcycle diaries the diarios de motocicleta,year_2004 decade_2000s,Adventure Adventure Adventure Drama Drama Drama,,motorcycle diaries the diarios de motocicleta year_2004 decade_2000s Adventure Adventure Adventure Drama Drama Drama
8874,Shaun of the Dead (2004),Comedy|Horror,2004,shaun of the dead,year_2004 decade_2000s,Comedy Comedy Comedy Horror Horror Horror,zombies,shaun of the dead year_2004 decade_2000s Comedy Comedy Comedy Horror Horror Horror zombies
8879,Murder on the Orient Express (1974),Crime|Mystery|Thriller,1974,murder on the orient express,year_1974 decade_1970s,Crime Crime Crime Mystery Mystery Mystery Thriller Thriller Thriller,agatha christie train,murder on the orient express year_1974 decade_1970s Crime Crime Crime Mystery Mystery Mystery Thriller Thriller Thriller agatha christie train
8880,Mask (1985),Drama,1985,mask,year_1985 decade_1980s,Drama Drama Drama,disability,mask year_1985 decade_1980s Drama Drama Drama disability
8907,Shark Tale (2004),Animation|Children|Comedy,2004,shark tale,year_2004 decade_2000s,Animation Animation Animation Children Children Children Comedy Comedy Comedy,,shark tale year_2004 decade_2000s Animation Animation Animation Children Children Children Comedy Comedy Comedy
8908,Ladder 49 (2004),Action|Drama|Thriller,2004,ladder 49,year_2004 decade_2000s,Action Action Action Drama Drama Drama Thriller Thriller Thriller,,ladder 49 year_2004 decade_2000s Action Action Action Drama Drama Drama Thriller Thriller Thriller
8910,I Heart Huckabees (2004),Comedy,2004,i heart huckabees,year_2004 decade_2000s,Comedy Comedy Comedy,,i heart huckabees year_2004 decade_2000s Comedy Comedy Comedy
8914,Primer (2004),Drama|Sci-Fi,2004,primer,year_2004 decade_2000s,Drama Drama Drama SciFi SciFi SciFi,time travel,primer year_2004 decade_2000s Drama Drama Drama SciFi SciFi SciFi time travel
8917,Team America: World Police (2004),Action|Adventure|Animation|Comedy,2004,team america world police,year_2004 decade_2000s,Action Action Action Adventure Adventure Adventure Animation Animation Animation Comedy Comedy Comedy,,team america world police year_2004 decade_2000s Action Action Action Adventure Adventure Adventure Animation Animation Animation Comedy Comedy Comedy
8937,Friday Night Lights (2004),Action|Drama,2004,friday night lights,year_2004 decade_2000s,Action Action Action Drama Drama Drama,,friday night lights year_2004 decade_2000s Action Action Action Drama Drama Drama
8947,"Grudge, The (2004)",Horror|Mystery|Thriller,2004,grudge the,year_2004 decade_2000s,Horror Horror Horror Mystery Mystery Mystery Thriller Thriller Thriller,,grudge the year_2004 decade_2000s Horror Horror Horror Mystery Mystery Mystery Thriller Thriller Thriller
8949,Sideways (2004),Comedy|Drama|Romance,2004,sideways,year_2004 decade_2000s,Comedy Comedy Comedy Drama Drama Drama Romance Romance Romance,,sideways year_2004 decade_2000s Comedy Comedy Comedy Drama Drama Drama Romance Romance Romance
8950,The Machinist (2004),Drama|Mystery|Thriller,2004,the machinist,year_2004 decade_2000s,Drama Drama Drama Mystery Mystery Mystery Thriller Thriller Thriller,psychology twist ending christian bale creepy schizophrenia powerful ending,the machinist year_2004 decade_2000s Drama Drama Drama Mystery Mystery Mystery Thriller Thriller Thriller psychology twist ending christian bale creepy schizophrenia powerful ending
8957,Saw (2004),Horror|Mystery|Thriller,2004,saw,year_2004 decade_2000s,Horror Horror Horror Mystery Mystery Mystery Thriller Thriller Thriller,mindfuck great ending suspense brutal disturbing clever,saw year_2004 decade_2000s Horror Horror Horror Mystery Mystery Mystery Thriller Thriller Thriller mindfuck great ending suspense brutal disturbing clever
8958,Ray (2004),Drama,2004,ray,year_2004 decade_2000s,Drama Drama Drama,biopic,ray year_2004 decade_2000s Drama Drama Drama biopic
8961,"Incredibles, The (2004)",Action|Adventure|Animation|Children|Comedy,2004,incredibles the,year_2004 decade_2000s,Action Action Action Adventure Adventure Adventure Animation Animation Animation Children Children Children Comedy Comedy Comedy,superhero disney animation samuel l jackson,incredibles the year_2004 decade_2000s Action Action Action Adventure Adventure Adventure Animation Animation Animation Children Children Children Comedy Comedy Comedy superhero disney animation samuel l jackson
8965,"Polar Express, The (2004)",Adventure|Animation|Children|Fantasy,2004,polar express the,year_2004 decade_2000s,Adventure Adventure Adventure Animation Animation Animation Children Children Children Fantasy Fantasy Fantasy,,polar express the year_2004 decade_2000s Adventure Adventure Adventure Animation Animation Animation Children Children Children Fantasy Fantasy Fantasy
8966,Kinsey (2004),Drama,2004,kinsey,year_2004 decade_2000s,Drama Drama Drama,,kinsey year_2004 decade_2000s Drama Drama Drama
8968,After the Sunset (2004),Action|Adventure|Comedy|Crime|Thriller,2004,after the sunset,year_2004 decade_2000s,Action Action Action Adventure Adventure Adventure Comedy Comedy Comedy Crime Crime Crime Thriller Thriller Thriller,,after the sunset year_2004 decade_2000s Action Action Action Adventure Adventure Adventure Comedy Comedy Comedy Crime Crime Crime Thriller Thriller Thriller
8969,Bridget Jones: The Edge of Reason (2004),Comedy|Drama|Romance,2004,bridget jones the edge of reason,year_2004 decade_2000s,Comedy Comedy Comedy Drama Drama Drama Romance Romance Romance,,bridget jones the edge of reason year_2004 decade_2000s Comedy Comedy Comedy Drama Drama Drama Romance Romance Romance
8970,Finding Neverland (2004),Drama,2004,finding neverland,year_2004 decade_2000s,Drama Drama Drama,peter pan,finding neverland year_2004 decade_2000s Drama Drama Drama peter pan
8972,National Treasure (2004),Action|Adventure|Drama|Mystery|Thriller,2004,national treasure,year_2004 decade_2000s,Action Action Action Adventure Adventure Adventure Drama Drama Drama Mystery Mystery Mystery Thriller Thriller Thriller,,national treasure year_2004 decade_2000s Action Action Action Adventure Adventure Adventure Drama Drama Drama Mystery Mystery Mystery Thriller Thriller Thriller
8973,Bad Education (La mala educación) (2004),Drama|Thriller,2004,bad education la mala educaci n,year_2004 decade_2000s,Drama Drama Drama Thriller Thriller Thriller,,bad education la mala educaci n year_2004 decade_2000s Drama Drama Drama Thriller Thriller Thriller
8977,Alexander (2004),Action|Adventure|Drama|War,2004,alexander,year_2004 decade_2000s,Action Action Action Adventure Adventure Adventure Drama Drama Drama War War War,,alexander year_2004 decade_2000s Action Action Action Adventure Adventure Adventure Drama Drama Drama War War War
8981,Closer (2004),Drama|Romance,2004,closer,year_2004 decade_2000s,Drama Drama Drama Romance Romance Romance,,closer year_2004 decade_2000s Drama Drama Drama Romance Romance Romance
8983,House of Flying Daggers (Shi mian mai fu) (2004),Action|Drama|Romance,2004,house of flying daggers shi mian mai fu,year_2004 decade_2000s,Action Action Action Drama Drama Drama Romance Romance Romance,martial arts,house of flying daggers shi mian mai fu year_2004 decade_2000s Action Action Action Drama Drama Drama Romance Romance Romance martial arts
8984,Ocean's Twelve (2004),Action|Comedy|Crime|Thriller,2004,ocean s twelve,year_2004 decade_2000s,Action Action Action Comedy Comedy Comedy Crime Crime Crime Thriller Thriller Thriller,,ocean s twelve year_2004 decade_2000s Action Action Action Comedy Comedy Comedy Crime Crime Crime Thriller Thriller Thriller
8985,Blade: Trinity (2004),Action|Fantasy|Horror|Thriller,2004,blade trinity,year_2004 decade_2000s,Action Action Action Fantasy Fantasy Fantasy Horror Horror Horror Thriller Thriller Thriller,,blade trinity year_2004 decade_2000s Action Action Action Fantasy Fantasy Fantasy Horror Horror Horror Thriller Thriller Thriller
9010,Love Me If You Dare (Jeux d'enfants) (2003),Drama|Romance,2003,love me if you dare jeux d enfants,year_2003 decade_2000s,Drama Drama Drama Romance Romance Romance,,love me if you dare jeux d enfants year_2003 decade_2000s Drama Drama Drama Romance Romance Romance
26084,"Music Man, The (1962)",Children|Comedy|Musical|Romance,1962,music man the,year_1962 decade_1960s,Children Children Children Comedy Comedy Comedy Musical Musical Musical Romance Romance Romance,,music man the year_1962 decade_1960s Children Children Children Comedy Comedy Comedy Musical Musical Musical Romance Romance Romance
26131,"Battle of Algiers, The (La battaglia di Algeri) (1966)",Drama|War,1966,battle of algiers the la battaglia di algeri,year_1966 decade_1960s,Drama Drama Drama War War War,,battle of algiers the la battaglia di algeri year_1966 decade_1960s Drama Drama Drama War War War
26133,"Charlie Brown Christmas, A (1965)",Animation|Children|Comedy,1965,charlie brown christmas a,year_1965 decade_1960s,Animation Animation Animation Children Children Children Comedy Comedy Comedy,,charlie brown christmas a year_1965 decade_1960s Animation Animation Animation Children Children Children Comedy Comedy Comedy
26152,Batman (1966),Action|Adventure|Comedy,1966,batman,year_1966 decade_1960s,Action Action Action Adventure Adventure Adventure Comedy Comedy Comedy,,batman year_1966 decade_1960s Action Action Action Adventure Adventure Adventure Comedy Comedy Comedy
26242,Duel (1971),Action|Mystery|Thriller,1971,duel,year_1971 decade_1970s,Action Action Action Mystery Mystery Mystery Thriller Thriller Thriller,,duel year_1971 decade_1970s Action Action Action Mystery Mystery Mystery Thriller Thriller Thriller
26258,"Topo, El (1970)",Fantasy|Western,1970,topo el,year_1970 decade_1970s,Fantasy Fantasy Fantasy Western Western Western,,topo el year_1970 decade_1970s Fantasy Fantasy Fantasy Western Western Western
26614,"Bourne Identity, The (1988)",Action|Adventure|Drama|Mystery|Thriller,1988,bourne identity the,year_1988 decade_1980s,Action Action Action Adventure Adventure Adventure Drama Drama Drama Mystery Mystery Mystery Thriller Thriller Thriller,,bourne identity the year_1988 decade_1980s Action Action Action Adventure Adventure Adventure Drama Drama Drama Mystery Mystery Mystery Thriller Thriller Thriller
26662,Kiki's Delivery Service (Majo no takkyûbin) (1989),Adventure|Animation|Children|Drama|Fantasy,1989,kiki s delivery service majo no takky bin,year_1989 decade_1980s,Adventure Adventure Adventure Animation Animation Animation Children Children Children Drama Drama Drama Fantasy Fantasy Fantasy,anime,kiki s delivery service majo no takky bin year_1989 decade_1980s Adventure Adventure Adventure Animation Animation Animation Children Children Children Drama Drama Drama Fantasy Fantasy Fantasy anime
26680,Cry-Baby (1990),Comedy|Musical|Romance,1990,cry baby,year_1990 decade_1990s,Comedy Comedy Comedy Musical Musical Musical Romance Romance Romance,,cry baby year_1990 decade_1990s Comedy Comedy Comedy Musical Musical Musical Romance Romance Romance
26729,Hearts of Darkness: A Filmmakers Apocalypse (1991),Documentary,1991,hearts of darkness a filmmakers apocalypse,year_1991 decade_1990s,Documentary Documentary Documentary,,hearts of darkness a filmmakers apocalypse year_1991 decade_1990s Documentary Documentary Documentary
26776,Porco Rosso (Crimson Pig) (Kurenai no buta) (1992),Adventure|Animation|Comedy|Fantasy|Romance,1992,porco rosso crimson pig kurenai no buta,year_1992 decade_1990s,Adventure Adventure Adventure Animation Animation Animation Comedy Comedy Comedy Fantasy Fantasy Fantasy Romance Romance Romance,,porco rosso crimson pig kurenai no buta year_1992 decade_1990s Adventure Adventure Adventure Animation Animation Animation Comedy Comedy Comedy Fantasy Fantasy Fantasy Romance Romance Romance
26903,Whisper of the Heart (Mimi wo sumaseba) (1995),Animation|Drama|Romance,1995,whisper of the heart mimi wo sumaseba,year_1995 decade_1990s,Animation Animation Animation Drama Drama Drama Romance Romance Romance,,whisper of the heart mimi wo sumaseba year_1995 decade_1990s Animation Animation Animation Drama Drama Drama Romance Romance Romance
27020,Gia (1998),Drama|Romance,1998,gia,year_1998 decade_1990s,Drama Drama Drama Romance Romance Romance,drugs,gia year_1998 decade_1990s Drama Drama Drama Romance Romance Romance drugs
27156,"Neon Genesis Evangelion: The End of Evangelion (Shin seiki Evangelion Gekijô-ban: Air/Magokoro wo, kimi ni) (1997)",Action|Animation|Drama|Fantasy|Sci-Fi,1997,neon genesis evangelion the end of evangelion shin seiki evangelion gekij ban air magokoro wo kimi ni,year_1997 decade_1990s,Action Action Action Animation Animation Animation Drama Drama Drama Fantasy Fantasy Fantasy SciFi SciFi SciFi,anime psychology epic,neon genesis evangelion the end of evangelion shin seiki evangelion gekij ban air magokoro wo kimi ni year_1997 decade_1990s Action Action Action Animation Animation Animation Drama Drama Drama Fantasy Fantasy Fantasy SciFi SciFi SciFi anime psychology epic
27266,2046 (2004),Drama|Fantasy|Romance|Sci-Fi,2004,2046,year_2004 decade_2000s,Drama Drama Drama Fantasy Fantasy Fantasy Romance Romance Romance SciFi SciFi SciFi,,2046 year_2004 decade_2000s Drama Drama Drama Fantasy Fantasy Fantasy Romance Romance Romance SciFi SciFi SciFi
27317,Audition (Ôdishon) (1999),Drama|Horror|Mystery|Romance|Thriller,1999,audition dishon,year_1999 decade_1990s,Drama Drama Drama Horror Horror Horror Mystery Mystery Mystery Romance Romance Romance Thriller Thriller Thriller,,audition dishon year_1999 decade_1990s Drama Drama Drama Horror Horror Horror Mystery Mystery Mystery Romance Romance Romance Thriller Thriller Thriller
27592,Sympathy for Mr. Vengeance (Boksuneun naui geot) (2002),Crime|Drama,2002,sympathy for mr vengeance boksuneun naui geot,year_2002 decade_2000s,Crime Crime Crime Drama Drama Drama,,sympathy for mr vengeance boksuneun naui geot year_2002 decade_2000s Crime Crime Crime Drama Drama Drama
27611,Battlestar Galactica (2003),Drama|Sci-Fi|War,2003,battlestar galactica,year_2003 decade_2000s,Drama Drama Drama SciFi SciFi SciFi War War War,,battlestar galactica year_2003 decade_2000s Drama Drama Drama SciFi SciFi SciFi War War War
27660,"Animatrix, The (2003)",Action|Animation|Drama|Sci-Fi,2003,animatrix the,year_2003 decade_2000s,Action Action Action Animation Animation Animation Drama Drama Drama SciFi SciFi SciFi,cyberpunk anime animation sci fi dark,animatrix the year_2003 decade_2000s Action Action Action Animation Animation Animation Drama Drama Drama SciFi SciFi SciFi cyberpunk anime animation sci fi dark
27706,Lemony Snicket's A Series of Unfortunate Events (2004),Adventure|Children|Comedy|Fantasy,2004,lemony snicket s a series of unfortunate events,year_2004 decade_2000s,Adventure Adventure Adventure Children Children Children Comedy Comedy Comedy Fantasy Fantasy Fantasy,quirky jim carrey dark comedy stylized,lemony snicket s a series of unfortunate events year_2004 decade_2000s Adventure Adventure Adventure Children Children Children Comedy Comedy Comedy Fantasy Fantasy Fantasy quirky jim carrey dark comedy stylized
27721,"Very Long Engagement, A (Un long dimanche de fiançailles) (2004)",Drama|Mystery|Romance|War,2004,very long engagement a un long dimanche de fian ailles,year_2004 decade_2000s,Drama Drama Drama Mystery Mystery Mystery Romance Romance Romance War War War,,very long engagement a un long dimanche de fian ailles year_2004 decade_2000s Drama Drama Drama Mystery Mystery Mystery Romance Romance Romance War War War
27731,"Cat Returns, The (Neko no ongaeshi) (2002)",Adventure|Animation|Children|Fantasy,2002,cat returns the neko no ongaeshi,year_2002 decade_2000s,Adventure Adventure Adventure Animation Animation Animation Children Children Children Fantasy Fantasy Fantasy,,cat returns the neko no ongaeshi year_2002 decade_2000s Adventure Adventure Adventure Animation Animation Animation Children Children Children Fantasy Fantasy Fantasy
27741,"Twilight Samurai, The (Tasogare Seibei) (2002)",Drama|Romance,2002,twilight samurai the tasogare seibei,year_2002 decade_2000s,Drama Drama Drama Romance Romance Romance,,twilight samurai the tasogare seibei year_2002 decade_2000s Drama Drama Drama Romance Romance Romance
27772,Ju-on: The Grudge (2002),Horror,2002,ju on the grudge,year_2002 decade_2000s,Horror Horror Horror,,ju on the grudge year_2002 decade_2000s Horror Horror Horror
27773,Old Boy (2003),Mystery|Thriller,2003,old boy,year_2003 decade_2000s,Mystery Mystery Mystery Thriller Thriller Thriller,depressing hallucinatory disturbing surreal claustrophobic paranoid,old boy year_2003 decade_2000s Mystery Mystery Mystery Thriller Thriller Thriller depressing hallucinatory disturbing surreal claustrophobic paranoid
27788,"Jacket, The (2005)",Drama|Mystery|Sci-Fi|Thriller,2005,jacket the,year_2005 decade_2000s,Drama Drama Drama Mystery Mystery Mystery SciFi SciFi SciFi Thriller Thriller Thriller,,jacket the year_2005 decade_2000s Drama Drama Drama Mystery Mystery Mystery SciFi SciFi SciFi Thriller Thriller Thriller
27801,Ong-Bak: The Thai Warrior (Ong Bak) (2003),Action|Thriller,2003,ong bak the thai warrior ong bak,year_2003 decade_2000s,Action Action Action Thriller Thriller Thriller,,ong bak the thai warrior ong bak year_2003 decade_2000s Action Action Action Thriller Thriller Thriller
27803,"Sea Inside, The (Mar adentro) (2004)",Drama,2004,sea inside the mar adentro,year_2004 decade_2000s,Drama Drama Drama,,sea inside the mar adentro year_2004 decade_2000s Drama Drama Drama
27808,Spanglish (2004),Comedy|Drama|Romance,2004,spanglish,year_2004 decade_2000s,Comedy Comedy Comedy Drama Drama Drama Romance Romance Romance,adam sandler family sweet,spanglish year_2004 decade_2000s Comedy Comedy Comedy Drama Drama Drama Romance Romance Romance adam sandler family sweet
27815,"Chorus, The (Choristes, Les) (2004)",Drama,2004,chorus the choristes les,year_2004 decade_2000s,Drama Drama Drama,,chorus the choristes les year_2004 decade_2000s Drama Drama Drama
27821,"Interpreter, The (2005)",Drama|Thriller,2005,interpreter the,year_2005 decade_2000s,Drama Drama Drama Thriller Thriller Thriller,,interpreter the year_2005 decade_2000s Drama Drama Drama Thriller Thriller Thriller
27822,Open Water (2003),Drama|Thriller,2003,open water,year_2003 decade_2000s,Drama Drama Drama Thriller Thriller Thriller,,open water year_2003 decade_2000s Drama Drama Drama Thriller Thriller Thriller
27831,Layer Cake (2004),Crime|Drama|Thriller,2004,layer cake,year_2004 decade_2000s,Crime Crime Crime Drama Drama Drama Thriller Thriller Thriller,stylish tom hardy organized crime,layer cake year_2004 decade_2000s Crime Crime Crime Drama Drama Drama Thriller Thriller Thriller stylish tom hardy organized crime
27839,"Ring Two, The (2005)",Drama|Horror|Mystery|Thriller,2005,ring two the,year_2005 decade_2000s,Drama Drama Drama Horror Horror Horror Mystery Mystery Mystery Thriller Thriller Thriller,,ring two the year_2005 decade_2000s Drama Drama Drama Horror Horror Horror Mystery Mystery Mystery Thriller Thriller Thriller
27846,"Corporation, The (2003)",Documentary,2003,corporation the,year_2003 decade_2000s,Documentary Documentary Documentary,,corporation the year_2003 decade_2000s Documentary Documentary Documentary
27904,"Scanner Darkly, A (2006)",Animation|Drama|Mystery|Sci-Fi|Thriller,2006,scanner darkly a,year_2006 decade_2000s,Animation Animation Animation Drama Drama Drama Mystery Mystery Mystery SciFi SciFi SciFi Thriller Thriller Thriller,,scanner darkly a year_2006 decade_2000s Animation Animation Animation Drama Drama Drama Mystery Mystery Mystery SciFi SciFi SciFi Thriller Thriller Thriller
27912,Outfoxed: Rupert Murdoch's War on Journalism (2004),Documentary,2004,outfoxed rupert murdoch s war on journalism,year_2004 decade_2000s,Documentary Documentary Documentary,,outfoxed rupert murdoch s war on journalism year_2004 decade_2000s Documentary Documentary Documentary
30707,Million Dollar Baby (2004),Drama,2004,million dollar baby,year_2004 decade_2000s,Drama Drama Drama,boxing,million dollar baby year_2004 decade_2000s Drama Drama Drama boxing
30749,Hotel Rwanda (2004),Drama|War,2004,hotel rwanda,year_2004 decade_2000s,Drama Drama Drama War War War,,hotel rwanda year_2004 decade_2000s Drama Drama Drama War War War
30793,Charlie and the Chocolate Factory (2005),Adventure|Children|Comedy|Fantasy,2005,charlie and the chocolate factory,year_2005 decade_2000s,Adventure Adventure Adventure Children Children Children Comedy Comedy Comedy Fantasy Fantasy Fantasy,,charlie and the chocolate factory year_2005 decade_2000s Adventure Adventure Adventure Children Children Children Comedy Comedy Comedy Fantasy Fantasy Fantasy
30810,"Life Aquatic with Steve Zissou, The (2004)",Adventure|Comedy|Fantasy,2004,life aquatic with steve zissou the,year_2004 decade_2000s,Adventure Adventure Adventure Comedy Comedy Comedy Fantasy Fantasy Fantasy,quirky whimsical visually appealing off beat comedy heartwarming,life aquatic with steve zissou the year_2004 decade_2000s Adventure Adventure Adventure Comedy Comedy Comedy Fantasy Fantasy Fantasy quirky whimsical visually appealing off beat comedy heartwarming
30812,"Aviator, The (2004)",Drama,2004,aviator the,year_2004 decade_2000s,Drama Drama Drama,movie business biopic,aviator the year_2004 decade_2000s Drama Drama Drama movie business biopic
30816,"Phantom of the Opera, The (2004)",Drama|Musical|Romance,2004,phantom of the opera the,year_2004 decade_2000s,Drama Drama Drama Musical Musical Musical Romance Romance Romance,,phantom of the opera the year_2004 decade_2000s Drama Drama Drama Musical Musical Musical Romance Romance Romance
30822,In Good Company (2004),Comedy|Drama,2004,in good company,year_2004 decade_2000s,Comedy Comedy Comedy Drama Drama Drama,,in good company year_2004 decade_2000s Comedy Comedy Comedy Drama Drama Drama
30825,Meet the Fockers (2004),Comedy,2004,meet the fockers,year_2004 decade_2000s,Comedy Comedy Comedy,robert de niro ben stiller,meet the fockers year_2004 decade_2000s Comedy Comedy Comedy robert de niro ben stiller
30894,White Noise (2005),Drama|Horror|Mystery|Sci-Fi|Thriller,2005,white noise,year_2005 decade_2000s,Drama Drama Drama Horror Horror Horror Mystery Mystery Mystery SciFi SciFi SciFi Thriller Thriller Thriller,,white noise year_2005 decade_2000s Drama Drama Drama Horror Horror Horror Mystery Mystery Mystery SciFi SciFi SciFi Thriller Thriller Thriller
31221,Elektra (2005),Action|Adventure|Crime|Drama,2005,elektra,year_2005 decade_2000s,Action Action Action Adventure Adventure Adventure Crime Crime Crime Drama Drama Drama,,elektra year_2005 decade_2000s Action Action Action Adventure Adventure Adventure Crime Crime Crime Drama Drama Drama
31225,Coach Carter (2005),Drama,2005,coach carter,year_2005 decade_2000s,Drama Drama Drama,,coach carter year_2005 decade_2000s Drama Drama Drama
31364,Memories of Murder (Salinui chueok) (2003),Crime|Drama|Mystery|Thriller,2003,memories of murder salinui chueok,year_2003 decade_2000s,Crime Crime Crime Drama Drama Drama Mystery Mystery Mystery Thriller Thriller Thriller,,memories of murder salinui chueok year_2003 decade_2000s Crime Crime Crime Drama Drama Drama Mystery Mystery Mystery Thriller Thriller Thriller
31410,"Downfall (Untergang, Der) (2004)",Drama|War,2004,downfall untergang der,year_2004 decade_2000s,Drama Drama Drama War War War,,downfall untergang der year_2004 decade_2000s Drama Drama Drama War War War
31420,Assault on Precinct 13 (2005),Action|Crime|Drama|Thriller,2005,assault on precinct 13,year_2005 decade_2000s,Action Action Action Crime Crime Crime Drama Drama Drama Thriller Thriller Thriller,,assault on precinct 13 year_2005 decade_2000s Action Action Action Crime Crime Crime Drama Drama Drama Thriller Thriller Thriller
31427,Hide and Seek (2005),Horror|Mystery|Thriller,2005,hide and seek,year_2005 decade_2000s,Horror Horror Horror Mystery Mystery Mystery Thriller Thriller Thriller,,hide and seek year_2005 decade_2000s Horror Horror Horror Mystery Mystery Mystery Thriller Thriller Thriller
31433,"Wedding Date, The (2005)",Comedy|Romance,2005,wedding date the,year_2005 decade_2000s,Comedy Comedy Comedy Romance Romance Romance,,wedding date the year_2005 decade_2000s Comedy Comedy Comedy Romance Romance Romance
31658,Howl's Moving Castle (Hauru no ugoku shiro) (2004),Adventure|Animation|Fantasy|Romance,2004,howl s moving castle hauru no ugoku shiro,year_2004 decade_2000s,Adventure Adventure Adventure Animation Animation Animation Fantasy Fantasy Fantasy Romance Romance Romance,06 oscar nominated best movie animation anime studio ghibli fantasy world,howl s moving castle hauru no ugoku shiro year_2004 decade_2000s Adventure Adventure Adventure Animation Animation Animation Fantasy Fantasy Fantasy Romance Romance Romance 06 oscar nominated best movie animation anime studio ghibli fantasy world
31685,Hitch (2005),Comedy|Romance,2005,hitch,year_2005 decade_2000s,Comedy Comedy Comedy Romance Romance Romance,,hitch year_2005 decade_2000s Comedy Comedy Comedy Romance Romance Romance
31696,Constantine (2005),Action|Fantasy|Horror|Thriller,2005,constantine,year_2005 decade_2000s,Action Action Action Fantasy Fantasy Fantasy Horror Horror Horror Thriller Thriller Thriller,,constantine year_2005 decade_2000s Action Action Action Fantasy Fantasy Fantasy Horror Horror Horror Thriller Thriller Thriller
31878,Kung Fu Hustle (Gong fu) (2004),Action|Comedy,2004,kung fu hustle gong fu,year_2004 decade_2000s,Action Action Action Comedy Comedy Comedy,,kung fu hustle gong fu year_2004 decade_2000s Action Action Action Comedy Comedy Comedy
32011,Cursed (2005),Horror|Thriller,2005,cursed,year_2005 decade_2000s,Horror Horror Horror Thriller Thriller Thriller,,cursed year_2005 decade_2000s Horror Horror Horror Thriller Thriller Thriller
32017,"Pacifier, The (2005)",Action|Comedy,2005,pacifier the,year_2005 decade_2000s,Action Action Action Comedy Comedy Comedy,,pacifier the year_2005 decade_2000s Action Action Action Comedy Comedy Comedy
32019,Be Cool (2005),Comedy|Crime|Musical,2005,be cool,year_2005 decade_2000s,Comedy Comedy Comedy Crime Crime Crime Musical Musical Musical,,be cool year_2005 decade_2000s Comedy Comedy Comedy Crime Crime Crime Musical Musical Musical
32029,Hostage (2005),Action|Crime|Drama|Thriller,2005,hostage,year_2005 decade_2000s,Action Action Action Crime Crime Crime Drama Drama Drama Thriller Thriller Thriller,,hostage year_2005 decade_2000s Action Action Action Crime Crime Crime Drama Drama Drama Thriller Thriller Thriller
32031,Robots (2005),Adventure|Animation|Children|Comedy|Fantasy|Sci-Fi,2005,robots,year_2005 decade_2000s,Adventure Adventure Adventure Animation Animation Animation Children Children Children Comedy Comedy Comedy Fantasy Fantasy Fantasy SciFi SciFi SciFi,,robots year_2005 decade_2000s Adventure Adventure Adventure Animation Animation Animation Children Children Children Comedy Comedy Comedy Fantasy Fantasy Fantasy SciFi SciFi SciFi
32291,Melinda and Melinda (2004),Comedy|Drama,2004,melinda and melinda,year_2004 decade_2000s,Comedy Comedy Comedy Drama Drama Drama,,melinda and melinda year_2004 decade_2000s Comedy Comedy Comedy Drama Drama Drama
32296,Miss Congeniality 2: Armed and Fabulous (2005),Adventure|Comedy|Crime,2005,miss congeniality 2 armed and fabulous,year_2005 decade_2000s,Adventure Adventure Adventure Comedy Comedy Comedy Crime Crime Crime,,miss congeniality 2 armed and fabulous year_2005 decade_2000s Adventure Adventure Adventure Comedy Comedy Comedy Crime Crime Crime
32587,Sin City (2005),Action|Crime|Film-Noir|Mystery|Thriller,2005,sin city,year_2005 decade_2000s,Action Action Action Crime Crime Crime FilmNoir FilmNoir FilmNoir Mystery Mystery Mystery Thriller Thriller Thriller,cult,sin city year_2005 decade_2000s Action Action Action Crime Crime Crime FilmNoir FilmNoir FilmNoir Mystery Mystery Mystery Thriller Thriller Thriller cult
32596,Sahara (2005),Action|Adventure|Comedy,2005,sahara,year_2005 decade_2000s,Action Action Action Adventure Adventure Adventure Comedy Comedy Comedy,,sahara year_2005 decade_2000s Action Action Action Adventure Adventure Adventure Comedy Comedy Comedy
32598,Fever Pitch (2005),Comedy|Romance,2005,fever pitch,year_2005 decade_2000s,Comedy Comedy Comedy Romance Romance Romance,,fever pitch year_2005 decade_2000s Comedy Comedy Comedy Romance Romance Romance
32898,"Trip to the Moon, A (Voyage dans la lune, Le) (1902)",Action|Adventure|Fantasy|Sci-Fi,1902,trip to the moon a voyage dans la lune le,year_1902 decade_1900s,Action Action Action Adventure Adventure Adventure Fantasy Fantasy Fantasy SciFi SciFi SciFi,,trip to the moon a voyage dans la lune le year_1902 decade_1900s Action Action Action Adventure Adventure Adventure Fantasy Fantasy Fantasy SciFi SciFi SciFi
33004,"Hitchhiker's Guide to the Galaxy, The (2005)",Adventure|Comedy|Sci-Fi,2005,hitchhiker s guide to the galaxy the,year_2005 decade_2000s,Adventure Adventure Adventure Comedy Comedy Comedy SciFi SciFi SciFi,,hitchhiker s guide to the galaxy the year_2005 decade_2000s Adventure Adventure Adventure Comedy Comedy Comedy SciFi SciFi SciFi
33085,"Amityville Horror, The (2005)",Horror|Thriller,2005,amityville horror the,year_2005 decade_2000s,Horror Horror Horror Thriller Thriller Thriller,,amityville horror the year_2005 decade_2000s Horror Horror Horror Thriller Thriller Thriller
33145,"Lot Like Love, A (2005)",Comedy|Drama|Romance,2005,lot like love a,year_2005 decade_2000s,Comedy Comedy Comedy Drama Drama Drama Romance Romance Romance,,lot like love a year_2005 decade_2000s Comedy Comedy Comedy Drama Drama Drama Romance Romance Romance
33154,Enron: The Smartest Guys in the Room (2005),Documentary,2005,enron the smartest guys in the room,year_2005 decade_2000s,Documentary Documentary Documentary,business scandal,enron the smartest guys in the room year_2005 decade_2000s Documentary Documentary Documentary business scandal
33158,xXx: State of the Union (2005),Action|Crime|Thriller,2005,xxx state of the union,year_2005 decade_2000s,Action Action Action Crime Crime Crime Thriller Thriller Thriller,,xxx state of the union year_2005 decade_2000s Action Action Action Crime Crime Crime Thriller Thriller Thriller
33162,Kingdom of Heaven (2005),Action|Drama|Romance|War,2005,kingdom of heaven,year_2005 decade_2000s,Action Action Action Drama Drama Drama Romance Romance Romance War War War,liam neeson,kingdom of heaven year_2005 decade_2000s Action Action Action Drama Drama Drama Romance Romance Romance War War War liam neeson
33164,House of Wax (2005),Horror|Thriller,2005,house of wax,year_2005 decade_2000s,Horror Horror Horror Thriller Thriller Thriller,,house of wax year_2005 decade_2000s Horror Horror Horror Thriller Thriller Thriller
33166,Crash (2004),Crime|Drama,2004,crash,year_2004 decade_2000s,Crime Crime Crime Drama Drama Drama,racism,crash year_2004 decade_2000s Crime Crime Crime Drama Drama Drama racism
33437,Unleashed (Danny the Dog) (2005),Action|Crime|Drama|Thriller,2005,unleashed danny the dog,year_2005 decade_2000s,Action Action Action Crime Crime Crime Drama Drama Drama Thriller Thriller Thriller,,unleashed danny the dog year_2005 decade_2000s Action Action Action Crime Crime Crime Drama Drama Drama Thriller Thriller Thriller
33493,Star Wars: Episode III - Revenge of the Sith (2005),Action|Adventure|Sci-Fi,2005,star wars episode iii revenge of the sith,year_2005 decade_2000s,Action Action Action Adventure Adventure Adventure SciFi SciFi SciFi,space space opera,star wars episode iii revenge of the sith year_2005 decade_2000s Action Action Action Adventure Adventure Adventure SciFi SciFi SciFi space space opera
33495,Kicking & Screaming (2005),Comedy,2005,kicking screaming,year_2005 decade_2000s,Comedy Comedy Comedy,,kicking screaming year_2005 decade_2000s Comedy Comedy Comedy
33615,Madagascar (2005),Adventure|Animation|Children|Comedy,2005,madagascar,year_2005 decade_2000s,Adventure Adventure Adventure Animation Animation Animation Children Children Children Comedy Comedy Comedy,,madagascar year_2005 decade_2000s Adventure Adventure Adventure Animation Animation Animation Children Children Children Comedy Comedy Comedy
33646,"Longest Yard, The (2005)",Comedy|Drama,2005,longest yard the,year_2005 decade_2000s,Comedy Comedy Comedy Drama Drama Drama,,longest yard the year_2005 decade_2000s Comedy Comedy Comedy Drama Drama Drama
33660,Cinderella Man (2005),Drama|Romance,2005,cinderella man,year_2005 decade_2000s,Drama Drama Drama Romance Romance Romance,boxing,cinderella man year_2005 decade_2000s Drama Drama Drama Romance Romance Romance boxing
33669,"Sisterhood of the Traveling Pants, The (2005)",Adventure|Comedy|Drama,2005,sisterhood of the traveling pants the,year_2005 decade_2000s,Adventure Adventure Adventure Comedy Comedy Comedy Drama Drama Drama,,sisterhood of the traveling pants the year_2005 decade_2000s Adventure Adventure Adventure Comedy Comedy Comedy Drama Drama Drama
33672,Lords of Dogtown (2005),Action|Comedy|Drama,2005,lords of dogtown,year_2005 decade_2000s,Action Action Action Comedy Comedy Comedy Drama Drama Drama,,lords of dogtown year_2005 decade_2000s Action Action Action Comedy Comedy Comedy Drama Drama Drama
33679,Mr. & Mrs. Smith (2005),Action|Adventure|Comedy|Romance,2005,mr mrs smith,year_2005 decade_2000s,Action Action Action Adventure Adventure Adventure Comedy Comedy Comedy Romance Romance Romance,,mr mrs smith year_2005 decade_2000s Action Action Action Adventure Adventure Adventure Comedy Comedy Comedy Romance Romance Romance
33794,Batman Begins (2005),Action|Crime,2005,batman begins,year_2005 decade_2000s,Action Action Action Crime Crime Crime,,batman begins year_2005 decade_2000s Action Action Action Crime Crime Crime
33836,Bewitched (2005),Comedy|Fantasy|Romance,2005,bewitched,year_2005 decade_2000s,Comedy Comedy Comedy Fantasy Fantasy Fantasy Romance Romance Romance,,bewitched year_2005 decade_2000s Comedy Comedy Comedy Fantasy Fantasy Fantasy Romance Romance Romance
33903,"Edukators, The (Die Fetten Jahre sind vorbei) (2004)",Comedy|Crime|Drama|Romance,2004,edukators the die fetten jahre sind vorbei,year_2004 decade_2000s,Comedy Comedy Comedy Crime Crime Crime Drama Drama Drama Romance Romance Romance,,edukators the die fetten jahre sind vorbei year_2004 decade_2000s Comedy Comedy Comedy Crime Crime Crime Drama Drama Drama Romance Romance Romance
34048,War of the Worlds (2005),Action|Adventure|Sci-Fi|Thriller,2005,war of the worlds,year_2005 decade_2000s,Action Action Action Adventure Adventure Adventure SciFi SciFi SciFi Thriller Thriller Thriller,,war of the worlds year_2005 decade_2000s Action Action Action Adventure Adventure Adventure SciFi SciFi SciFi Thriller Thriller Thriller
34072,"March of the Penguins (Marche de l'empereur, La) (2005)",Documentary,2005,march of the penguins marche de l empereur la,year_2005 decade_2000s,Documentary Documentary Documentary,,march of the penguins marche de l empereur la year_2005 decade_2000s Documentary Documentary Documentary
34150,Fantastic Four (2005),Action|Adventure|Sci-Fi,2005,fantastic four,year_2005 decade_2000s,Action Action Action Adventure Adventure Adventure SciFi SciFi SciFi,superhero comic book jessica alba heroine in tight suit chris evans sexy female scientist,fantastic four year_2005 decade_2000s Action Action Action Adventure Adventure Adventure SciFi SciFi SciFi superhero comic book jessica alba heroine in tight suit chris evans sexy female scientist
34162,Wedding Crashers (2005),Comedy|Romance,2005,wedding crashers,year_2005 decade_2000s,Comedy Comedy Comedy Romance Romance Romance,,wedding crashers year_2005 decade_2000s Comedy Comedy Comedy Romance Romance Romance
34319,"Island, The (2005)",Action|Sci-Fi|Thriller,2005,island the,year_2005 decade_2000s,Action Action Action SciFi SciFi SciFi Thriller Thriller Thriller,,island the year_2005 decade_2000s Action Action Action SciFi SciFi SciFi Thriller Thriller Thriller
34323,"Devil's Rejects, The (2005)",Action|Crime|Horror,2005,devil s rejects the,year_2005 decade_2000s,Action Action Action Crime Crime Crime Horror Horror Horror,rob zombie,devil s rejects the year_2005 decade_2000s Action Action Action Crime Crime Crime Horror Horror Horror rob zombie
34332,Sky High (2005),Action|Adventure|Children|Comedy,2005,sky high,year_2005 decade_2000s,Action Action Action Adventure Adventure Adventure Children Children Children Comedy Comedy Comedy,,sky high year_2005 decade_2000s Action Action Action Adventure Adventure Adventure Children Children Children Comedy Comedy Comedy
34334,Stealth (2005),Action|Adventure|Sci-Fi|Thriller,2005,stealth,year_2005 decade_2000s,Action Action Action Adventure Adventure Adventure SciFi SciFi SciFi Thriller Thriller Thriller,,stealth year_2005 decade_2000s Action Action Action Adventure Adventure Adventure SciFi SciFi SciFi Thriller Thriller Thriller
34338,"Aristocrats, The (2005)",Comedy|Documentary,2005,aristocrats the,year_2005 decade_2000s,Comedy Comedy Comedy Documentary Documentary Documentary,,aristocrats the year_2005 decade_2000s Comedy Comedy Comedy Documentary Documentary Documentary
34405,Serenity (2005),Action|Adventure|Sci-Fi,2005,serenity,year_2005 decade_2000s,Action Action Action Adventure Adventure Adventure SciFi SciFi SciFi,predictable,serenity year_2005 decade_2000s Action Action Action Adventure Adventure Adventure SciFi SciFi SciFi predictable
34437,Broken Flowers (2005),Comedy|Drama,2005,broken flowers,year_2005 decade_2000s,Comedy Comedy Comedy Drama Drama Drama,,broken flowers year_2005 decade_2000s Comedy Comedy Comedy Drama Drama Drama
34520,"Dukes of Hazzard, The (2005)",Action|Adventure|Comedy,2005,dukes of hazzard the,year_2005 decade_2000s,Action Action Action Adventure Adventure Adventure Comedy Comedy Comedy,,dukes of hazzard the year_2005 decade_2000s Action Action Action Adventure Adventure Adventure Comedy Comedy Comedy
34534,Four Brothers (2005),Action|Crime|Drama,2005,four brothers,year_2005 decade_2000s,Action Action Action Crime Crime Crime Drama Drama Drama,,four brothers year_2005 decade_2000s Action Action Action Crime Crime Crime Drama Drama Drama
34542,Grizzly Man (2005),Documentary,2005,grizzly man,year_2005 decade_2000s,Documentary Documentary Documentary,animal movie,grizzly man year_2005 decade_2000s Documentary Documentary Documentary animal movie
35836,"40-Year-Old Virgin, The (2005)",Comedy|Romance,2005,40 year old virgin the,year_2005 decade_2000s,Comedy Comedy Comedy Romance Romance Romance,steve carell hilarious classic,40 year old virgin the year_2005 decade_2000s Comedy Comedy Comedy Romance Romance Romance steve carell hilarious classic
35957,Red Eye (2005),Horror|Thriller,2005,red eye,year_2005 decade_2000s,Horror Horror Horror Thriller Thriller Thriller,,red eye year_2005 decade_2000s Horror Horror Horror Thriller Thriller Thriller
36401,"Brothers Grimm, The (2005)",Comedy|Fantasy|Horror|Thriller,2005,brothers grimm the,year_2005 decade_2000s,Comedy Comedy Comedy Fantasy Fantasy Fantasy Horror Horror Horror Thriller Thriller Thriller,,brothers grimm the year_2005 decade_2000s Comedy Comedy Comedy Fantasy Fantasy Fantasy Horror Horror Horror Thriller Thriller Thriller
36517,"Constant Gardener, The (2005)",Drama|Thriller,2005,constant gardener the,year_2005 decade_2000s,Drama Drama Drama Thriller Thriller Thriller,business politics africa,constant gardener the year_2005 decade_2000s Drama Drama Drama Thriller Thriller Thriller business politics africa
36519,Transporter 2 (2005),Action|Crime|Thriller,2005,transporter 2,year_2005 decade_2000s,Action Action Action Crime Crime Crime Thriller Thriller Thriller,,transporter 2 year_2005 decade_2000s Action Action Action Crime Crime Crime Thriller Thriller Thriller
36525,Just Like Heaven (2005),Comedy|Fantasy|Romance,2005,just like heaven,year_2005 decade_2000s,Comedy Comedy Comedy Fantasy Fantasy Fantasy Romance Romance Romance,,just like heaven year_2005 decade_2000s Comedy Comedy Comedy Fantasy Fantasy Fantasy Romance Romance Romance
36527,Proof (2005),Drama,2005,proof,year_2005 decade_2000s,Drama Drama Drama,mathematics,proof year_2005 decade_2000s Drama Drama Drama mathematics
36529,Lord of War (2005),Action|Crime|Drama|Thriller|War,2005,lord of war,year_2005 decade_2000s,Action Action Action Crime Crime Crime Drama Drama Drama Thriller Thriller Thriller War War War,,lord of war year_2005 decade_2000s Action Action Action Crime Crime Crime Drama Drama Drama Thriller Thriller Thriller War War War
36535,Everything Is Illuminated (2005),Comedy|Drama,2005,everything is illuminated,year_2005 decade_2000s,Comedy Comedy Comedy Drama Drama Drama,,everything is illuminated year_2005 decade_2000s Comedy Comedy Comedy Drama Drama Drama
36708,Family Guy Presents Stewie Griffin: The Untold Story (2005),Adventure|Animation|Comedy,2005,family guy presents stewie griffin the untold story,year_2005 decade_2000s,Adventure Adventure Adventure Animation Animation Animation Comedy Comedy Comedy,,family guy presents stewie griffin the untold story year_2005 decade_2000s Adventure Adventure Adventure Animation Animation Animation Comedy Comedy Comedy
37380,Doom (2005),Action|Horror|Sci-Fi,2005,doom,year_2005 decade_2000s,Action Action Action Horror Horror Horror SciFi SciFi SciFi,,doom year_2005 decade_2000s Action Action Action Horror Horror Horror SciFi SciFi SciFi
37382,Domino (2005),Crime|Drama|Thriller,2005,domino,year_2005 decade_2000s,Crime Crime Crime Drama Drama Drama Thriller Thriller Thriller,,domino year_2005 decade_2000s Crime Crime Crime Drama Drama Drama Thriller Thriller Thriller
37384,Waiting... (2005),Comedy,2005,waiting,year_2005 decade_2000s,Comedy Comedy Comedy,,waiting year_2005 decade_2000s Comedy Comedy Comedy
37386,Aeon Flux (2005),Action|Sci-Fi,2005,aeon flux,year_2005 decade_2000s,Action Action Action SciFi SciFi SciFi,,aeon flux year_2005 decade_2000s Action Action Action SciFi SciFi SciFi
37720,"Exorcism of Emily Rose, The (2005)",Crime|Drama|Horror|Thriller,2005,exorcism of emily rose the,year_2005 decade_2000s,Crime Crime Crime Drama Drama Drama Horror Horror Horror Thriller Thriller Thriller,,exorcism of emily rose the year_2005 decade_2000s Crime Crime Crime Drama Drama Drama Horror Horror Horror Thriller Thriller Thriller
37727,Flightplan (2005),Action|Drama|Thriller,2005,flightplan,year_2005 decade_2000s,Action Action Action Drama Drama Drama Thriller Thriller Thriller,,flightplan year_2005 decade_2000s Action Action Action Drama Drama Drama Thriller Thriller Thriller
37729,Corpse Bride (2005),Animation|Comedy|Fantasy|Musical|Romance,2005,corpse bride,year_2005 decade_2000s,Animation Animation Animation Comedy Comedy Comedy Fantasy Fantasy Fantasy Musical Musical Musical Romance Romance Romance,animation 06 oscar nominated best movie animation tim burton gothic helena bonham carter visually appealing,corpse bride year_2005 decade_2000s Animation Animation Animation Comedy Comedy Comedy Fantasy Fantasy Fantasy Musical Musical Musical Romance Romance Romance animation 06 oscar nominated best movie animation tim burton gothic helena bonham carter visually appealing
37731,Green Street Hooligans (a.k.a. Hooligans) (2005),Crime|Drama,2005,green street hooligans a k a hooligans,year_2005 decade_2000s,Crime Crime Crime Drama Drama Drama,,green street hooligans a k a hooligans year_2005 decade_2000s Crime Crime Crime Drama Drama Drama
37733,"History of Violence, A (2005)",Action|Crime|Drama|Thriller,2005,history of violence a,year_2005 decade_2000s,Action Action Action Crime Crime Crime Drama Drama Drama Thriller Thriller Thriller,,history of violence a year_2005 decade_2000s Action Action Action Crime Crime Crime Drama Drama Drama Thriller Thriller Thriller
37739,"Greatest Game Ever Played, The (2005)",Drama,2005,greatest game ever played the,year_2005 decade_2000s,Drama Drama Drama,,greatest game ever played the year_2005 decade_2000s Drama Drama Drama
37741,Capote (2005),Crime|Drama,2005,capote,year_2005 decade_2000s,Crime Crime Crime Drama Drama Drama,,capote year_2005 decade_2000s Crime Crime Crime Drama Drama Drama
37830,Final Fantasy VII: Advent Children (2004),Action|Adventure|Animation|Fantasy|Sci-Fi,2004,final fantasy vii advent children,year_2004 decade_2000s,Action Action Action Adventure Adventure Adventure Animation Animation Animation Fantasy Fantasy Fantasy SciFi SciFi SciFi,,final fantasy vii advent children year_2004 decade_2000s Action Action Action Adventure Adventure Adventure Animation Animation Animation Fantasy Fantasy Fantasy SciFi SciFi SciFi
37857,MirrorMask (2005),Adventure|Children|Drama|Fantasy,2005,mirrormask,year_2005 decade_2000s,Adventure Adventure Adventure Children Children Children Drama Drama Drama Fantasy Fantasy Fantasy,,mirrormask year_2005 decade_2000s Adventure Adventure Adventure Children Children Children Drama Drama Drama Fantasy Fantasy Fantasy
38038,Wallace & Gromit in The Curse of the Were-Rabbit (2005),Adventure|Animation|Children|Comedy,2005,wallace gromit in the curse of the were rabbit,year_2005 decade_2000s,Adventure Adventure Adventure Animation Animation Animation Children Children Children Comedy Comedy Comedy,06 oscar nominated best movie animation aardman,wallace gromit in the curse of the were rabbit year_2005 decade_2000s Adventure Adventure Adventure Animation Animation Animation Children Children Children Comedy Comedy Comedy 06 oscar nominated best movie animation aardman
38061,Kiss Kiss Bang Bang (2005),Comedy|Crime|Mystery|Thriller,2005,kiss kiss bang bang,year_2005 decade_2000s,Comedy Comedy Comedy Crime Crime Crime Mystery Mystery Mystery Thriller Thriller Thriller,black comedy witty clever robert downey jr good dialogue,kiss kiss bang bang year_2005 decade_2000s Comedy Comedy Comedy Crime Crime Crime Mystery Mystery Mystery Thriller Thriller Thriller black comedy witty clever robert downey jr good dialogue
38886,"Squid and the Whale, The (2005)",Comedy|Drama,2005,squid and the whale the,year_2005 decade_2000s,Comedy Comedy Comedy Drama Drama Drama,divorce,squid and the whale the year_2005 decade_2000s Comedy Comedy Comedy Drama Drama Drama divorce
39183,Brokeback Mountain (2005),Drama|Romance,2005,brokeback mountain,year_2005 decade_2000s,Drama Drama Drama Romance Romance Romance,,brokeback mountain year_2005 decade_2000s Drama Drama Drama Romance Romance Romance
39292,"Good Night, and Good Luck. (2005)",Crime|Drama,2005,good night and good luck,year_2005 decade_2000s,Crime Crime Crime Drama Drama Drama,journalism,good night and good luck year_2005 decade_2000s Crime Crime Crime Drama Drama Drama journalism
39381,"Proposition, The (2005)",Crime|Drama|Western,2005,proposition the,year_2005 decade_2000s,Crime Crime Crime Drama Drama Drama Western Western Western,,proposition the year_2005 decade_2000s Crime Crime Crime Drama Drama Drama Western Western Western
39400,"Fog, The (2005)",Action|Horror|Mystery|Thriller,2005,fog the,year_2005 decade_2000s,Action Action Action Horror Horror Horror Mystery Mystery Mystery Thriller Thriller Thriller,,fog the year_2005 decade_2000s Action Action Action Horror Horror Horror Mystery Mystery Mystery Thriller Thriller Thriller
39414,Shopgirl (2005),Comedy|Drama|Romance,2005,shopgirl,year_2005 decade_2000s,Comedy Comedy Comedy Drama Drama Drama Romance Romance Romance,,shopgirl year_2005 decade_2000s Comedy Comedy Comedy Drama Drama Drama Romance Romance Romance
39435,"Legend of Zorro, The (2005)",Action|Adventure|Drama|Western,2005,legend of zorro the,year_2005 decade_2000s,Action Action Action Adventure Adventure Adventure Drama Drama Drama Western Western Western,,legend of zorro the year_2005 decade_2000s Action Action Action Adventure Adventure Adventure Drama Drama Drama Western Western Western
39444,"Weather Man, The (2005)",Comedy|Drama,2005,weather man the,year_2005 decade_2000s,Comedy Comedy Comedy Drama Drama Drama,,weather man the year_2005 decade_2000s Comedy Comedy Comedy Drama Drama Drama
39446,Saw II (2005),Horror|Thriller,2005,saw ii,year_2005 decade_2000s,Horror Horror Horror Thriller Thriller Thriller,,saw ii year_2005 decade_2000s Horror Horror Horror Thriller Thriller Thriller
39449,Prime (2005),Comedy|Drama|Romance,2005,prime,year_2005 decade_2000s,Comedy Comedy Comedy Drama Drama Drama Romance Romance Romance,,prime year_2005 decade_2000s Comedy Comedy Comedy Drama Drama Drama Romance Romance Romance
39715,American Pie Presents: Band Camp (American Pie 4: Band Camp) (2005),Comedy,2005,american pie presents band camp american pie 4 band camp,year_2005 decade_2000s,Comedy Comedy Comedy,,american pie presents band camp american pie 4 band camp year_2005 decade_2000s Comedy Comedy Comedy
40148,Revolver (2005),Crime|Drama|Thriller,2005,revolver,year_2005 decade_2000s,Crime Crime Crime Drama Drama Drama Thriller Thriller Thriller,,revolver year_2005 decade_2000s Crime Crime Crime Drama Drama Drama Thriller Thriller Thriller
40278,Jarhead (2005),Action|Drama|War,2005,jarhead,year_2005 decade_2000s,Action Action Action Drama Drama Drama War War War,jake gyllenhaal,jarhead year_2005 decade_2000s Action Action Action Drama Drama Drama War War War jake gyllenhaal
40339,Chicken Little (2005),Action|Adventure|Animation|Children|Comedy|Sci-Fi,2005,chicken little,year_2005 decade_2000s,Action Action Action Adventure Adventure Adventure Animation Animation Animation Children Children Children Comedy Comedy Comedy SciFi SciFi SciFi,,chicken little year_2005 decade_2000s Action Action Action Adventure Adventure Adventure Animation Animation Animation Children Children Children Comedy Comedy Comedy SciFi SciFi SciFi
40414,Joyeux Noël (Merry Christmas) (2005),Drama|War,2005,joyeux no l merry christmas,year_2005 decade_2000s,Drama Drama Drama War War War,,joyeux no l merry christmas year_2005 decade_2000s Drama Drama Drama War War War
40581,Just Friends (2005),Comedy|Romance,2005,just friends,year_2005 decade_2000s,Comedy Comedy Comedy Romance Romance Romance,,just friends year_2005 decade_2000s Comedy Comedy Comedy Romance Romance Romance
40583,Syriana (2005),Drama|Thriller,2005,syriana,year_2005 decade_2000s,Drama Drama Drama Thriller Thriller Thriller,,syriana year_2005 decade_2000s Drama Drama Drama Thriller Thriller Thriller
40629,Pride & Prejudice (2005),Drama|Romance,2005,pride prejudice,year_2005 decade_2000s,Drama Drama Drama Romance Romance Romance,,pride prejudice year_2005 decade_2000s Drama Drama Drama Romance Romance Romance
40732,"Descent, The (2005)",Adventure|Drama|Horror|Thriller,2005,descent the,year_2005 decade_2000s,Adventure Adventure Adventure Drama Drama Drama Horror Horror Horror Thriller Thriller Thriller,,descent the year_2005 decade_2000s Adventure Adventure Adventure Drama Drama Drama Horror Horror Horror Thriller Thriller Thriller
40815,Harry Potter and the Goblet of Fire (2005),Adventure|Fantasy|Thriller,2005,harry potter and the goblet of fire,year_2005 decade_2000s,Adventure Adventure Adventure Fantasy Fantasy Fantasy Thriller Thriller Thriller,magic wizards,harry potter and the goblet of fire year_2005 decade_2000s Adventure Adventure Adventure Fantasy Fantasy Fantasy Thriller Thriller Thriller magic wizards
40819,Walk the Line (2005),Drama|Musical|Romance,2005,walk the line,year_2005 decade_2000s,Drama Drama Drama Musical Musical Musical Romance Romance Romance,,walk the line year_2005 decade_2000s Drama Drama Drama Musical Musical Musical Romance Romance Romance
40826,Rent (2005),Drama|Musical|Romance,2005,rent,year_2005 decade_2000s,Drama Drama Drama Musical Musical Musical Romance Romance Romance,,rent year_2005 decade_2000s Drama Drama Drama Musical Musical Musical Romance Romance Romance
41285,Match Point (2005),Crime|Drama|Romance,2005,match point,year_2005 decade_2000s,Crime Crime Crime Drama Drama Drama Romance Romance Romance,,match point year_2005 decade_2000s Crime Crime Crime Drama Drama Drama Romance Romance Romance
41566,"Chronicles of Narnia: The Lion, the Witch and the Wardrobe, The (2005)",Adventure|Children|Fantasy,2005,chronicles of narnia the lion the witch and the wardrobe the,year_2005 decade_2000s,Adventure Adventure Adventure Children Children Children Fantasy Fantasy Fantasy,c s lewis,chronicles of narnia the lion the witch and the wardrobe the year_2005 decade_2000s Adventure Adventure Adventure Children Children Children Fantasy Fantasy Fantasy c s lewis
41569,King Kong (2005),Action|Adventure|Drama|Fantasy|Thriller,2005,king kong,year_2005 decade_2000s,Action Action Action Adventure Adventure Adventure Drama Drama Drama Fantasy Fantasy Fantasy Thriller Thriller Thriller,big budget,king kong year_2005 decade_2000s Action Action Action Adventure Adventure Adventure Drama Drama Drama Fantasy Fantasy Fantasy Thriller Thriller Thriller big budget
41571,Memoirs of a Geisha (2005),Drama|Romance,2005,memoirs of a geisha,year_2005 decade_2000s,Drama Drama Drama Romance Romance Romance,,memoirs of a geisha year_2005 decade_2000s Drama Drama Drama Romance Romance Romance
41573,"Family Stone, The (2005)",Comedy|Drama|Romance,2005,family stone the,year_2005 decade_2000s,Comedy Comedy Comedy Drama Drama Drama Romance Romance Romance,,family stone the year_2005 decade_2000s Comedy Comedy Comedy Drama Drama Drama Romance Romance Romance
41716,"Matador, The (2005)",Comedy|Drama|Thriller,2005,matador the,year_2005 decade_2000s,Comedy Comedy Comedy Drama Drama Drama Thriller Thriller Thriller,,matador the year_2005 decade_2000s Comedy Comedy Comedy Drama Drama Drama Thriller Thriller Thriller
41863,"Three Burials of Melquiades Estrada, The (2006)",Adventure|Crime|Drama,2006,three burials of melquiades estrada the,year_2006 decade_2000s,Adventure Adventure Adventure Crime Crime Crime Drama Drama Drama,,three burials of melquiades estrada the year_2006 decade_2000s Adventure Adventure Adventure Crime Crime Crime Drama Drama Drama
41997,Munich (2005),Action|Crime|Drama|Thriller,2005,munich,year_2005 decade_2000s,Action Action Action Crime Crime Crime Drama Drama Drama Thriller Thriller Thriller,,munich year_2005 decade_2000s Action Action Action Crime Crime Crime Drama Drama Drama Thriller Thriller Thriller
42002,"Producers, The (2005)",Comedy|Musical,2005,producers the,year_2005 decade_2000s,Comedy Comedy Comedy Musical Musical Musical,,producers the year_2005 decade_2000s Comedy Comedy Comedy Musical Musical Musical
42004,Transamerica (2005),Adventure|Comedy|Drama,2005,transamerica,year_2005 decade_2000s,Adventure Adventure Adventure Comedy Comedy Comedy Drama Drama Drama,,transamerica year_2005 decade_2000s Adventure Adventure Adventure Comedy Comedy Comedy Drama Drama Drama
42011,Fun with Dick and Jane (2005),Comedy|Crime,2005,fun with dick and jane,year_2005 decade_2000s,Comedy Comedy Comedy Crime Crime Crime,,fun with dick and jane year_2005 decade_2000s Comedy Comedy Comedy Crime Crime Crime
42418,"New World, The (2005)",Adventure|Drama|Romance,2005,new world the,year_2005 decade_2000s,Adventure Adventure Adventure Drama Drama Drama Romance Romance Romance,,new world the year_2005 decade_2000s Adventure Adventure Adventure Drama Drama Drama Romance Romance Romance
42632,Lady Vengeance (Sympathy for Lady Vengeance) (Chinjeolhan geumjassi) (2005),Crime|Drama|Mystery|Thriller,2005,lady vengeance sympathy for lady vengeance chinjeolhan geumjassi,year_2005 decade_2000s,Crime Crime Crime Drama Drama Drama Mystery Mystery Mystery Thriller Thriller Thriller,brutality,lady vengeance sympathy for lady vengeance chinjeolhan geumjassi year_2005 decade_2000s Crime Crime Crime Drama Drama Drama Mystery Mystery Mystery Thriller Thriller Thriller brutality
42723,Hostel (2005),Horror,2005,hostel,year_2005 decade_2000s,Horror Horror Horror,,hostel year_2005 decade_2000s Horror Horror Horror
42725,Grandma's Boy (2006),Comedy,2006,grandma s boy,year_2006 decade_2000s,Comedy Comedy Comedy,,grandma s boy year_2006 decade_2000s Comedy Comedy Comedy
42728,Tristan & Isolde (2006),Drama|Romance,2006,tristan isolde,year_2006 decade_2000s,Drama Drama Drama Romance Romance Romance,,tristan isolde year_2006 decade_2000s Drama Drama Drama Romance Romance Romance
42738,Underworld: Evolution (2006),Action|Fantasy|Horror,2006,underworld evolution,year_2006 decade_2000s,Action Action Action Fantasy Fantasy Fantasy Horror Horror Horror,,underworld evolution year_2006 decade_2000s Action Action Action Fantasy Fantasy Fantasy Horror Horror Horror
43396,"World's Fastest Indian, The (2005)",Drama,2005,world s fastest indian the,year_2005 decade_2000s,Drama Drama Drama,,world s fastest indian the year_2005 decade_2000s Drama Drama Drama
43560,Nanny McPhee (2005),Children|Comedy|Fantasy,2005,nanny mcphee,year_2005 decade_2000s,Children Children Children Comedy Comedy Comedy Fantasy Fantasy Fantasy,,nanny mcphee year_2005 decade_2000s Children Children Children Comedy Comedy Comedy Fantasy Fantasy Fantasy
43679,Final Destination 3 (2006),Horror|Mystery|Thriller,2006,final destination 3,year_2006 decade_2000s,Horror Horror Horror Mystery Mystery Mystery Thriller Thriller Thriller,,final destination 3 year_2006 decade_2000s Horror Horror Horror Mystery Mystery Mystery Thriller Thriller Thriller
43836,"Pink Panther, The (2006)",Adventure|Comedy|Crime,2006,pink panther the,year_2006 decade_2000s,Adventure Adventure Adventure Comedy Comedy Comedy Crime Crime Crime,,pink panther the year_2006 decade_2000s Adventure Adventure Adventure Comedy Comedy Comedy Crime Crime Crime
43871,Firewall (2006),Crime|Drama|Thriller,2006,firewall,year_2006 decade_2000s,Crime Crime Crime Drama Drama Drama Thriller Thriller Thriller,,firewall year_2006 decade_2000s Crime Crime Crime Drama Drama Drama Thriller Thriller Thriller
43921,Running Scared (2006),Action|Crime|Thriller,2006,running scared,year_2006 decade_2000s,Action Action Action Crime Crime Crime Thriller Thriller Thriller,,running scared year_2006 decade_2000s Action Action Action Crime Crime Crime Thriller Thriller Thriller
43928,Ultraviolet (2006),Action|Fantasy|Sci-Fi|Thriller,2006,ultraviolet,year_2006 decade_2000s,Action Action Action Fantasy Fantasy Fantasy SciFi SciFi SciFi Thriller Thriller Thriller,,ultraviolet year_2006 decade_2000s Action Action Action Fantasy Fantasy Fantasy SciFi SciFi SciFi Thriller Thriller Thriller
43936,16 Blocks (2006),Crime|Thriller,2006,16 blocks,year_2006 decade_2000s,Crime Crime Crime Thriller Thriller Thriller,,16 blocks year_2006 decade_2000s Crime Crime Crime Thriller Thriller Thriller
44004,Failure to Launch (2006),Comedy|Romance,2006,failure to launch,year_2006 decade_2000s,Comedy Comedy Comedy Romance Romance Romance,,failure to launch year_2006 decade_2000s Comedy Comedy Comedy Romance Romance Romance
44022,Ice Age 2: The Meltdown (2006),Adventure|Animation|Children|Comedy,2006,ice age 2 the meltdown,year_2006 decade_2000s,Adventure Adventure Adventure Animation Animation Animation Children Children Children Comedy Comedy Comedy,,ice age 2 the meltdown year_2006 decade_2000s Adventure Adventure Adventure Animation Animation Animation Children Children Children Comedy Comedy Comedy
44191,V for Vendetta (2006),Action|Sci-Fi|Thriller,2006,v for vendetta,year_2006 decade_2000s,Action Action Action SciFi SciFi SciFi Thriller Thriller Thriller,,v for vendetta year_2006 decade_2000s Action Action Action SciFi SciFi SciFi Thriller Thriller Thriller
44193,She's the Man (2006),Comedy|Romance,2006,she s the man,year_2006 decade_2000s,Comedy Comedy Comedy Romance Romance Romance,,she s the man year_2006 decade_2000s Comedy Comedy Comedy Romance Romance Romance
44195,Thank You for Smoking (2006),Comedy|Drama,2006,thank you for smoking,year_2006 decade_2000s,Comedy Comedy Comedy Drama Drama Drama,,thank you for smoking year_2006 decade_2000s Comedy Comedy Comedy Drama Drama Drama
44199,Inside Man (2006),Crime|Drama|Thriller,2006,inside man,year_2006 decade_2000s,Crime Crime Crime Drama Drama Drama Thriller Thriller Thriller,,inside man year_2006 decade_2000s Crime Crime Crime Drama Drama Drama Thriller Thriller Thriller
44397,"Hills Have Eyes, The (2006)",Drama|Horror|Thriller,2006,hills have eyes the,year_2006 decade_2000s,Drama Drama Drama Horror Horror Horror Thriller Thriller Thriller,,hills have eyes the year_2006 decade_2000s Drama Drama Drama Horror Horror Horror Thriller Thriller Thriller
44555,"Lives of Others, The (Das leben der Anderen) (2006)",Drama|Romance|Thriller,2006,lives of others the das leben der anderen,year_2006 decade_2000s,Drama Drama Drama Romance Romance Romance Thriller Thriller Thriller,,lives of others the das leben der anderen year_2006 decade_2000s Drama Drama Drama Romance Romance Romance Thriller Thriller Thriller
44665,Lucky Number Slevin (2006),Crime|Drama|Mystery,2006,lucky number slevin,year_2006 decade_2000s,Crime Crime Crime Drama Drama Drama Mystery Mystery Mystery,twist ending,lucky number slevin year_2006 decade_2000s Crime Crime Crime Drama Drama Drama Mystery Mystery Mystery twist ending
44694,Volver (2006),Comedy|Drama,2006,volver,year_2006 decade_2000s,Comedy Comedy Comedy Drama Drama Drama,,volver year_2006 decade_2000s Comedy Comedy Comedy Drama Drama Drama
44709,Akeelah and the Bee (2006),Drama,2006,akeelah and the bee,year_2006 decade_2000s,Drama Drama Drama,,akeelah and the bee year_2006 decade_2000s Drama Drama Drama
44761,Brick (2005),Crime|Drama|Film-Noir|Mystery,2005,brick,year_2005 decade_2000s,Crime Crime Crime Drama Drama Drama FilmNoir FilmNoir FilmNoir Mystery Mystery Mystery,,brick year_2005 decade_2000s Crime Crime Crime Drama Drama Drama FilmNoir FilmNoir FilmNoir Mystery Mystery Mystery
44788,This Film Is Not Yet Rated (2006),Documentary,2006,this film is not yet rated,year_2006 decade_2000s,Documentary Documentary Documentary,,this film is not yet rated year_2006 decade_2000s Documentary Documentary Documentary
44828,Slither (2006),Comedy|Horror|Sci-Fi,2006,slither,year_2006 decade_2000s,Comedy Comedy Comedy Horror Horror Horror SciFi SciFi SciFi,,slither year_2006 decade_2000s Comedy Comedy Comedy Horror Horror Horror SciFi SciFi SciFi
44840,"Benchwarmers, The (2006)",Comedy,2006,benchwarmers the,year_2006 decade_2000s,Comedy Comedy Comedy,,benchwarmers the year_2006 decade_2000s Comedy Comedy Comedy
44972,Scary Movie 4 (2006),Comedy|Horror,2006,scary movie 4,year_2006 decade_2000s,Comedy Comedy Comedy Horror Horror Horror,,scary movie 4 year_2006 decade_2000s Comedy Comedy Comedy Horror Horror Horror
44974,Hard Candy (2005),Drama|Thriller,2005,hard candy,year_2005 decade_2000s,Drama Drama Drama Thriller Thriller Thriller,,hard candy year_2005 decade_2000s Drama Drama Drama Thriller Thriller Thriller
45028,"Prairie Home Companion, A (2006)",Comedy|Drama|Musical,2006,prairie home companion a,year_2006 decade_2000s,Comedy Comedy Comedy Drama Drama Drama Musical Musical Musical,,prairie home companion a year_2006 decade_2000s Comedy Comedy Comedy Drama Drama Drama Musical Musical Musical
45081,Silent Hill (2006),Fantasy|Horror|Thriller,2006,silent hill,year_2006 decade_2000s,Fantasy Fantasy Fantasy Horror Horror Horror Thriller Thriller Thriller,,silent hill year_2006 decade_2000s Fantasy Fantasy Fantasy Horror Horror Horror Thriller Thriller Thriller
45186,Mission: Impossible III (2006),Action|Adventure|Thriller,2006,mission impossible iii,year_2006 decade_2000s,Action Action Action Adventure Adventure Adventure Thriller Thriller Thriller,,mission impossible iii year_2006 decade_2000s Action Action Action Adventure Adventure Adventure Thriller Thriller Thriller
45210,United 93 (2006),Crime|Drama,2006,united 93,year_2006 decade_2000s,Crime Crime Crime Drama Drama Drama,,united 93 year_2006 decade_2000s Crime Crime Crime Drama Drama Drama
45221,Stick It (2006),Comedy,2006,stick it,year_2006 decade_2000s,Comedy Comedy Comedy,,stick it year_2006 decade_2000s Comedy Comedy Comedy
45431,Over the Hedge (2006),Adventure|Animation|Children|Comedy,2006,over the hedge,year_2006 decade_2000s,Adventure Adventure Adventure Animation Animation Animation Children Children Children Comedy Comedy Comedy,,over the hedge year_2006 decade_2000s Adventure Adventure Adventure Animation Animation Animation Children Children Children Comedy Comedy Comedy
45440,Art School Confidential (2006),Comedy|Drama,2006,art school confidential,year_2006 decade_2000s,Comedy Comedy Comedy Drama Drama Drama,,art school confidential year_2006 decade_2000s Comedy Comedy Comedy Drama Drama Drama
45447,"Da Vinci Code, The (2006)",Drama|Mystery|Thriller,2006,da vinci code the,year_2006 decade_2000s,Drama Drama Drama Mystery Mystery Mystery Thriller Thriller Thriller,adventure tom hanks mystery treasure hunt,da vinci code the year_2006 decade_2000s Drama Drama Drama Mystery Mystery Mystery Thriller Thriller Thriller adventure tom hanks mystery treasure hunt
45499,X-Men: The Last Stand (2006),Action|Sci-Fi|Thriller,2006,x men the last stand,year_2006 decade_2000s,Action Action Action SciFi SciFi SciFi Thriller Thriller Thriller,hugh jackman,x men the last stand year_2006 decade_2000s Action Action Action SciFi SciFi SciFi Thriller Thriller Thriller hugh jackman
45501,"Break-Up, The (2006)",Comedy|Drama|Romance,2006,break up the,year_2006 decade_2000s,Comedy Comedy Comedy Drama Drama Drama Romance Romance Romance,,break up the year_2006 decade_2000s Comedy Comedy Comedy Drama Drama Drama Romance Romance Romance
45517,Cars (2006),Animation|Children|Comedy,2006,cars,year_2006 decade_2000s,Animation Animation Animation Children Children Children Comedy Comedy Comedy,,cars year_2006 decade_2000s Animation Animation Animation Children Children Children Comedy Comedy Comedy
45662,"Omen, The (2006)",Horror|Thriller,2006,omen the,year_2006 decade_2000s,Horror Horror Horror Thriller Thriller Thriller,,omen the year_2006 decade_2000s Horror Horror Horror Thriller Thriller Thriller
45666,Nacho Libre (2006),Comedy,2006,nacho libre,year_2006 decade_2000s,Comedy Comedy Comedy,,nacho libre year_2006 decade_2000s Comedy Comedy Comedy
45668,"Lake House, The (2006)",Drama|Fantasy|Romance,2006,lake house the,year_2006 decade_2000s,Drama Drama Drama Fantasy Fantasy Fantasy Romance Romance Romance,,lake house the year_2006 decade_2000s Drama Drama Drama Fantasy Fantasy Fantasy Romance Romance Romance
45672,Click (2006),Adventure|Comedy|Drama|Fantasy|Romance,2006,click,year_2006 decade_2000s,Adventure Adventure Adventure Comedy Comedy Comedy Drama Drama Drama Fantasy Fantasy Fantasy Romance Romance Romance,,click year_2006 decade_2000s Adventure Adventure Adventure Comedy Comedy Comedy Drama Drama Drama Fantasy Fantasy Fantasy Romance Romance Romance
45720,"Devil Wears Prada, The (2006)",Comedy|Drama,2006,devil wears prada the,year_2006 decade_2000s,Comedy Comedy Comedy Drama Drama Drama,,devil wears prada the year_2006 decade_2000s Comedy Comedy Comedy Drama Drama Drama
45722,Pirates of the Caribbean: Dead Man's Chest (2006),Action|Adventure|Fantasy,2006,pirates of the caribbean dead man s chest,year_2006 decade_2000s,Action Action Action Adventure Adventure Adventure Fantasy Fantasy Fantasy,,pirates of the caribbean dead man s chest year_2006 decade_2000s Action Action Action Adventure Adventure Adventure Fantasy Fantasy Fantasy
45726,"You, Me and Dupree (2006)",Comedy,2006,you me and dupree,year_2006 decade_2000s,Comedy Comedy Comedy,,you me and dupree year_2006 decade_2000s Comedy Comedy Comedy
45728,Clerks II (2006),Comedy,2006,clerks ii,year_2006 decade_2000s,Comedy Comedy Comedy,,clerks ii year_2006 decade_2000s Comedy Comedy Comedy
45730,Lady in the Water (2006),Drama|Fantasy|Mystery,2006,lady in the water,year_2006 decade_2000s,Drama Drama Drama Fantasy Fantasy Fantasy Mystery Mystery Mystery,m night shyamalan paul giamatti bad,lady in the water year_2006 decade_2000s Drama Drama Drama Fantasy Fantasy Fantasy Mystery Mystery Mystery m night shyamalan paul giamatti bad
45732,My Super Ex-Girlfriend (2006),Comedy|Fantasy|Romance,2006,my super ex girlfriend,year_2006 decade_2000s,Comedy Comedy Comedy Fantasy Fantasy Fantasy Romance Romance Romance,,my super ex girlfriend year_2006 decade_2000s Comedy Comedy Comedy Fantasy Fantasy Fantasy Romance Romance Romance
45880,Marie Antoinette (2006),Drama|Romance,2006,marie antoinette,year_2006 decade_2000s,Drama Drama Drama Romance Romance Romance,cinematography lyrical,marie antoinette year_2006 decade_2000s Drama Drama Drama Romance Romance Romance cinematography lyrical
45928,Who Killed the Electric Car? (2006),Documentary,2006,who killed the electric car,year_2006 decade_2000s,Documentary Documentary Documentary,,who killed the electric car year_2006 decade_2000s Documentary Documentary Documentary
45950,"Inconvenient Truth, An (2006)",Documentary,2006,inconvenient truth an,year_2006 decade_2000s,Documentary Documentary Documentary,,inconvenient truth an year_2006 decade_2000s Documentary Documentary Documentary
46322,Jet Li's Fearless (Huo Yuan Jia) (2006),Action|Drama,2006,jet li s fearless huo yuan jia,year_2006 decade_2000s,Action Action Action Drama Drama Drama,,jet li s fearless huo yuan jia year_2006 decade_2000s Action Action Action Drama Drama Drama
46335,"Fast and the Furious: Tokyo Drift, The (Fast and the Furious 3, The) (2006)",Action|Crime|Drama|Thriller,2006,fast and the furious tokyo drift the fast and the furious 3 the,year_2006 decade_2000s,Action Action Action Crime Crime Crime Drama Drama Drama Thriller Thriller Thriller,,fast and the furious tokyo drift the fast and the furious 3 the year_2006 decade_2000s Action Action Action Crime Crime Crime Drama Drama Drama Thriller Thriller Thriller
46530,Superman Returns (2006),Action|Adventure|Sci-Fi,2006,superman returns,year_2006 decade_2000s,Action Action Action Adventure Adventure Adventure SciFi SciFi SciFi,,superman returns year_2006 decade_2000s Action Action Action Adventure Adventure Adventure SciFi SciFi SciFi
46578,Little Miss Sunshine (2006),Adventure|Comedy|Drama,2006,little miss sunshine,year_2006 decade_2000s,Adventure Adventure Adventure Comedy Comedy Comedy Drama Drama Drama,,little miss sunshine year_2006 decade_2000s Adventure Adventure Adventure Comedy Comedy Comedy Drama Drama Drama
46723,Babel (2006),Drama|Thriller,2006,babel,year_2006 decade_2000s,Drama Drama Drama Thriller Thriller Thriller,multiple storylines brad pitt social commentary,babel year_2006 decade_2000s Drama Drama Drama Thriller Thriller Thriller multiple storylines brad pitt social commentary
46948,Monster House (2006),Animation|Children|Fantasy|Mystery,2006,monster house,year_2006 decade_2000s,Animation Animation Animation Children Children Children Fantasy Fantasy Fantasy Mystery Mystery Mystery,,monster house year_2006 decade_2000s Animation Animation Animation Children Children Children Fantasy Fantasy Fantasy Mystery Mystery Mystery
46965,Snakes on a Plane (2006),Action|Comedy|Horror|Thriller,2006,snakes on a plane,year_2006 decade_2000s,Action Action Action Comedy Comedy Comedy Horror Horror Horror Thriller Thriller Thriller,,snakes on a plane year_2006 decade_2000s Action Action Action Comedy Comedy Comedy Horror Horror Horror Thriller Thriller Thriller
46970,Talladega Nights: The Ballad of Ricky Bobby (2006),Action|Comedy,2006,talladega nights the ballad of ricky bobby,year_2006 decade_2000s,Action Action Action Comedy Comedy Comedy,,talladega nights the ballad of ricky bobby year_2006 decade_2000s Action Action Action Comedy Comedy Comedy
46972,Night at the Museum (2006),Action|Comedy|Fantasy,2006,night at the museum,year_2006 decade_2000s,Action Action Action Comedy Comedy Comedy Fantasy Fantasy Fantasy,ben stiller robin williams,night at the museum year_2006 decade_2000s Action Action Action Comedy Comedy Comedy Fantasy Fantasy Fantasy ben stiller robin williams
46974,World Trade Center (2006),Drama,2006,world trade center,year_2006 decade_2000s,Drama Drama Drama,,world trade center year_2006 decade_2000s Drama Drama Drama
46976,Stranger than Fiction (2006),Comedy|Drama|Fantasy|Romance,2006,stranger than fiction,year_2006 decade_2000s,Comedy Comedy Comedy Drama Drama Drama Fantasy Fantasy Fantasy Romance Romance Romance,romance will ferrell surreal,stranger than fiction year_2006 decade_2000s Comedy Comedy Comedy Drama Drama Drama Fantasy Fantasy Fantasy Romance Romance Romance romance will ferrell surreal
47044,Miami Vice (2006),Action|Crime|Drama|Thriller,2006,miami vice,year_2006 decade_2000s,Action Action Action Crime Crime Crime Drama Drama Drama Thriller Thriller Thriller,,miami vice year_2006 decade_2000s Action Action Action Crime Crime Crime Drama Drama Drama Thriller Thriller Thriller
47099,"Pursuit of Happyness, The (2006)",Drama,2006,pursuit of happyness the,year_2006 decade_2000s,Drama Drama Drama,,pursuit of happyness the year_2006 decade_2000s Drama Drama Drama
47122,John Tucker Must Die (2006),Comedy|Romance,2006,john tucker must die,year_2006 decade_2000s,Comedy Comedy Comedy Romance Romance Romance,,john tucker must die year_2006 decade_2000s Comedy Comedy Comedy Romance Romance Romance
47200,Crank (2006),Action|Thriller,2006,crank,year_2006 decade_2000s,Action Action Action Thriller Thriller Thriller,,crank year_2006 decade_2000s Action Action Action Thriller Thriller Thriller
47423,Half Nelson (2006),Drama,2006,half nelson,year_2006 decade_2000s,Drama Drama Drama,,half nelson year_2006 decade_2000s Drama Drama Drama
47518,Accepted (2006),Comedy,2006,accepted,year_2006 decade_2000s,Comedy Comedy Comedy,,accepted year_2006 decade_2000s Comedy Comedy Comedy
47610,"Illusionist, The (2006)",Drama|Fantasy|Mystery|Romance,2006,illusionist the,year_2006 decade_2000s,Drama Drama Drama Fantasy Fantasy Fantasy Mystery Mystery Mystery Romance Romance Romance,edward norton paul giamatti magic,illusionist the year_2006 decade_2000s Drama Drama Drama Fantasy Fantasy Fantasy Mystery Mystery Mystery Romance Romance Romance edward norton paul giamatti magic
47629,The Queen (2006),Drama,2006,the queen,year_2006 decade_2000s,Drama Drama Drama,,the queen year_2006 decade_2000s Drama Drama Drama
47640,Beerfest (2006),Comedy,2006,beerfest,year_2006 decade_2000s,Comedy Comedy Comedy,,beerfest year_2006 decade_2000s Comedy Comedy Comedy
47644,Invincible (2006),Drama,2006,invincible,year_2006 decade_2000s,Drama Drama Drama,,invincible year_2006 decade_2000s Drama Drama Drama
47950,Hollywoodland (2006),Crime|Drama|Mystery|Thriller,2006,hollywoodland,year_2006 decade_2000s,Crime Crime Crime Drama Drama Drama Mystery Mystery Mystery Thriller Thriller Thriller,,hollywoodland year_2006 decade_2000s Crime Crime Crime Drama Drama Drama Mystery Mystery Mystery Thriller Thriller Thriller
47997,Idiocracy (2006),Adventure|Comedy|Sci-Fi|Thriller,2006,idiocracy,year_2006 decade_2000s,Adventure Adventure Adventure Comedy Comedy Comedy SciFi SciFi SciFi Thriller Thriller Thriller,,idiocracy year_2006 decade_2000s Adventure Adventure Adventure Comedy Comedy Comedy SciFi SciFi SciFi Thriller Thriller Thriller
47999,Jesus Camp (2006),Documentary|Drama,2006,jesus camp,year_2006 decade_2000s,Documentary Documentary Documentary Drama Drama Drama,,jesus camp year_2006 decade_2000s Documentary Documentary Documentary Drama Drama Drama
48043,"Fountain, The (2006)",Drama|Fantasy|Romance,2006,fountain the,year_2006 decade_2000s,Drama Drama Drama Fantasy Fantasy Fantasy Romance Romance Romance,,fountain the year_2006 decade_2000s Drama Drama Drama Fantasy Fantasy Fantasy Romance Romance Romance
48082,"Science of Sleep, The (La science des rêves) (2006)",Comedy|Drama|Fantasy|Romance,2006,science of sleep the la science des r ves,year_2006 decade_2000s,Comedy Comedy Comedy Drama Drama Drama Fantasy Fantasy Fantasy Romance Romance Romance,,science of sleep the la science des r ves year_2006 decade_2000s Comedy Comedy Comedy Drama Drama Drama Fantasy Fantasy Fantasy Romance Romance Romance
48142,"Black Dahlia, The (2006)",Crime|Drama|Mystery|Thriller,2006,black dahlia the,year_2006 decade_2000s,Crime Crime Crime Drama Drama Drama Mystery Mystery Mystery Thriller Thriller Thriller,,black dahlia the year_2006 decade_2000s Crime Crime Crime Drama Drama Drama Mystery Mystery Mystery Thriller Thriller Thriller
48304,Apocalypto (2006),Adventure|Drama|Thriller,2006,apocalypto,year_2006 decade_2000s,Adventure Adventure Adventure Drama Drama Drama Thriller Thriller Thriller,,apocalypto year_2006 decade_2000s Adventure Adventure Adventure Drama Drama Drama Thriller Thriller Thriller
48322,Jackass Number Two (2006),Comedy|Documentary,2006,jackass number two,year_2006 decade_2000s,Comedy Comedy Comedy Documentary Documentary Documentary,,jackass number two year_2006 decade_2000s Comedy Comedy Comedy Documentary Documentary Documentary
48385,Borat: Cultural Learnings of America for Make Benefit Glorious Nation of Kazakhstan (2006),Comedy,2006,borat cultural learnings of america for make benefit glorious nation of kazakhstan,year_2006 decade_2000s,Comedy Comedy Comedy,,borat cultural learnings of america for make benefit glorious nation of kazakhstan year_2006 decade_2000s Comedy Comedy Comedy
48394,"Pan's Labyrinth (Laberinto del fauno, El) (2006)",Drama|Fantasy|Thriller,2006,pan s labyrinth laberinto del fauno el,year_2006 decade_2000s,Drama Drama Drama Fantasy Fantasy Fantasy Thriller Thriller Thriller,atmospheric visually appealing bittersweet,pan s labyrinth laberinto del fauno el year_2006 decade_2000s Drama Drama Drama Fantasy Fantasy Fantasy Thriller Thriller Thriller atmospheric visually appealing bittersweet
48516,"Departed, The (2006)",Crime|Drama|Thriller,2006,departed the,year_2006 decade_2000s,Crime Crime Crime Drama Drama Drama Thriller Thriller Thriller,leonardo dicaprio suspense twist ending jack nicholson martin scorsese atmospheric,departed the year_2006 decade_2000s Crime Crime Crime Drama Drama Drama Thriller Thriller Thriller leonardo dicaprio suspense twist ending jack nicholson martin scorsese atmospheric
48520,Employee of the Month (2006),Comedy,2006,employee of the month,year_2006 decade_2000s,Comedy Comedy Comedy,,employee of the month year_2006 decade_2000s Comedy Comedy Comedy
48738,"Last King of Scotland, The (2006)",Drama|Thriller,2006,last king of scotland the,year_2006 decade_2000s,Drama Drama Drama Thriller Thriller Thriller,,last king of scotland the year_2006 decade_2000s Drama Drama Drama Thriller Thriller Thriller
48774,Children of Men (2006),Action|Adventure|Drama|Sci-Fi|Thriller,2006,children of men,year_2006 decade_2000s,Action Action Action Adventure Adventure Adventure Drama Drama Drama SciFi SciFi SciFi Thriller Thriller Thriller,,children of men year_2006 decade_2000s Action Action Action Adventure Adventure Adventure Drama Drama Drama SciFi SciFi SciFi Thriller Thriller Thriller
48780,"Prestige, The (2006)",Drama|Mystery|Sci-Fi|Thriller,2006,prestige the,year_2006 decade_2000s,Drama Drama Drama Mystery Mystery Mystery SciFi SciFi SciFi Thriller Thriller Thriller,enigmatic atmospheric,prestige the year_2006 decade_2000s Drama Drama Drama Mystery Mystery Mystery SciFi SciFi SciFi Thriller Thriller Thriller enigmatic atmospheric
48783,Flags of Our Fathers (2006),Drama|War,2006,flags of our fathers,year_2006 decade_2000s,Drama Drama Drama War War War,,flags of our fathers year_2006 decade_2000s Drama Drama Drama War War War
48877,Saw III (2006),Crime|Horror|Thriller,2006,saw iii,year_2006 decade_2000s,Crime Crime Crime Horror Horror Horror Thriller Thriller Thriller,,saw iii year_2006 decade_2000s Crime Crime Crime Horror Horror Horror Thriller Thriller Thriller
48982,Flushed Away (2006),Animation|Comedy,2006,flushed away,year_2006 decade_2000s,Animation Animation Animation Comedy Comedy Comedy,,flushed away year_2006 decade_2000s Animation Animation Animation Comedy Comedy Comedy
48997,Perfume: The Story of a Murderer (2006),Crime|Drama|Thriller,2006,perfume the story of a murderer,year_2006 decade_2000s,Crime Crime Crime Drama Drama Drama Thriller Thriller Thriller,,perfume the story of a murderer year_2006 decade_2000s Crime Crime Crime Drama Drama Drama Thriller Thriller Thriller
49272,Casino Royale (2006),Action|Adventure|Thriller,2006,casino royale,year_2006 decade_2000s,Action Action Action Adventure Adventure Adventure Thriller Thriller Thriller,,casino royale year_2006 decade_2000s Action Action Action Adventure Adventure Adventure Thriller Thriller Thriller
49274,Happy Feet (2006),Adventure|Animation|Children|Comedy,2006,happy feet,year_2006 decade_2000s,Adventure Adventure Adventure Animation Animation Animation Children Children Children Comedy Comedy Comedy,,happy feet year_2006 decade_2000s Adventure Adventure Adventure Animation Animation Animation Children Children Children Comedy Comedy Comedy
49278,Déjà Vu (Deja Vu) (2006),Action|Sci-Fi|Thriller,2006,d j vu deja vu,year_2006 decade_2000s,Action Action Action SciFi SciFi SciFi Thriller Thriller Thriller,,d j vu deja vu year_2006 decade_2000s Action Action Action SciFi SciFi SciFi Thriller Thriller Thriller
49286,"Holiday, The (2006)",Comedy|Romance,2006,holiday the,year_2006 decade_2000s,Comedy Comedy Comedy Romance Romance Romance,,holiday the year_2006 decade_2000s Comedy Comedy Comedy Romance Romance Romance
49396,Tenacious D in The Pick of Destiny (2006),Adventure|Comedy|Musical,2006,tenacious d in the pick of destiny,year_2006 decade_2000s,Adventure Adventure Adventure Comedy Comedy Comedy Musical Musical Musical,,tenacious d in the pick of destiny year_2006 decade_2000s Adventure Adventure Adventure Comedy Comedy Comedy Musical Musical Musical
49530,Blood Diamond (2006),Action|Adventure|Crime|Drama|Thriller|War,2006,blood diamond,year_2006 decade_2000s,Action Action Action Adventure Adventure Adventure Crime Crime Crime Drama Drama Drama Thriller Thriller Thriller War War War,leonardo dicaprio corruption africa,blood diamond year_2006 decade_2000s Action Action Action Adventure Adventure Adventure Crime Crime Crime Drama Drama Drama Thriller Thriller Thriller War War War leonardo dicaprio corruption africa
49649,Eragon (2006),Action|Adventure|Fantasy,2006,eragon,year_2006 decade_2000s,Action Action Action Adventure Adventure Adventure Fantasy Fantasy Fantasy,,eragon year_2006 decade_2000s Action Action Action Adventure Adventure Adventure Fantasy Fantasy Fantasy
49651,Rocky Balboa (2006),Action|Drama,2006,rocky balboa,year_2006 decade_2000s,Action Action Action Drama Drama Drama,,rocky balboa year_2006 decade_2000s Action Action Action Drama Drama Drama
49822,"Good Shepherd, The (2006)",Drama|Thriller,2006,good shepherd the,year_2006 decade_2000s,Drama Drama Drama Thriller Thriller Thriller,,good shepherd the year_2006 decade_2000s Drama Drama Drama Thriller Thriller Thriller
49824,Dreamgirls (2006),Drama|Musical,2006,dreamgirls,year_2006 decade_2000s,Drama Drama Drama Musical Musical Musical,,dreamgirls year_2006 decade_2000s Drama Drama Drama Musical Musical Musical
49932,Inland Empire (2006),Drama|Mystery|Thriller,2006,inland empire,year_2006 decade_2000s,Drama Drama Drama Mystery Mystery Mystery Thriller Thriller Thriller,,inland empire year_2006 decade_2000s Drama Drama Drama Mystery Mystery Mystery Thriller Thriller Thriller
50068,Letters from Iwo Jima (2006),Drama|War,2006,letters from iwo jima,year_2006 decade_2000s,Drama Drama Drama War War War,,letters from iwo jima year_2006 decade_2000s Drama Drama Drama War War War
50442,Alpha Dog (2007),Crime|Drama,2007,alpha dog,year_2007 decade_2000s,Crime Crime Crime Drama Drama Drama,,alpha dog year_2007 decade_2000s Crime Crime Crime Drama Drama Drama
50601,Bridge to Terabithia (2007),Adventure|Children|Fantasy,2007,bridge to terabithia,year_2007 decade_2000s,Adventure Adventure Adventure Children Children Children Fantasy Fantasy Fantasy,,bridge to terabithia year_2007 decade_2000s Adventure Adventure Adventure Children Children Children Fantasy Fantasy Fantasy
50685,Waitress (2007),Comedy|Drama|Romance,2007,waitress,year_2007 decade_2000s,Comedy Comedy Comedy Drama Drama Drama Romance Romance Romance,,waitress year_2007 decade_2000s Comedy Comedy Comedy Drama Drama Drama Romance Romance Romance
50794,Smokin' Aces (2006),Action|Crime|Drama|Thriller,2006,smokin aces,year_2006 decade_2000s,Action Action Action Crime Crime Crime Drama Drama Drama Thriller Thriller Thriller,,smokin aces year_2006 decade_2000s Action Action Action Crime Crime Crime Drama Drama Drama Thriller Thriller Thriller
50872,Ratatouille (2007),Animation|Children|Drama,2007,ratatouille,year_2007 decade_2000s,Animation Animation Animation Children Children Children Drama Drama Drama,inspirational clever,ratatouille year_2007 decade_2000s Animation Animation Animation Children Children Children Drama Drama Drama inspirational clever
50912,"Paris, I Love You (Paris, je t'aime) (2006)",Romance,2006,paris i love you paris je t aime,year_2006 decade_2000s,Romance Romance Romance,,paris i love you paris je t aime year_2006 decade_2000s Romance Romance Romance
51077,Ghost Rider (2007),Action|Fantasy|Thriller,2007,ghost rider,year_2007 decade_2000s,Action Action Action Fantasy Fantasy Fantasy Thriller Thriller Thriller,,ghost rider year_2007 decade_2000s Action Action Action Fantasy Fantasy Fantasy Thriller Thriller Thriller
51080,Breach (2007),Drama|Thriller,2007,breach,year_2007 decade_2000s,Drama Drama Drama Thriller Thriller Thriller,,breach year_2007 decade_2000s Drama Drama Drama Thriller Thriller Thriller
51084,Music and Lyrics (2007),Comedy|Romance,2007,music and lyrics,year_2007 decade_2000s,Comedy Comedy Comedy Romance Romance Romance,,music and lyrics year_2007 decade_2000s Comedy Comedy Comedy Romance Romance Romance
51086,"Number 23, The (2007)",Drama|Mystery|Thriller,2007,number 23 the,year_2007 decade_2000s,Drama Drama Drama Mystery Mystery Mystery Thriller Thriller Thriller,,number 23 the year_2007 decade_2000s Drama Drama Drama Mystery Mystery Mystery Thriller Thriller Thriller
51255,Hot Fuzz (2007),Action|Comedy|Crime|Mystery,2007,hot fuzz,year_2007 decade_2000s,Action Action Action Comedy Comedy Comedy Crime Crime Crime Mystery Mystery Mystery,british comedy,hot fuzz year_2007 decade_2000s Action Action Action Comedy Comedy Comedy Crime Crime Crime Mystery Mystery Mystery british comedy
51412,Next (2007),Action|Sci-Fi|Thriller,2007,next,year_2007 decade_2000s,Action Action Action SciFi SciFi SciFi Thriller Thriller Thriller,,next year_2007 decade_2000s Action Action Action SciFi SciFi SciFi Thriller Thriller Thriller
51540,Zodiac (2007),Crime|Drama|Thriller,2007,zodiac,year_2007 decade_2000s,Crime Crime Crime Drama Drama Drama Thriller Thriller Thriller,,zodiac year_2007 decade_2000s Crime Crime Crime Drama Drama Drama Thriller Thriller Thriller
51575,Wild Hogs (2007),Adventure|Comedy,2007,wild hogs,year_2007 decade_2000s,Adventure Adventure Adventure Comedy Comedy Comedy,,wild hogs year_2007 decade_2000s Adventure Adventure Adventure Comedy Comedy Comedy
51662,300 (2007),Action|Fantasy|War,2007,300,year_2007 decade_2000s,Action Action Action Fantasy Fantasy Fantasy War War War,,300 year_2007 decade_2000s Action Action Action Fantasy Fantasy Fantasy War War War
51709,"Host, The (Gwoemul) (2006)",Comedy|Drama|Horror|Sci-Fi|Thriller,2006,host the gwoemul,year_2006 decade_2000s,Comedy Comedy Comedy Drama Drama Drama Horror Horror Horror SciFi SciFi SciFi Thriller Thriller Thriller,,host the gwoemul year_2006 decade_2000s Comedy Comedy Comedy Drama Drama Drama Horror Horror Horror SciFi SciFi SciFi Thriller Thriller Thriller
51834,Becoming Jane (2007),Drama|Romance,2007,becoming jane,year_2007 decade_2000s,Drama Drama Drama Romance Romance Romance,,becoming jane year_2007 decade_2000s Drama Drama Drama Romance Romance Romance
51931,Reign Over Me (2007),Drama,2007,reign over me,year_2007 decade_2000s,Drama Drama Drama,,reign over me year_2007 decade_2000s Drama Drama Drama
51935,Shooter (2007),Action|Drama|Thriller,2007,shooter,year_2007 decade_2000s,Action Action Action Drama Drama Drama Thriller Thriller Thriller,,shooter year_2007 decade_2000s Action Action Action Drama Drama Drama Thriller Thriller Thriller
51939,TMNT (Teenage Mutant Ninja Turtles) (2007),Action|Adventure|Animation|Children|Comedy|Fantasy,2007,tmnt teenage mutant ninja turtles,year_2007 decade_2000s,Action Action Action Adventure Adventure Adventure Animation Animation Animation Children Children Children Comedy Comedy Comedy Fantasy Fantasy Fantasy,,tmnt teenage mutant ninja turtles year_2007 decade_2000s Action Action Action Adventure Adventure Adventure Animation Animation Animation Children Children Children Comedy Comedy Comedy Fantasy Fantasy Fantasy
52241,"Lookout, The (2007)",Crime|Drama|Thriller,2007,lookout the,year_2007 decade_2000s,Crime Crime Crime Drama Drama Drama Thriller Thriller Thriller,,lookout the year_2007 decade_2000s Crime Crime Crime Drama Drama Drama Thriller Thriller Thriller
52245,Blades of Glory (2007),Comedy|Romance,2007,blades of glory,year_2007 decade_2000s,Comedy Comedy Comedy Romance Romance Romance,,blades of glory year_2007 decade_2000s Comedy Comedy Comedy Romance Romance Romance
52281,Grindhouse (2007),Action|Crime|Horror|Sci-Fi|Thriller,2007,grindhouse,year_2007 decade_2000s,Action Action Action Crime Crime Crime Horror Horror Horror SciFi SciFi SciFi Thriller Thriller Thriller,,grindhouse year_2007 decade_2000s Action Action Action Crime Crime Crime Horror Horror Horror SciFi SciFi SciFi Thriller Thriller Thriller
52287,Meet the Robinsons (2007),Action|Adventure|Animation|Children|Comedy|Sci-Fi,2007,meet the robinsons,year_2007 decade_2000s,Action Action Action Adventure Adventure Adventure Animation Animation Animation Children Children Children Comedy Comedy Comedy SciFi SciFi SciFi,,meet the robinsons year_2007 decade_2000s Action Action Action Adventure Adventure Adventure Animation Animation Animation Children Children Children Comedy Comedy Comedy SciFi SciFi SciFi
52319,Inglorious Bastards (Quel maledetto treno blindato) (1978),Action|Adventure|Drama|War,1978,inglorious bastards quel maledetto treno blindato,year_1978 decade_1970s,Action Action Action Adventure Adventure Adventure Drama Drama Drama War War War,,inglorious bastards quel maledetto treno blindato year_1978 decade_1970s Action Action Action Adventure Adventure Adventure Drama Drama Drama War War War
52328,Sunshine (2007),Adventure|Drama|Sci-Fi|Thriller,2007,sunshine,year_2007 decade_2000s,Adventure Adventure Adventure Drama Drama Drama SciFi SciFi SciFi Thriller Thriller Thriller,,sunshine year_2007 decade_2000s Adventure Adventure Adventure Drama Drama Drama SciFi SciFi SciFi Thriller Thriller Thriller
52435,How the Grinch Stole Christmas! (1966),Animation|Comedy|Fantasy|Musical,1966,how the grinch stole christmas,year_1966 decade_1960s,Animation Animation Animation Comedy Comedy Comedy Fantasy Fantasy Fantasy Musical Musical Musical,,how the grinch stole christmas year_1966 decade_1960s Animation Animation Animation Comedy Comedy Comedy Fantasy Fantasy Fantasy Musical Musical Musical
52458,Disturbia (2007),Drama|Thriller,2007,disturbia,year_2007 decade_2000s,Drama Drama Drama Thriller Thriller Thriller,,disturbia year_2007 decade_2000s Drama Drama Drama Thriller Thriller Thriller
52604,Fracture (2007),Crime|Drama|Mystery|Thriller,2007,fracture,year_2007 decade_2000s,Crime Crime Crime Drama Drama Drama Mystery Mystery Mystery Thriller Thriller Thriller,twist ending,fracture year_2007 decade_2000s Crime Crime Crime Drama Drama Drama Mystery Mystery Mystery Thriller Thriller Thriller twist ending
52722,Spider-Man 3 (2007),Action|Adventure|Sci-Fi|Thriller,2007,spider man 3,year_2007 decade_2000s,Action Action Action Adventure Adventure Adventure SciFi SciFi SciFi Thriller Thriller Thriller,,spider man 3 year_2007 decade_2000s Action Action Action Adventure Adventure Adventure SciFi SciFi SciFi Thriller Thriller Thriller
52885,Paprika (Papurika) (2006),Animation|Mystery|Sci-Fi,2006,paprika papurika,year_2006 decade_2000s,Animation Animation Animation Mystery Mystery Mystery SciFi SciFi SciFi,dreamlike,paprika papurika year_2006 decade_2000s Animation Animation Animation Mystery Mystery Mystery SciFi SciFi SciFi dreamlike
52952,This Is England (2006),Drama,2006,this is england,year_2006 decade_2000s,Drama Drama Drama,,this is england year_2006 decade_2000s Drama Drama Drama
52973,Knocked Up (2007),Comedy|Drama|Romance,2007,knocked up,year_2007 decade_2000s,Comedy Comedy Comedy Drama Drama Drama Romance Romance Romance,,knocked up year_2007 decade_2000s Comedy Comedy Comedy Drama Drama Drama Romance Romance Romance
52975,Hairspray (2007),Comedy|Drama|Musical,2007,hairspray,year_2007 decade_2000s,Comedy Comedy Comedy Drama Drama Drama Musical Musical Musical,,hairspray year_2007 decade_2000s Comedy Comedy Comedy Drama Drama Drama Musical Musical Musical
53000,28 Weeks Later (2007),Horror|Sci-Fi|Thriller,2007,28 weeks later,year_2007 decade_2000s,Horror Horror Horror SciFi SciFi SciFi Thriller Thriller Thriller,,28 weeks later year_2007 decade_2000s Horror Horror Horror SciFi SciFi SciFi Thriller Thriller Thriller
53121,Shrek the Third (2007),Adventure|Animation|Children|Comedy|Fantasy,2007,shrek the third,year_2007 decade_2000s,Adventure Adventure Adventure Animation Animation Animation Children Children Children Comedy Comedy Comedy Fantasy Fantasy Fantasy,,shrek the third year_2007 decade_2000s Adventure Adventure Adventure Animation Animation Animation Children Children Children Comedy Comedy Comedy Fantasy Fantasy Fantasy
53123,Once (2006),Drama|Musical|Romance,2006,once,year_2006 decade_2000s,Drama Drama Drama Musical Musical Musical Romance Romance Romance,,once year_2006 decade_2000s Drama Drama Drama Musical Musical Musical Romance Romance Romance
53125,Pirates of the Caribbean: At World's End (2007),Action|Adventure|Comedy|Fantasy,2007,pirates of the caribbean at world s end,year_2007 decade_2000s,Action Action Action Adventure Adventure Adventure Comedy Comedy Comedy Fantasy Fantasy Fantasy,,pirates of the caribbean at world s end year_2007 decade_2000s Action Action Action Adventure Adventure Adventure Comedy Comedy Comedy Fantasy Fantasy Fantasy
53129,Mr. Brooks (2007),Crime|Drama|Thriller,2007,mr brooks,year_2007 decade_2000s,Crime Crime Crime Drama Drama Drama Thriller Thriller Thriller,,mr brooks year_2007 decade_2000s Crime Crime Crime Drama Drama Drama Thriller Thriller Thriller
53322,Ocean's Thirteen (2007),Crime|Thriller,2007,ocean s thirteen,year_2007 decade_2000s,Crime Crime Crime Thriller Thriller Thriller,,ocean s thirteen year_2007 decade_2000s Crime Crime Crime Thriller Thriller Thriller
53460,Surf's Up (2007),Animation|Children|Comedy,2007,surf s up,year_2007 decade_2000s,Animation Animation Animation Children Children Children Comedy Comedy Comedy,,surf s up year_2007 decade_2000s Animation Animation Animation Children Children Children Comedy Comedy Comedy
53464,Fantastic Four: Rise of the Silver Surfer (2007),Action|Adventure|Sci-Fi,2007,fantastic four rise of the silver surfer,year_2007 decade_2000s,Action Action Action Adventure Adventure Adventure SciFi SciFi SciFi,marvel jessica alba bad acting chris evans sexy female scientist bad plot,fantastic four rise of the silver surfer year_2007 decade_2000s Action Action Action Adventure Adventure Adventure SciFi SciFi SciFi marvel jessica alba bad acting chris evans sexy female scientist bad plot
53468,Fido (2006),Comedy|Horror|Thriller,2006,fido,year_2006 decade_2000s,Comedy Comedy Comedy Horror Horror Horror Thriller Thriller Thriller,zombies,fido year_2006 decade_2000s Comedy Comedy Comedy Horror Horror Horror Thriller Thriller Thriller zombies
53519,Death Proof (2007),Action|Adventure|Crime|Horror|Thriller,2007,death proof,year_2007 decade_2000s,Action Action Action Adventure Adventure Adventure Crime Crime Crime Horror Horror Horror Thriller Thriller Thriller,,death proof year_2007 decade_2000s Action Action Action Adventure Adventure Adventure Crime Crime Crime Horror Horror Horror Thriller Thriller Thriller
53894,Sicko (2007),Documentary|Drama,2007,sicko,year_2007 decade_2000s,Documentary Documentary Documentary Drama Drama Drama,,sicko year_2007 decade_2000s Documentary Documentary Documentary Drama Drama Drama
53953,1408 (2007),Drama|Horror|Thriller,2007,1408,year_2007 decade_2000s,Drama Drama Drama Horror Horror Horror Thriller Thriller Thriller,,1408 year_2007 decade_2000s Drama Drama Drama Horror Horror Horror Thriller Thriller Thriller
53972,Live Free or Die Hard (2007),Action|Adventure|Crime|Thriller,2007,live free or die hard,year_2007 decade_2000s,Action Action Action Adventure Adventure Adventure Crime Crime Crime Thriller Thriller Thriller,,live free or die hard year_2007 decade_2000s Action Action Action Adventure Adventure Adventure Crime Crime Crime Thriller Thriller Thriller
53993,Evan Almighty (2007),Comedy|Fantasy,2007,evan almighty,year_2007 decade_2000s,Comedy Comedy Comedy Fantasy Fantasy Fantasy,,evan almighty year_2007 decade_2000s Comedy Comedy Comedy Fantasy Fantasy Fantasy
53996,Transformers (2007),Action|Sci-Fi|Thriller,2007,transformers,year_2007 decade_2000s,Action Action Action SciFi SciFi SciFi Thriller Thriller Thriller,,transformers year_2007 decade_2000s Action Action Action SciFi SciFi SciFi Thriller Thriller Thriller
54001,Harry Potter and the Order of the Phoenix (2007),Adventure|Drama|Fantasy,2007,harry potter and the order of the phoenix,year_2007 decade_2000s,Adventure Adventure Adventure Drama Drama Drama Fantasy Fantasy Fantasy,,harry potter and the order of the phoenix year_2007 decade_2000s Adventure Adventure Adventure Drama Drama Drama Fantasy Fantasy Fantasy
54004,I Now Pronounce You Chuck and Larry (2007),Comedy|Romance,2007,i now pronounce you chuck and larry,year_2007 decade_2000s,Comedy Comedy Comedy Romance Romance Romance,,i now pronounce you chuck and larry year_2007 decade_2000s Comedy Comedy Comedy Romance Romance Romance
54190,Across the Universe (2007),Drama|Fantasy|Musical|Romance,2007,across the universe,year_2007 decade_2000s,Drama Drama Drama Fantasy Fantasy Fantasy Musical Musical Musical Romance Romance Romance,,across the universe year_2007 decade_2000s Drama Drama Drama Fantasy Fantasy Fantasy Musical Musical Musical Romance Romance Romance
54256,Hot Rod (2007),Comedy,2007,hot rod,year_2007 decade_2000s,Comedy Comedy Comedy,,hot rod year_2007 decade_2000s Comedy Comedy Comedy
54259,Stardust (2007),Adventure|Comedy|Fantasy|Romance,2007,stardust,year_2007 decade_2000s,Adventure Adventure Adventure Comedy Comedy Comedy Fantasy Fantasy Fantasy Romance Romance Romance,,stardust year_2007 decade_2000s Adventure Adventure Adventure Comedy Comedy Comedy Fantasy Fantasy Fantasy Romance Romance Romance
54272,"Simpsons Movie, The (2007)",Animation|Comedy,2007,simpsons movie the,year_2007 decade_2000s,Animation Animation Animation Comedy Comedy Comedy,,simpsons movie the year_2007 decade_2000s Animation Animation Animation Comedy Comedy Comedy
54281,Charlie Bartlett (2007),Comedy|Drama,2007,charlie bartlett,year_2007 decade_2000s,Comedy Comedy Comedy Drama Drama Drama,,charlie bartlett year_2007 decade_2000s Comedy Comedy Comedy Drama Drama Drama
54286,"Bourne Ultimatum, The (2007)",Action|Crime|Thriller,2007,bourne ultimatum the,year_2007 decade_2000s,Action Action Action Crime Crime Crime Thriller Thriller Thriller,espionage assassin,bourne ultimatum the year_2007 decade_2000s Action Action Action Crime Crime Crime Thriller Thriller Thriller espionage assassin
54503,Superbad (2007),Comedy,2007,superbad,year_2007 decade_2000s,Comedy Comedy Comedy,michael cera friendship high school,superbad year_2007 decade_2000s Comedy Comedy Comedy michael cera friendship high school
54648,Rush Hour 3 (2007),Action|Comedy|Crime|Thriller,2007,rush hour 3,year_2007 decade_2000s,Action Action Action Comedy Comedy Comedy Crime Crime Crime Thriller Thriller Thriller,,rush hour 3 year_2007 decade_2000s Action Action Action Comedy Comedy Comedy Crime Crime Crime Thriller Thriller Thriller
54736,"Kingdom, The (2007)",Action|Drama|Thriller,2007,kingdom the,year_2007 decade_2000s,Action Action Action Drama Drama Drama Thriller Thriller Thriller,,kingdom the year_2007 decade_2000s Action Action Action Drama Drama Drama Thriller Thriller Thriller
54881,"King of Kong, The (2007)",Documentary,2007,king of kong the,year_2007 decade_2000s,Documentary Documentary Documentary,,king of kong the year_2007 decade_2000s Documentary Documentary Documentary
54995,Planet Terror (2007),Action|Horror|Sci-Fi,2007,planet terror,year_2007 decade_2000s,Action Action Action Horror Horror Horror SciFi SciFi SciFi,,planet terror year_2007 decade_2000s Action Action Action Horror Horror Horror SciFi SciFi SciFi
54997,3:10 to Yuma (2007),Action|Crime|Drama|Western,2007,3 10 to yuma,year_2007 decade_2000s,Action Action Action Crime Crime Crime Drama Drama Drama Western Western Western,christian bale,3 10 to yuma year_2007 decade_2000s Action Action Action Crime Crime Crime Drama Drama Drama Western Western Western christian bale
54999,Shoot 'Em Up (2007),Action|Comedy|Crime,2007,shoot em up,year_2007 decade_2000s,Action Action Action Comedy Comedy Comedy Crime Crime Crime,,shoot em up year_2007 decade_2000s Action Action Action Comedy Comedy Comedy Crime Crime Crime
55052,Atonement (2007),Drama|Romance|War,2007,atonement,year_2007 decade_2000s,Drama Drama Drama Romance Romance Romance War War War,,atonement year_2007 decade_2000s Drama Drama Drama Romance Romance Romance War War War
55118,Eastern Promises (2007),Crime|Drama|Thriller,2007,eastern promises,year_2007 decade_2000s,Crime Crime Crime Drama Drama Drama Thriller Thriller Thriller,,eastern promises year_2007 decade_2000s Crime Crime Crime Drama Drama Drama Thriller Thriller Thriller
55232,Resident Evil: Extinction (2007),Action|Horror|Sci-Fi|Thriller,2007,resident evil extinction,year_2007 decade_2000s,Action Action Action Horror Horror Horror SciFi SciFi SciFi Thriller Thriller Thriller,,resident evil extinction year_2007 decade_2000s Action Action Action Horror Horror Horror SciFi SciFi SciFi Thriller Thriller Thriller
55247,Into the Wild (2007),Action|Adventure|Drama,2007,into the wild,year_2007 decade_2000s,Action Action Action Adventure Adventure Adventure Drama Drama Drama,,into the wild year_2007 decade_2000s Action Action Action Adventure Adventure Adventure Drama Drama Drama
55261,"Heartbreak Kid, The (2007)",Comedy|Drama|Romance,2007,heartbreak kid the,year_2007 decade_2000s,Comedy Comedy Comedy Drama Drama Drama Romance Romance Romance,,heartbreak kid the year_2007 decade_2000s Comedy Comedy Comedy Drama Drama Drama Romance Romance Romance
55267,Dan in Real Life (2007),Comedy|Drama|Romance,2007,dan in real life,year_2007 decade_2000s,Comedy Comedy Comedy Drama Drama Drama Romance Romance Romance,,dan in real life year_2007 decade_2000s Comedy Comedy Comedy Drama Drama Drama Romance Romance Romance
55269,"Darjeeling Limited, The (2007)",Adventure|Comedy|Drama,2007,darjeeling limited the,year_2007 decade_2000s,Adventure Adventure Adventure Comedy Comedy Comedy Drama Drama Drama,,darjeeling limited the year_2007 decade_2000s Adventure Adventure Adventure Comedy Comedy Comedy Drama Drama Drama
55276,Michael Clayton (2007),Drama|Thriller,2007,michael clayton,year_2007 decade_2000s,Drama Drama Drama Thriller Thriller Thriller,,michael clayton year_2007 decade_2000s Drama Drama Drama Thriller Thriller Thriller
55280,Lars and the Real Girl (2007),Comedy|Drama,2007,lars and the real girl,year_2007 decade_2000s,Comedy Comedy Comedy Drama Drama Drama,,lars and the real girl year_2007 decade_2000s Comedy Comedy Comedy Drama Drama Drama
55282,30 Days of Night (2007),Horror|Thriller,2007,30 days of night,year_2007 decade_2000s,Horror Horror Horror Thriller Thriller Thriller,,30 days of night year_2007 decade_2000s Horror Horror Horror Thriller Thriller Thriller
55290,Gone Baby Gone (2007),Crime|Drama|Mystery,2007,gone baby gone,year_2007 decade_2000s,Crime Crime Crime Drama Drama Drama Mystery Mystery Mystery,great performances twist,gone baby gone year_2007 decade_2000s Crime Crime Crime Drama Drama Drama Mystery Mystery Mystery great performances twist
55363,"Assassination of Jesse James by the Coward Robert Ford, The (2007)",Crime|Drama|Western,2007,assassination of jesse james by the coward robert ford the,year_2007 decade_2000s,Crime Crime Crime Drama Drama Drama Western Western Western,,assassination of jesse james by the coward robert ford the year_2007 decade_2000s Crime Crime Crime Drama Drama Drama Western Western Western
55442,Persepolis (2007),Animation|Drama,2007,persepolis,year_2007 decade_2000s,Animation Animation Animation Drama Drama Drama,,persepolis year_2007 decade_2000s Animation Animation Animation Drama Drama Drama
55577,Saw IV (2007),Crime|Horror|Thriller,2007,saw iv,year_2007 decade_2000s,Crime Crime Crime Horror Horror Horror Thriller Thriller Thriller,,saw iv year_2007 decade_2000s Crime Crime Crime Horror Horror Horror Thriller Thriller Thriller
55721,Elite Squad (Tropa de Elite) (2007),Action|Crime|Drama|Thriller,2007,elite squad tropa de elite,year_2007 decade_2000s,Action Action Action Crime Crime Crime Drama Drama Drama Thriller Thriller Thriller,,elite squad tropa de elite year_2007 decade_2000s Action Action Action Crime Crime Crime Drama Drama Drama Thriller Thriller Thriller
55765,American Gangster (2007),Crime|Drama|Thriller,2007,american gangster,year_2007 decade_2000s,Crime Crime Crime Drama Drama Drama Thriller Thriller Thriller,corruption organized crime mafia,american gangster year_2007 decade_2000s Crime Crime Crime Drama Drama Drama Thriller Thriller Thriller corruption organized crime mafia
55768,Bee Movie (2007),Animation|Comedy,2007,bee movie,year_2007 decade_2000s,Animation Animation Animation Comedy Comedy Comedy,,bee movie year_2007 decade_2000s Animation Animation Animation Comedy Comedy Comedy
55814,"Diving Bell and the Butterfly, The (Scaphandre et le papillon, Le) (2007)",Drama,2007,diving bell and the butterfly the scaphandre et le papillon le,year_2007 decade_2000s,Drama Drama Drama,,diving bell and the butterfly the scaphandre et le papillon le year_2007 decade_2000s Drama Drama Drama
55820,No Country for Old Men (2007),Crime|Drama,2007,no country for old men,year_2007 decade_2000s,Crime Crime Crime Drama Drama Drama,,no country for old men year_2007 decade_2000s Crime Crime Crime Drama Drama Drama
55830,Be Kind Rewind (2008),Comedy,2008,be kind rewind,year_2008 decade_2000s,Comedy Comedy Comedy,,be kind rewind year_2008 decade_2000s Comedy Comedy Comedy
55872,August Rush (2007),Drama|Musical,2007,august rush,year_2007 decade_2000s,Drama Drama Drama Musical Musical Musical,,august rush year_2007 decade_2000s Drama Drama Drama Musical Musical Musical
55908,"Man from Earth, The (2007)",Drama|Sci-Fi,2007,man from earth the,year_2007 decade_2000s,Drama Drama Drama SciFi SciFi SciFi,,man from earth the year_2007 decade_2000s Drama Drama Drama SciFi SciFi SciFi
55995,Beowulf (2007),Action|Adventure|Animation|Fantasy,2007,beowulf,year_2007 decade_2000s,Action Action Action Adventure Adventure Adventure Animation Animation Animation Fantasy Fantasy Fantasy,,beowulf year_2007 decade_2000s Action Action Action Adventure Adventure Adventure Animation Animation Animation Fantasy Fantasy Fantasy
56145,"Mist, The (2007)",Horror|Sci-Fi,2007,mist the,year_2007 decade_2000s,Horror Horror Horror SciFi SciFi SciFi,,mist the year_2007 decade_2000s Horror Horror Horror SciFi SciFi SciFi
56152,Enchanted (2007),Adventure|Animation|Children|Comedy|Fantasy|Musical|Romance,2007,enchanted,year_2007 decade_2000s,Adventure Adventure Adventure Animation Animation Animation Children Children Children Comedy Comedy Comedy Fantasy Fantasy Fantasy Musical Musical Musical Romance Romance Romance,,enchanted year_2007 decade_2000s Adventure Adventure Adventure Animation Animation Animation Children Children Children Comedy Comedy Comedy Fantasy Fantasy Fantasy Musical Musical Musical Romance Romance Romance
56156,Hitman (2007),Action|Crime|Thriller,2007,hitman,year_2007 decade_2000s,Action Action Action Crime Crime Crime Thriller Thriller Thriller,,hitman year_2007 decade_2000s Action Action Action Crime Crime Crime Thriller Thriller Thriller
56171,"Golden Compass, The (2007)",Adventure|Children|Fantasy,2007,golden compass the,year_2007 decade_2000s,Adventure Adventure Adventure Children Children Children Fantasy Fantasy Fantasy,,golden compass the year_2007 decade_2000s Adventure Adventure Adventure Children Children Children Fantasy Fantasy Fantasy
56174,I Am Legend (2007),Action|Horror|Sci-Fi|Thriller,2007,i am legend,year_2007 decade_2000s,Action Action Action Horror Horror Horror SciFi SciFi SciFi Thriller Thriller Thriller,religion plot holes apocalypse based on a book last man on earth post apocalyptic,i am legend year_2007 decade_2000s Action Action Action Horror Horror Horror SciFi SciFi SciFi Thriller Thriller Thriller religion plot holes apocalypse based on a book last man on earth post apocalyptic
56251,Futurama: Bender's Big Score (2007),Animation|Comedy|Sci-Fi,2007,futurama bender s big score,year_2007 decade_2000s,Animation Animation Animation Comedy Comedy Comedy SciFi SciFi SciFi,,futurama bender s big score year_2007 decade_2000s Animation Animation Animation Comedy Comedy Comedy SciFi SciFi SciFi
56339,"Orphanage, The (Orfanato, El) (2007)",Drama|Horror|Mystery|Thriller,2007,orphanage the orfanato el,year_2007 decade_2000s,Drama Drama Drama Horror Horror Horror Mystery Mystery Mystery Thriller Thriller Thriller,,orphanage the orfanato el year_2007 decade_2000s Drama Drama Drama Horror Horror Horror Mystery Mystery Mystery Thriller Thriller Thriller
56367,Juno (2007),Comedy|Drama|Romance,2007,juno,year_2007 decade_2000s,Comedy Comedy Comedy Drama Drama Drama Romance Romance Romance,pregnancy notable soundtrack michael cera witty,juno year_2007 decade_2000s Comedy Comedy Comedy Drama Drama Drama Romance Romance Romance pregnancy notable soundtrack michael cera witty
56587,"Bucket List, The (2007)",Comedy|Drama,2007,bucket list the,year_2007 decade_2000s,Comedy Comedy Comedy Drama Drama Drama,,bucket list the year_2007 decade_2000s Comedy Comedy Comedy Drama Drama Drama
56715,Wristcutters: A Love Story (2006),Drama|Fantasy|Romance,2006,wristcutters a love story,year_2006 decade_2000s,Drama Drama Drama Fantasy Fantasy Fantasy Romance Romance Romance,,wristcutters a love story year_2006 decade_2000s Drama Drama Drama Fantasy Fantasy Fantasy Romance Romance Romance
56757,Sweeney Todd: The Demon Barber of Fleet Street (2007),Drama|Horror|Musical|Thriller,2007,sweeney todd the demon barber of fleet street,year_2007 decade_2000s,Drama Drama Drama Horror Horror Horror Musical Musical Musical Thriller Thriller Thriller,,sweeney todd the demon barber of fleet street year_2007 decade_2000s Drama Drama Drama Horror Horror Horror Musical Musical Musical Thriller Thriller Thriller
56775,National Treasure: Book of Secrets (2007),Action|Adventure,2007,national treasure book of secrets,year_2007 decade_2000s,Action Action Action Adventure Adventure Adventure,,national treasure book of secrets year_2007 decade_2000s Action Action Action Adventure Adventure Adventure
56782,There Will Be Blood (2007),Drama|Western,2007,there will be blood,year_2007 decade_2000s,Drama Drama Drama Western Western Western,visually appealing cerebral gritty intense atmospheric long shots morality character study,there will be blood year_2007 decade_2000s Drama Drama Drama Western Western Western visually appealing cerebral gritty intense atmospheric long shots morality character study
56788,Charlie Wilson's War (2007),Comedy|Drama|War,2007,charlie wilson s war,year_2007 decade_2000s,Comedy Comedy Comedy Drama Drama Drama War War War,,charlie wilson s war year_2007 decade_2000s Comedy Comedy Comedy Drama Drama Drama War War War
56801,AVPR: Aliens vs. Predator - Requiem (2007),Action|Horror|Sci-Fi,2007,avpr aliens vs predator requiem,year_2007 decade_2000s,Action Action Action Horror Horror Horror SciFi SciFi SciFi,,avpr aliens vs predator requiem year_2007 decade_2000s Action Action Action Horror Horror Horror SciFi SciFi SciFi
56805,Walk Hard: The Dewey Cox Story (2007),Comedy|Musical,2007,walk hard the dewey cox story,year_2007 decade_2000s,Comedy Comedy Comedy Musical Musical Musical,,walk hard the dewey cox story year_2007 decade_2000s Comedy Comedy Comedy Musical Musical Musical
56921,Battlestar Galactica: Razor (2007),Action|Drama|Sci-Fi|Thriller,2007,battlestar galactica razor,year_2007 decade_2000s,Action Action Action Drama Drama Drama SciFi SciFi SciFi Thriller Thriller Thriller,,battlestar galactica razor year_2007 decade_2000s Action Action Action Drama Drama Drama SciFi SciFi SciFi Thriller Thriller Thriller
56941,P.S. I Love You (2007),Comedy|Drama|Romance,2007,p s i love you,year_2007 decade_2000s,Comedy Comedy Comedy Drama Drama Drama Romance Romance Romance,,p s i love you year_2007 decade_2000s Comedy Comedy Comedy Drama Drama Drama Romance Romance Romance
56949,27 Dresses (2008),Comedy|Romance,2008,27 dresses,year_2008 decade_2000s,Comedy Comedy Comedy Romance Romance Romance,,27 dresses year_2008 decade_2000s Comedy Comedy Comedy Romance Romance Romance
57274,[REC] (2007),Drama|Horror|Thriller,2007,rec,year_2007 decade_2000s,Drama Drama Drama Horror Horror Horror Thriller Thriller Thriller,,rec year_2007 decade_2000s Drama Drama Drama Horror Horror Horror Thriller Thriller Thriller
57368,Cloverfield (2008),Action|Mystery|Sci-Fi|Thriller,2008,cloverfield,year_2008 decade_2000s,Action Action Action Mystery Mystery Mystery SciFi SciFi SciFi Thriller Thriller Thriller,,cloverfield year_2008 decade_2000s Action Action Action Mystery Mystery Mystery SciFi SciFi SciFi Thriller Thriller Thriller
57504,"Girl Who Leapt Through Time, The (Toki o kakeru shôjo) (2006)",Animation|Comedy|Drama|Romance|Sci-Fi,2006,girl who leapt through time the toki o kakeru sh jo,year_2006 decade_2000s,Animation Animation Animation Comedy Comedy Comedy Drama Drama Drama Romance Romance Romance SciFi SciFi SciFi,,girl who leapt through time the toki o kakeru sh jo year_2006 decade_2000s Animation Animation Animation Comedy Comedy Comedy Drama Drama Drama Romance Romance Romance SciFi SciFi SciFi
57528,Rambo (Rambo 4) (2008),Action|Drama|Thriller|War,2008,rambo rambo 4,year_2008 decade_2000s,Action Action Action Drama Drama Drama Thriller Thriller Thriller War War War,,rambo rambo 4 year_2008 decade_2000s Action Action Action Drama Drama Drama Thriller Thriller Thriller War War War
57640,Hellboy II: The Golden Army (2008),Action|Adventure|Fantasy|Sci-Fi,2008,hellboy ii the golden army,year_2008 decade_2000s,Action Action Action Adventure Adventure Adventure Fantasy Fantasy Fantasy SciFi SciFi SciFi,,hellboy ii the golden army year_2008 decade_2000s Action Action Action Adventure Adventure Adventure Fantasy Fantasy Fantasy SciFi SciFi SciFi
57669,In Bruges (2008),Comedy|Crime|Drama|Thriller,2008,in bruges,year_2008 decade_2000s,Comedy Comedy Comedy Crime Crime Crime Drama Drama Drama Thriller Thriller Thriller,dark comedy black comedy drugs friendship stylized irreverent,in bruges year_2008 decade_2000s Comedy Comedy Comedy Crime Crime Crime Drama Drama Drama Thriller Thriller Thriller dark comedy black comedy drugs friendship stylized irreverent
58025,Jumper (2008),Action|Adventure|Drama|Sci-Fi|Thriller,2008,jumper,year_2008 decade_2000s,Action Action Action Adventure Adventure Adventure Drama Drama Drama SciFi SciFi SciFi Thriller Thriller Thriller,,jumper year_2008 decade_2000s Action Action Action Adventure Adventure Adventure Drama Drama Drama SciFi SciFi SciFi Thriller Thriller Thriller
58047,"Definitely, Maybe (2008)",Comedy|Drama|Romance,2008,definitely maybe,year_2008 decade_2000s,Comedy Comedy Comedy Drama Drama Drama Romance Romance Romance,ryan reynolds rachel weisz,definitely maybe year_2008 decade_2000s Comedy Comedy Comedy Drama Drama Drama Romance Romance Romance ryan reynolds rachel weisz
58103,Vantage Point (2008),Action|Drama|Thriller,2008,vantage point,year_2008 decade_2000s,Action Action Action Drama Drama Drama Thriller Thriller Thriller,,vantage point year_2008 decade_2000s Action Action Action Drama Drama Drama Thriller Thriller Thriller
58105,"Spiderwick Chronicles, The (2008)",Adventure|Children|Drama|Fantasy,2008,spiderwick chronicles the,year_2008 decade_2000s,Adventure Adventure Adventure Children Children Children Drama Drama Drama Fantasy Fantasy Fantasy,,spiderwick chronicles the year_2008 decade_2000s Adventure Adventure Adventure Children Children Children Drama Drama Drama Fantasy Fantasy Fantasy
58154,"Other Boleyn Girl, The (2008)",Drama|Romance,2008,other boleyn girl the,year_2008 decade_2000s,Drama Drama Drama Romance Romance Romance,,other boleyn girl the year_2008 decade_2000s Drama Drama Drama Romance Romance Romance
58156,Semi-Pro (2008),Comedy,2008,semi pro,year_2008 decade_2000s,Comedy Comedy Comedy,,semi pro year_2008 decade_2000s Comedy Comedy Comedy
58162,Run Fatboy Run (2007),Comedy|Romance,2007,run fatboy run,year_2007 decade_2000s,Comedy Comedy Comedy Romance Romance Romance,,run fatboy run year_2007 decade_2000s Comedy Comedy Comedy Romance Romance Romance
58293,"10,000 BC (2008)",Adventure|Romance|Thriller,2008,10 000 bc,year_2008 decade_2000s,Adventure Adventure Adventure Romance Romance Romance Thriller Thriller Thriller,,10 000 bc year_2008 decade_2000s Adventure Adventure Adventure Romance Romance Romance Thriller Thriller Thriller
58295,"Bank Job, The (2008)",Action|Crime|Thriller,2008,bank job the,year_2008 decade_2000s,Action Action Action Crime Crime Crime Thriller Thriller Thriller,heist,bank job the year_2008 decade_2000s Action Action Action Crime Crime Crime Thriller Thriller Thriller heist
58299,Horton Hears a Who! (2008),Adventure|Animation|Children|Comedy,2008,horton hears a who,year_2008 decade_2000s,Adventure Adventure Adventure Animation Animation Animation Children Children Children Comedy Comedy Comedy,,horton hears a who year_2008 decade_2000s Adventure Adventure Adventure Animation Animation Animation Children Children Children Comedy Comedy Comedy
58559,"Dark Knight, The (2008)",Action|Crime|Drama,2008,dark knight the,year_2008 decade_2000s,Action Action Action Crime Crime Crime Drama Drama Drama,psychology superhero dark gritty,dark knight the year_2008 decade_2000s Action Action Action Crime Crime Crime Drama Drama Drama psychology superhero dark gritty
58803,21 (2008),Crime|Drama|Romance|Thriller,2008,21,year_2008 decade_2000s,Crime Crime Crime Drama Drama Drama Romance Romance Romance Thriller Thriller Thriller,,21 year_2008 decade_2000s Crime Crime Crime Drama Drama Drama Romance Romance Romance Thriller Thriller Thriller
58998,Forgetting Sarah Marshall (2008),Comedy|Romance,2008,forgetting sarah marshall,year_2008 decade_2000s,Comedy Comedy Comedy Romance Romance Romance,,forgetting sarah marshall year_2008 decade_2000s Comedy Comedy Comedy Romance Romance Romance
59022,Harold & Kumar Escape from Guantanamo Bay (2008),Adventure|Comedy,2008,harold kumar escape from guantanamo bay,year_2008 decade_2000s,Adventure Adventure Adventure Comedy Comedy Comedy,,harold kumar escape from guantanamo bay year_2008 decade_2000s Adventure Adventure Adventure Comedy Comedy Comedy
59126,Religulous (2008),Comedy|Documentary,2008,religulous,year_2008 decade_2000s,Comedy Comedy Comedy Documentary Documentary Documentary,,religulous year_2008 decade_2000s Comedy Comedy Comedy Documentary Documentary Documentary
59258,Baby Mama (2008),Comedy,2008,baby mama,year_2008 decade_2000s,Comedy Comedy Comedy,,baby mama year_2008 decade_2000s Comedy Comedy Comedy
59315,Iron Man (2008),Action|Adventure|Sci-Fi,2008,iron man,year_2008 decade_2000s,Action Action Action Adventure Adventure Adventure SciFi SciFi SciFi,,iron man year_2008 decade_2000s Action Action Action Adventure Adventure Adventure SciFi SciFi SciFi
59369,Taken (2008),Action|Crime|Drama|Thriller,2008,taken,year_2008 decade_2000s,Action Action Action Crime Crime Crime Drama Drama Drama Thriller Thriller Thriller,,taken year_2008 decade_2000s Action Action Action Crime Crime Crime Drama Drama Drama Thriller Thriller Thriller
59387,"Fall, The (2006)",Adventure|Drama|Fantasy,2006,fall the,year_2006 decade_2000s,Adventure Adventure Adventure Drama Drama Drama Fantasy Fantasy Fantasy,,fall the year_2006 decade_2000s Adventure Adventure Adventure Drama Drama Drama Fantasy Fantasy Fantasy
59421,What Happens in Vegas... (2008),Comedy|Romance,2008,what happens in vegas,year_2008 decade_2000s,Comedy Comedy Comedy Romance Romance Romance,,what happens in vegas year_2008 decade_2000s Comedy Comedy Comedy Romance Romance Romance
59501,"Chronicles of Narnia: Prince Caspian, The (2008)",Adventure|Children|Fantasy,2008,chronicles of narnia prince caspian the,year_2008 decade_2000s,Adventure Adventure Adventure Children Children Children Fantasy Fantasy Fantasy,fantasy,chronicles of narnia prince caspian the year_2008 decade_2000s Adventure Adventure Adventure Children Children Children Fantasy Fantasy Fantasy fantasy
59615,Indiana Jones and the Kingdom of the Crystal Skull (2008),Action|Adventure|Comedy|Sci-Fi,2008,indiana jones and the kingdom of the crystal skull,year_2008 decade_2000s,Action Action Action Adventure Adventure Adventure Comedy Comedy Comedy SciFi SciFi SciFi,,indiana jones and the kingdom of the crystal skull year_2008 decade_2000s Action Action Action Adventure Adventure Adventure Comedy Comedy Comedy SciFi SciFi SciFi
59725,Sex and the City (2008),Comedy|Romance,2008,sex and the city,year_2008 decade_2000s,Comedy Comedy Comedy Romance Romance Romance,,sex and the city year_2008 decade_2000s Comedy Comedy Comedy Romance Romance Romance
59784,Kung Fu Panda (2008),Action|Animation|Children|Comedy,2008,kung fu panda,year_2008 decade_2000s,Action Action Action Animation Animation Animation Children Children Children Comedy Comedy Comedy,,kung fu panda year_2008 decade_2000s Action Action Action Animation Animation Animation Children Children Children Comedy Comedy Comedy
59900,You Don't Mess with the Zohan (2008),Comedy,2008,you don t mess with the zohan,year_2008 decade_2000s,Comedy Comedy Comedy,,you don t mess with the zohan year_2008 decade_2000s Comedy Comedy Comedy
60037,"Happening, The (2008)",Drama|Sci-Fi|Thriller,2008,happening the,year_2008 decade_2000s,Drama Drama Drama SciFi SciFi SciFi Thriller Thriller Thriller,,happening the year_2008 decade_2000s Drama Drama Drama SciFi SciFi SciFi Thriller Thriller Thriller
60040,"Incredible Hulk, The (2008)",Action|Sci-Fi,2008,incredible hulk the,year_2008 decade_2000s,Action Action Action SciFi SciFi SciFi,,incredible hulk the year_2008 decade_2000s Action Action Action SciFi SciFi SciFi
60069,WALL·E (2008),Adventure|Animation|Children|Romance|Sci-Fi,2008,wall e,year_2008 decade_2000s,Adventure Adventure Adventure Animation Animation Animation Children Children Children Romance Romance Romance SciFi SciFi SciFi,social commentary post apocalyptic last man on earth love story,wall e year_2008 decade_2000s Adventure Adventure Adventure Animation Animation Animation Children Children Children Romance Romance Romance SciFi SciFi SciFi social commentary post apocalyptic last man on earth love story
60072,Wanted (2008),Action|Thriller,2008,wanted,year_2008 decade_2000s,Action Action Action Thriller Thriller Thriller,,wanted year_2008 decade_2000s Action Action Action Thriller Thriller Thriller
60074,Hancock (2008),Action|Adventure|Comedy|Crime|Fantasy,2008,hancock,year_2008 decade_2000s,Action Action Action Adventure Adventure Adventure Comedy Comedy Comedy Crime Crime Crime Fantasy Fantasy Fantasy,will smith bad script charlize theron,hancock year_2008 decade_2000s Action Action Action Adventure Adventure Adventure Comedy Comedy Comedy Crime Crime Crime Fantasy Fantasy Fantasy will smith bad script charlize theron
60126,Get Smart (2008),Action|Comedy,2008,get smart,year_2008 decade_2000s,Action Action Action Comedy Comedy Comedy,steve carell anne hathaway,get smart year_2008 decade_2000s Action Action Action Comedy Comedy Comedy steve carell anne hathaway
60161,Futurama: The Beast with a Billion Backs (2008),Action|Animation|Comedy|Romance|Sci-Fi,2008,futurama the beast with a billion backs,year_2008 decade_2000s,Action Action Action Animation Animation Animation Comedy Comedy Comedy Romance Romance Romance SciFi SciFi SciFi,,futurama the beast with a billion backs year_2008 decade_2000s Action Action Action Animation Animation Animation Comedy Comedy Comedy Romance Romance Romance SciFi SciFi SciFi
60397,Mamma Mia! (2008),Comedy|Musical|Romance,2008,mamma mia,year_2008 decade_2000s,Comedy Comedy Comedy Musical Musical Musical Romance Romance Romance,,mamma mia year_2008 decade_2000s Comedy Comedy Comedy Musical Musical Musical Romance Romance Romance
60487,"It's the Great Pumpkin, Charlie Brown (1966)",Animation|Children|Comedy,1966,it s the great pumpkin charlie brown,year_1966 decade_1960s,Animation Animation Animation Children Children Children Comedy Comedy Comedy,,it s the great pumpkin charlie brown year_1966 decade_1960s Animation Animation Animation Children Children Children Comedy Comedy Comedy
60514,Journey to the Center of the Earth (2008),Action|Adventure|Sci-Fi,2008,journey to the center of the earth,year_2008 decade_2000s,Action Action Action Adventure Adventure Adventure SciFi SciFi SciFi,,journey to the center of the earth year_2008 decade_2000s Action Action Action Adventure Adventure Adventure SciFi SciFi SciFi
60684,Watchmen (2009),Action|Drama|Mystery|Sci-Fi|Thriller,2009,watchmen,year_2009 decade_2000s,Action Action Action Drama Drama Drama Mystery Mystery Mystery SciFi SciFi SciFi Thriller Thriller Thriller,,watchmen year_2009 decade_2000s Action Action Action Drama Drama Drama Mystery Mystery Mystery SciFi SciFi SciFi Thriller Thriller Thriller
60756,Step Brothers (2008),Comedy,2008,step brothers,year_2008 decade_2000s,Comedy Comedy Comedy,will ferrell funny highly quotable comedy,step brothers year_2008 decade_2000s Comedy Comedy Comedy will ferrell funny highly quotable comedy
60766,Man on Wire (2008),Documentary,2008,man on wire,year_2008 decade_2000s,Documentary Documentary Documentary,,man on wire year_2008 decade_2000s Documentary Documentary Documentary
60937,"Mummy: Tomb of the Dragon Emperor, The (2008)",Action|Adventure|Fantasy|Thriller,2008,mummy tomb of the dragon emperor the,year_2008 decade_2000s,Action Action Action Adventure Adventure Adventure Fantasy Fantasy Fantasy Thriller Thriller Thriller,,mummy tomb of the dragon emperor the year_2008 decade_2000s Action Action Action Adventure Adventure Adventure Fantasy Fantasy Fantasy Thriller Thriller Thriller
60950,Vicky Cristina Barcelona (2008),Comedy|Drama|Romance,2008,vicky cristina barcelona,year_2008 decade_2000s,Comedy Comedy Comedy Drama Drama Drama Romance Romance Romance,,vicky cristina barcelona year_2008 decade_2000s Comedy Comedy Comedy Drama Drama Drama Romance Romance Romance
61024,Pineapple Express (2008),Action|Comedy|Crime,2008,pineapple express,year_2008 decade_2000s,Action Action Action Comedy Comedy Comedy Crime Crime Crime,james franco seth rogen comedy,pineapple express year_2008 decade_2000s Action Action Action Comedy Comedy Comedy Crime Crime Crime james franco seth rogen comedy
61132,Tropic Thunder (2008),Action|Adventure|Comedy|War,2008,tropic thunder,year_2008 decade_2000s,Action Action Action Adventure Adventure Adventure Comedy Comedy Comedy War War War,,tropic thunder year_2008 decade_2000s Action Action Action Adventure Adventure Adventure Comedy Comedy Comedy War War War
61160,Star Wars: The Clone Wars (2008),Action|Adventure|Animation|Sci-Fi,2008,star wars the clone wars,year_2008 decade_2000s,Action Action Action Adventure Adventure Adventure Animation Animation Animation SciFi SciFi SciFi,,star wars the clone wars year_2008 decade_2000s Action Action Action Adventure Adventure Adventure Animation Animation Animation SciFi SciFi SciFi
61236,Waltz with Bashir (Vals im Bashir) (2008),Animation|Documentary|Drama|War,2008,waltz with bashir vals im bashir,year_2008 decade_2000s,Animation Animation Animation Documentary Documentary Documentary Drama Drama Drama War War War,,waltz with bashir vals im bashir year_2008 decade_2000s Animation Animation Animation Documentary Documentary Documentary Drama Drama Drama War War War
61240,Let the Right One In (Låt den rätte komma in) (2008),Drama|Fantasy|Horror|Romance,2008,let the right one in l t den r tte komma in,year_2008 decade_2000s,Drama Drama Drama Fantasy Fantasy Fantasy Horror Horror Horror Romance Romance Romance,,let the right one in l t den r tte komma in year_2008 decade_2000s Drama Drama Drama Fantasy Fantasy Fantasy Horror Horror Horror Romance Romance Romance
61248,Death Race (2008),Action|Adventure|Sci-Fi|Thriller,2008,death race,year_2008 decade_2000s,Action Action Action Adventure Adventure Adventure SciFi SciFi SciFi Thriller Thriller Thriller,,death race year_2008 decade_2000s Action Action Action Adventure Adventure Adventure SciFi SciFi SciFi Thriller Thriller Thriller
61250,"House Bunny, The (2008)",Comedy,2008,house bunny the,year_2008 decade_2000s,Comedy Comedy Comedy,,house bunny the year_2008 decade_2000s Comedy Comedy Comedy
61323,Burn After Reading (2008),Comedy|Crime|Drama,2008,burn after reading,year_2008 decade_2000s,Comedy Comedy Comedy Crime Crime Crime Drama Drama Drama,dark comedy brad pitt coen brothers espionage satire weird twists turns,burn after reading year_2008 decade_2000s Comedy Comedy Comedy Crime Crime Crime Drama Drama Drama dark comedy brad pitt coen brothers espionage satire weird twists turns
62081,Eagle Eye (2008),Action|Crime|Thriller,2008,eagle eye,year_2008 decade_2000s,Action Action Action Crime Crime Crime Thriller Thriller Thriller,,eagle eye year_2008 decade_2000s Action Action Action Crime Crime Crime Thriller Thriller Thriller
62113,How to Lose Friends & Alienate People (2008),Comedy,2008,how to lose friends alienate people,year_2008 decade_2000s,Comedy Comedy Comedy,,how to lose friends alienate people year_2008 decade_2000s Comedy Comedy Comedy
62155,Nick and Norah's Infinite Playlist (2008),Comedy|Drama|Romance,2008,nick and norah s infinite playlist,year_2008 decade_2000s,Comedy Comedy Comedy Drama Drama Drama Romance Romance Romance,,nick and norah s infinite playlist year_2008 decade_2000s Comedy Comedy Comedy Drama Drama Drama Romance Romance Romance
62250,Gomorrah (Gomorra) (2008),Crime|Drama,2008,gomorrah gomorra,year_2008 decade_2000s,Crime Crime Crime Drama Drama Drama,,gomorrah gomorra year_2008 decade_2000s Crime Crime Crime Drama Drama Drama
62336,FLCL (2000),Animation|Comedy|Fantasy|Sci-Fi,2000,flcl,year_2000 decade_2000s,Animation Animation Animation Comedy Comedy Comedy Fantasy Fantasy Fantasy SciFi SciFi SciFi,stylish surreal cult film,flcl year_2000 decade_2000s Animation Animation Animation Comedy Comedy Comedy Fantasy Fantasy Fantasy SciFi SciFi SciFi stylish surreal cult film
62374,Body of Lies (2008),Action|Drama|Thriller,2008,body of lies,year_2008 decade_2000s,Action Action Action Drama Drama Drama Thriller Thriller Thriller,,body of lies year_2008 decade_2000s Action Action Action Drama Drama Drama Thriller Thriller Thriller
62434,Zack and Miri Make a Porno (2008),Comedy|Drama|Romance,2008,zack and miri make a porno,year_2008 decade_2000s,Comedy Comedy Comedy Drama Drama Drama Romance Romance Romance,seth rogen,zack and miri make a porno year_2008 decade_2000s Comedy Comedy Comedy Drama Drama Drama Romance Romance Romance seth rogen
62644,"Wave, The (Welle, Die) (2008)",Drama,2008,wave the welle die,year_2008 decade_2000s,Drama Drama Drama,,wave the welle die year_2008 decade_2000s Drama Drama Drama
62849,RocknRolla (2008),Action|Crime,2008,rocknrolla,year_2008 decade_2000s,Action Action Action Crime Crime Crime,,rocknrolla year_2008 decade_2000s Action Action Action Crime Crime Crime
62956,Futurama: Bender's Game (2008),Action|Adventure|Animation|Comedy|Fantasy|Sci-Fi,2008,futurama bender s game,year_2008 decade_2000s,Action Action Action Adventure Adventure Adventure Animation Animation Animation Comedy Comedy Comedy Fantasy Fantasy Fantasy SciFi SciFi SciFi,,futurama bender s game year_2008 decade_2000s Action Action Action Adventure Adventure Adventure Animation Animation Animation Comedy Comedy Comedy Fantasy Fantasy Fantasy SciFi SciFi SciFi
62999,Madagascar: Escape 2 Africa (2008),Action|Adventure|Animation|Children|Comedy,2008,madagascar escape 2 africa,year_2008 decade_2000s,Action Action Action Adventure Adventure Adventure Animation Animation Animation Children Children Children Comedy Comedy Comedy,,madagascar escape 2 africa year_2008 decade_2000s Action Action Action Adventure Adventure Adventure Animation Animation Animation Children Children Children Comedy Comedy Comedy
63062,Changeling (2008),Crime|Drama|Mystery,2008,changeling,year_2008 decade_2000s,Crime Crime Crime Drama Drama Drama Mystery Mystery Mystery,emotional,changeling year_2008 decade_2000s Crime Crime Crime Drama Drama Drama Mystery Mystery Mystery emotional
63072,"Road, The (2009)",Adventure|Drama|Thriller,2009,road the,year_2009 decade_2000s,Adventure Adventure Adventure Drama Drama Drama Thriller Thriller Thriller,,road the year_2009 decade_2000s Adventure Adventure Adventure Drama Drama Drama Thriller Thriller Thriller
63082,Slumdog Millionaire (2008),Crime|Drama|Romance,2008,slumdog millionaire,year_2008 decade_2000s,Crime Crime Crime Drama Drama Drama Romance Romance Romance,,slumdog millionaire year_2008 decade_2000s Crime Crime Crime Drama Drama Drama Romance Romance Romance
63113,Quantum of Solace (2008),Action|Adventure|Thriller,2008,quantum of solace,year_2008 decade_2000s,Action Action Action Adventure Adventure Adventure Thriller Thriller Thriller,,quantum of solace year_2008 decade_2000s Action Action Action Adventure Adventure Adventure Thriller Thriller Thriller
63131,Role Models (2008),Comedy,2008,role models,year_2008 decade_2000s,Comedy Comedy Comedy,,role models year_2008 decade_2000s Comedy Comedy Comedy
63853,Australia (2008),Adventure|Drama|War|Western,2008,australia,year_2008 decade_2000s,Adventure Adventure Adventure Drama Drama Drama War War War Western Western Western,,australia year_2008 decade_2000s Adventure Adventure Adventure Drama Drama Drama War War War Western Western Western
63859,Bolt (2008),Action|Adventure|Animation|Children|Comedy,2008,bolt,year_2008 decade_2000s,Action Action Action Adventure Adventure Adventure Animation Animation Animation Children Children Children Comedy Comedy Comedy,,bolt year_2008 decade_2000s Action Action Action Adventure Adventure Adventure Animation Animation Animation Children Children Children Comedy Comedy Comedy
63876,Milk (2008),Drama,2008,milk,year_2008 decade_2000s,Drama Drama Drama,,milk year_2008 decade_2000s Drama Drama Drama
63992,Twilight (2008),Drama|Fantasy|Romance|Thriller,2008,twilight,year_2008 decade_2000s,Drama Drama Drama Fantasy Fantasy Fantasy Romance Romance Romance Thriller Thriller Thriller,audience intelligence underestimated overrated boring chick flick,twilight year_2008 decade_2000s Drama Drama Drama Fantasy Fantasy Fantasy Romance Romance Romance Thriller Thriller Thriller audience intelligence underestimated overrated boring chick flick
64030,Transporter 3 (2008),Action|Adventure|Crime|Thriller,2008,transporter 3,year_2008 decade_2000s,Action Action Action Adventure Adventure Adventure Crime Crime Crime Thriller Thriller Thriller,,transporter 3 year_2008 decade_2000s Action Action Action Adventure Adventure Adventure Crime Crime Crime Thriller Thriller Thriller
64034,"Boy in the Striped Pajamas, The (Boy in the Striped Pyjamas, The) (2008)",Drama|War,2008,boy in the striped pajamas the boy in the striped pyjamas the,year_2008 decade_2000s,Drama Drama Drama War War War,friendship,boy in the striped pajamas the boy in the striped pyjamas the year_2008 decade_2000s Drama Drama Drama War War War friendship
64231,Punisher: War Zone (2008),Action|Crime|Drama|Thriller,2008,punisher war zone,year_2008 decade_2000s,Action Action Action Crime Crime Crime Drama Drama Drama Thriller Thriller Thriller,,punisher war zone year_2008 decade_2000s Action Action Action Crime Crime Crime Drama Drama Drama Thriller Thriller Thriller
64285,Wallace and Gromit in 'A Matter of Loaf and Death' (2008),Animation|Comedy,2008,wallace and gromit in a matter of loaf and death,year_2008 decade_2000s,Animation Animation Animation Comedy Comedy Comedy,,wallace and gromit in a matter of loaf and death year_2008 decade_2000s Animation Animation Animation Comedy Comedy Comedy
64497,"Day the Earth Stood Still, The (2008)",Drama|Sci-Fi|Thriller,2008,day the earth stood still the,year_2008 decade_2000s,Drama Drama Drama SciFi SciFi SciFi Thriller Thriller Thriller,,day the earth stood still the year_2008 decade_2000s Drama Drama Drama SciFi SciFi SciFi Thriller Thriller Thriller
64575,Doubt (2008),Drama|Mystery,2008,doubt,year_2008 decade_2000s,Drama Drama Drama Mystery Mystery Mystery,,doubt year_2008 decade_2000s Drama Drama Drama Mystery Mystery Mystery
64614,Gran Torino (2008),Crime|Drama,2008,gran torino,year_2008 decade_2000s,Crime Crime Crime Drama Drama Drama,,gran torino year_2008 decade_2000s Crime Crime Crime Drama Drama Drama
64620,Frost/Nixon (2008),Drama,2008,frost nixon,year_2008 decade_2000s,Drama Drama Drama,,frost nixon year_2008 decade_2000s Drama Drama Drama
64622,"Reader, The (2008)",Drama|Romance,2008,reader the,year_2008 decade_2000s,Drama Drama Drama Romance Romance Romance,,reader the year_2008 decade_2000s Drama Drama Drama Romance Romance Romance
64716,Seven Pounds (2008),Drama,2008,seven pounds,year_2008 decade_2000s,Drama Drama Drama,,seven pounds year_2008 decade_2000s Drama Drama Drama
64839,"Wrestler, The (2008)",Drama,2008,wrestler the,year_2008 decade_2000s,Drama Drama Drama,,wrestler the year_2008 decade_2000s Drama Drama Drama
64957,"Curious Case of Benjamin Button, The (2008)",Drama|Fantasy|Mystery|Romance,2008,curious case of benjamin button the,year_2008 decade_2000s,Drama Drama Drama Fantasy Fantasy Fantasy Mystery Mystery Mystery Romance Romance Romance,,curious case of benjamin button the year_2008 decade_2000s Drama Drama Drama Fantasy Fantasy Fantasy Mystery Mystery Mystery Romance Romance Romance
64969,Yes Man (2008),Comedy,2008,yes man,year_2008 decade_2000s,Comedy Comedy Comedy,,yes man year_2008 decade_2000s Comedy Comedy Comedy
64983,Valkyrie (2008),Drama|Thriller|War,2008,valkyrie,year_2008 decade_2000s,Drama Drama Drama Thriller Thriller Thriller War War War,,valkyrie year_2008 decade_2000s Drama Drama Drama Thriller Thriller Thriller War War War
65088,Bedtime Stories (2008),Adventure|Children|Comedy,2008,bedtime stories,year_2008 decade_2000s,Adventure Adventure Adventure Children Children Children Comedy Comedy Comedy,,bedtime stories year_2008 decade_2000s Adventure Adventure Adventure Children Children Children Comedy Comedy Comedy
65130,Revolutionary Road (2008),Drama|Romance,2008,revolutionary road,year_2008 decade_2000s,Drama Drama Drama Romance Romance Romance,,revolutionary road year_2008 decade_2000s Drama Drama Drama Romance Romance Romance
65216,Defiance (2008),Drama|Thriller|War,2008,defiance,year_2008 decade_2000s,Drama Drama Drama Thriller Thriller Thriller War War War,,defiance year_2008 decade_2000s Drama Drama Drama Thriller Thriller Thriller War War War
65230,Marley & Me (2008),Comedy|Drama,2008,marley me,year_2008 decade_2000s,Comedy Comedy Comedy Drama Drama Drama,,marley me year_2008 decade_2000s Comedy Comedy Comedy Drama Drama Drama
65261,Ponyo (Gake no ue no Ponyo) (2008),Adventure|Animation|Children|Fantasy,2008,ponyo gake no ue no ponyo,year_2008 decade_2000s,Adventure Adventure Adventure Animation Animation Animation Children Children Children Fantasy Fantasy Fantasy,,ponyo gake no ue no ponyo year_2008 decade_2000s Adventure Adventure Adventure Animation Animation Animation Children Children Children Fantasy Fantasy Fantasy
65514,Ip Man (2008),Action|Drama|War,2008,ip man,year_2008 decade_2000s,Action Action Action Drama Drama Drama War War War,,ip man year_2008 decade_2000s Action Action Action Drama Drama Drama War War War
65682,Underworld: Rise of the Lycans (2009),Action|Fantasy|Horror|Thriller,2009,underworld rise of the lycans,year_2009 decade_2000s,Action Action Action Fantasy Fantasy Fantasy Horror Horror Horror Thriller Thriller Thriller,,underworld rise of the lycans year_2009 decade_2000s Action Action Action Fantasy Fantasy Fantasy Horror Horror Horror Thriller Thriller Thriller
65685,Inkheart (2008),Adventure|Fantasy,2008,inkheart,year_2008 decade_2000s,Adventure Adventure Adventure Fantasy Fantasy Fantasy,,inkheart year_2008 decade_2000s Adventure Adventure Adventure Fantasy Fantasy Fantasy
65802,Paul Blart: Mall Cop (2009),Action|Comedy|Crime,2009,paul blart mall cop,year_2009 decade_2000s,Action Action Action Comedy Comedy Comedy Crime Crime Crime,,paul blart mall cop year_2009 decade_2000s Action Action Action Comedy Comedy Comedy Crime Crime Crime
66097,Coraline (2009),Animation|Fantasy|Thriller,2009,coraline,year_2009 decade_2000s,Animation Animation Animation Fantasy Fantasy Fantasy Thriller Thriller Thriller,dark surreal creepy tim burton,coraline year_2009 decade_2000s Animation Animation Animation Fantasy Fantasy Fantasy Thriller Thriller Thriller dark surreal creepy tim burton
66203,He's Just Not That Into You (2009),Comedy|Drama|Romance,2009,he s just not that into you,year_2009 decade_2000s,Comedy Comedy Comedy Drama Drama Drama Romance Romance Romance,,he s just not that into you year_2009 decade_2000s Comedy Comedy Comedy Drama Drama Drama Romance Romance Romance
66297,Futurama: Into the Wild Green Yonder (2009),Action|Animation|Comedy|Sci-Fi,2009,futurama into the wild green yonder,year_2009 decade_2000s,Action Action Action Animation Animation Animation Comedy Comedy Comedy SciFi SciFi SciFi,,futurama into the wild green yonder year_2009 decade_2000s Action Action Action Animation Animation Animation Comedy Comedy Comedy SciFi SciFi SciFi
66371,Departures (Okuribito) (2008),Drama,2008,departures okuribito,year_2008 decade_2000s,Drama Drama Drama,,departures okuribito year_2008 decade_2000s Drama Drama Drama
66509,Funny People (2009),Comedy|Drama,2009,funny people,year_2009 decade_2000s,Comedy Comedy Comedy Drama Drama Drama,,funny people year_2009 decade_2000s Comedy Comedy Comedy Drama Drama Drama
66785,"Good, the Bad, the Weird, The (Joheunnom nabbeunnom isanghannom) (2008)",Action|Adventure|Comedy|Western,2008,good the bad the weird the joheunnom nabbeunnom isanghannom,year_2008 decade_2000s,Action Action Action Adventure Adventure Adventure Comedy Comedy Comedy Western Western Western,,good the bad the weird the joheunnom nabbeunnom isanghannom year_2008 decade_2000s Action Action Action Adventure Adventure Adventure Comedy Comedy Comedy Western Western Western
66934,Dr. Horrible's Sing-Along Blog (2008),Comedy|Drama|Musical|Sci-Fi,2008,dr horrible s sing along blog,year_2008 decade_2000s,Comedy Comedy Comedy Drama Drama Drama Musical Musical Musical SciFi SciFi SciFi,parody,dr horrible s sing along blog year_2008 decade_2000s Comedy Comedy Comedy Drama Drama Drama Musical Musical Musical SciFi SciFi SciFi parody
67087,"I Love You, Man (2009)",Comedy,2009,i love you man,year_2009 decade_2000s,Comedy Comedy Comedy,paul rudd comedy bromance,i love you man year_2009 decade_2000s Comedy Comedy Comedy paul rudd comedy bromance
67197,Knowing (2009),Action|Drama|Mystery|Sci-Fi|Thriller,2009,knowing,year_2009 decade_2000s,Action Action Action Drama Drama Drama Mystery Mystery Mystery SciFi SciFi SciFi Thriller Thriller Thriller,,knowing year_2009 decade_2000s Action Action Action Drama Drama Drama Mystery Mystery Mystery SciFi SciFi SciFi Thriller Thriller Thriller
67255,"Girl with the Dragon Tattoo, The (Män som hatar kvinnor) (2009)",Crime|Drama|Mystery|Thriller,2009,girl with the dragon tattoo the m n som hatar kvinnor,year_2009 decade_2000s,Crime Crime Crime Drama Drama Drama Mystery Mystery Mystery Thriller Thriller Thriller,,girl with the dragon tattoo the m n som hatar kvinnor year_2009 decade_2000s Crime Crime Crime Drama Drama Drama Mystery Mystery Mystery Thriller Thriller Thriller
67408,Monsters vs. Aliens (2009),Animation|Sci-Fi,2009,monsters vs aliens,year_2009 decade_2000s,Animation Animation Animation SciFi SciFi SciFi,,monsters vs aliens year_2009 decade_2000s Animation Animation Animation SciFi SciFi SciFi
67734,Adventureland (2009),Comedy|Drama,2009,adventureland,year_2009 decade_2000s,Comedy Comedy Comedy Drama Drama Drama,,adventureland year_2009 decade_2000s Comedy Comedy Comedy Drama Drama Drama
67923,"Fast & Furious (Fast and the Furious 4, The) (2009)",Action|Crime|Drama|Thriller,2009,fast furious fast and the furious 4 the,year_2009 decade_2000s,Action Action Action Crime Crime Crime Drama Drama Drama Thriller Thriller Thriller,,fast furious fast and the furious 4 the year_2009 decade_2000s Action Action Action Crime Crime Crime Drama Drama Drama Thriller Thriller Thriller
67997,In the Loop (2009),Comedy,2009,in the loop,year_2009 decade_2000s,Comedy Comedy Comedy,,in the loop year_2009 decade_2000s Comedy Comedy Comedy
68073,Pirate Radio (2009),Comedy|Drama,2009,pirate radio,year_2009 decade_2000s,Comedy Comedy Comedy Drama Drama Drama,,pirate radio year_2009 decade_2000s Comedy Comedy Comedy Drama Drama Drama
68135,17 Again (2009),Comedy|Drama,2009,17 again,year_2009 decade_2000s,Comedy Comedy Comedy Drama Drama Drama,,17 again year_2009 decade_2000s Comedy Comedy Comedy Drama Drama Drama
68157,Inglourious Basterds (2009),Action|Drama|War,2009,inglourious basterds,year_2009 decade_2000s,Action Action Action Drama Drama Drama War War War,quentin tarantino christoph waltz brad pitt black comedy satire,inglourious basterds year_2009 decade_2000s Action Action Action Drama Drama Drama War War War quentin tarantino christoph waltz brad pitt black comedy satire
68205,Crank: High Voltage (2009),Action|Comedy|Crime,2009,crank high voltage,year_2009 decade_2000s,Action Action Action Comedy Comedy Comedy Crime Crime Crime,,crank high voltage year_2009 decade_2000s Action Action Action Comedy Comedy Comedy Crime Crime Crime
68237,Moon (2009),Drama|Mystery|Sci-Fi|Thriller,2009,moon,year_2009 decade_2000s,Drama Drama Drama Mystery Mystery Mystery SciFi SciFi SciFi Thriller Thriller Thriller,sci fi,moon year_2009 decade_2000s Drama Drama Drama Mystery Mystery Mystery SciFi SciFi SciFi Thriller Thriller Thriller sci fi
68319,X-Men Origins: Wolverine (2009),Action|Sci-Fi|Thriller,2009,x men origins wolverine,year_2009 decade_2000s,Action Action Action SciFi SciFi SciFi Thriller Thriller Thriller,comic book bad plot ryan reynolds hugh jackman,x men origins wolverine year_2009 decade_2000s Action Action Action SciFi SciFi SciFi Thriller Thriller Thriller comic book bad plot ryan reynolds hugh jackman
68358,Star Trek (2009),Action|Adventure|Sci-Fi,2009,star trek,year_2009 decade_2000s,Action Action Action Adventure Adventure Adventure SciFi SciFi SciFi,future time travel space travel space sci fi,star trek year_2009 decade_2000s Action Action Action Adventure Adventure Adventure SciFi SciFi SciFi future time travel space travel space sci fi
68554,Angels & Demons (2009),Crime|Drama|Mystery|Thriller,2009,angels demons,year_2009 decade_2000s,Crime Crime Crime Drama Drama Drama Mystery Mystery Mystery Thriller Thriller Thriller,,angels demons year_2009 decade_2000s Crime Crime Crime Drama Drama Drama Mystery Mystery Mystery Thriller Thriller Thriller
68659,Fanboys (2009),Adventure|Comedy|Drama,2009,fanboys,year_2009 decade_2000s,Adventure Adventure Adventure Comedy Comedy Comedy Drama Drama Drama,,fanboys year_2009 decade_2000s Adventure Adventure Adventure Comedy Comedy Comedy Drama Drama Drama
68791,Terminator Salvation (2009),Action|Adventure|Sci-Fi|Thriller,2009,terminator salvation,year_2009 decade_2000s,Action Action Action Adventure Adventure Adventure SciFi SciFi SciFi Thriller Thriller Thriller,robots bad plot christian bale artificial intelligence post apocalyptic bad script bad acting sci fi sequel,terminator salvation year_2009 decade_2000s Action Action Action Adventure Adventure Adventure SciFi SciFi SciFi Thriller Thriller Thriller robots bad plot christian bale artificial intelligence post apocalyptic bad script bad acting sci fi sequel
68793,Night at the Museum: Battle of the Smithsonian (2009),Action|Comedy,2009,night at the museum battle of the smithsonian,year_2009 decade_2000s,Action Action Action Comedy Comedy Comedy,,night at the museum battle of the smithsonian year_2009 decade_2000s Action Action Action Comedy Comedy Comedy
68952,Drag Me to Hell (2009),Comedy|Horror,2009,drag me to hell,year_2009 decade_2000s,Comedy Comedy Comedy Horror Horror Horror,,drag me to hell year_2009 decade_2000s Comedy Comedy Comedy Horror Horror Horror
68954,Up (2009),Adventure|Animation|Children|Drama,2009,up,year_2009 decade_2000s,Adventure Adventure Adventure Animation Animation Animation Children Children Children Drama Drama Drama,adventure children divorce dogs pixar heartbreaking bittersweet emotional touching,up year_2009 decade_2000s Adventure Adventure Adventure Animation Animation Animation Children Children Children Drama Drama Drama adventure children divorce dogs pixar heartbreaking bittersweet emotional touching
69069,Fired Up (2009),Comedy,2009,fired up,year_2009 decade_2000s,Comedy Comedy Comedy,,fired up year_2009 decade_2000s Comedy Comedy Comedy
69122,"Hangover, The (2009)",Comedy|Crime,2009,hangover the,year_2009 decade_2000s,Comedy Comedy Comedy Crime Crime Crime,comedy funny,hangover the year_2009 decade_2000s Comedy Comedy Comedy Crime Crime Crime comedy funny
69134,Antichrist (2009),Drama|Fantasy,2009,antichrist,year_2009 decade_2000s,Drama Drama Drama Fantasy Fantasy Fantasy,,antichrist year_2009 decade_2000s Drama Drama Drama Fantasy Fantasy Fantasy
69278,Land of the Lost (2009),Action|Adventure|Comedy|Sci-Fi,2009,land of the lost,year_2009 decade_2000s,Action Action Action Adventure Adventure Adventure Comedy Comedy Comedy SciFi SciFi SciFi,,land of the lost year_2009 decade_2000s Action Action Action Adventure Adventure Adventure Comedy Comedy Comedy SciFi SciFi SciFi
69306,"Taking of Pelham 1 2 3, The (2009)",Crime|Drama|Thriller,2009,taking of pelham 1 2 3 the,year_2009 decade_2000s,Crime Crime Crime Drama Drama Drama Thriller Thriller Thriller,,taking of pelham 1 2 3 the year_2009 decade_2000s Crime Crime Crime Drama Drama Drama Thriller Thriller Thriller
69406,"Proposal, The (2009)",Comedy|Romance,2009,proposal the,year_2009 decade_2000s,Comedy Comedy Comedy Romance Romance Romance,,proposal the year_2009 decade_2000s Comedy Comedy Comedy Romance Romance Romance
69436,Year One (2009),Adventure|Comedy,2009,year one,year_2009 decade_2000s,Adventure Adventure Adventure Comedy Comedy Comedy,,year one year_2009 decade_2000s Adventure Adventure Adventure Comedy Comedy Comedy
69481,"Hurt Locker, The (2008)",Action|Drama|Thriller|War,2008,hurt locker the,year_2008 decade_2000s,Action Action Action Drama Drama Drama Thriller Thriller Thriller War War War,,hurt locker the year_2008 decade_2000s Action Action Action Drama Drama Drama Thriller Thriller Thriller War War War
69526,Transformers: Revenge of the Fallen (2009),Action|Adventure|Sci-Fi,2009,transformers revenge of the fallen,year_2009 decade_2000s,Action Action Action Adventure Adventure Adventure SciFi SciFi SciFi,bad plot michael bay plot holes ridiculous,transformers revenge of the fallen year_2009 decade_2000s Action Action Action Adventure Adventure Adventure SciFi SciFi SciFi bad plot michael bay plot holes ridiculous
69640,Public Enemies (2009),Crime|Drama|Thriller,2009,public enemies,year_2009 decade_2000s,Crime Crime Crime Drama Drama Drama Thriller Thriller Thriller,,public enemies year_2009 decade_2000s Crime Crime Crime Drama Drama Drama Thriller Thriller Thriller
69644,Ice Age: Dawn of the Dinosaurs (2009),Action|Adventure|Animation|Children|Comedy|Romance,2009,ice age dawn of the dinosaurs,year_2009 decade_2000s,Action Action Action Adventure Adventure Adventure Animation Animation Animation Children Children Children Comedy Comedy Comedy Romance Romance Romance,,ice age dawn of the dinosaurs year_2009 decade_2000s Action Action Action Adventure Adventure Adventure Animation Animation Animation Children Children Children Comedy Comedy Comedy Romance Romance Romance
69757,(500) Days of Summer (2009),Comedy|Drama|Romance,2009,500 days of summer,year_2009 decade_2000s,Comedy Comedy Comedy Drama Drama Drama Romance Romance Romance,romance humorous inspiring intelligent artistic funny quirky,500 days of summer year_2009 decade_2000s Comedy Comedy Comedy Drama Drama Drama Romance Romance Romance romance humorous inspiring intelligent artistic funny quirky
69784,Brüno (Bruno) (2009),Comedy,2009,br no bruno,year_2009 decade_2000s,Comedy Comedy Comedy,,br no bruno year_2009 decade_2000s Comedy Comedy Comedy
69844,Harry Potter and the Half-Blood Prince (2009),Adventure|Fantasy|Mystery|Romance,2009,harry potter and the half blood prince,year_2009 decade_2000s,Adventure Adventure Adventure Fantasy Fantasy Fantasy Mystery Mystery Mystery Romance Romance Romance,,harry potter and the half blood prince year_2009 decade_2000s Adventure Adventure Adventure Fantasy Fantasy Fantasy Mystery Mystery Mystery Romance Romance Romance
69951,"Imaginarium of Doctor Parnassus, The (2009)",Drama|Fantasy,2009,imaginarium of doctor parnassus the,year_2009 decade_2000s,Drama Drama Drama Fantasy Fantasy Fantasy,,imaginarium of doctor parnassus the year_2009 decade_2000s Drama Drama Drama Fantasy Fantasy Fantasy
70183,"Ugly Truth, The (2009)",Comedy|Drama|Romance,2009,ugly truth the,year_2009 decade_2000s,Comedy Comedy Comedy Drama Drama Drama Romance Romance Romance,,ugly truth the year_2009 decade_2000s Comedy Comedy Comedy Drama Drama Drama Romance Romance Romance
70286,District 9 (2009),Mystery|Sci-Fi|Thriller,2009,district 9,year_2009 decade_2000s,Mystery Mystery Mystery SciFi SciFi SciFi Thriller Thriller Thriller,,district 9 year_2009 decade_2000s Mystery Mystery Mystery SciFi SciFi SciFi Thriller Thriller Thriller
70293,Julie & Julia (2009),Comedy|Drama|Romance,2009,julie julia,year_2009 decade_2000s,Comedy Comedy Comedy Drama Drama Drama Romance Romance Romance,,julie julia year_2009 decade_2000s Comedy Comedy Comedy Drama Drama Drama Romance Romance Romance
70336,G.I. Joe: The Rise of Cobra (2009),Action|Adventure|Sci-Fi|Thriller,2009,g i joe the rise of cobra,year_2009 decade_2000s,Action Action Action Adventure Adventure Adventure SciFi SciFi SciFi Thriller Thriller Thriller,,g i joe the rise of cobra year_2009 decade_2000s Action Action Action Adventure Adventure Adventure SciFi SciFi SciFi Thriller Thriller Thriller
70599,"Time Traveler's Wife, The (2009)",Drama|Romance|Sci-Fi,2009,time traveler s wife the,year_2009 decade_2000s,Drama Drama Drama Romance Romance Romance SciFi SciFi SciFi,,time traveler s wife the year_2009 decade_2000s Drama Drama Drama Romance Romance Romance SciFi SciFi SciFi
71033,"Secret in Their Eyes, The (El secreto de sus ojos) (2009)",Crime|Drama|Mystery|Romance|Thriller,2009,secret in their eyes the el secreto de sus ojos,year_2009 decade_2000s,Crime Crime Crime Drama Drama Drama Mystery Mystery Mystery Romance Romance Romance Thriller Thriller Thriller,,secret in their eyes the el secreto de sus ojos year_2009 decade_2000s Crime Crime Crime Drama Drama Drama Mystery Mystery Mystery Romance Romance Romance Thriller Thriller Thriller
71057,9 (2009),Adventure|Animation|Sci-Fi,2009,9,year_2009 decade_2000s,Adventure Adventure Adventure Animation Animation Animation SciFi SciFi SciFi,,9 year_2009 decade_2000s Adventure Adventure Adventure Animation Animation Animation SciFi SciFi SciFi
71106,Frequently Asked Questions About Time Travel (2009),Comedy|Sci-Fi,2009,frequently asked questions about time travel,year_2009 decade_2000s,Comedy Comedy Comedy SciFi SciFi SciFi,,frequently asked questions about time travel year_2009 decade_2000s Comedy Comedy Comedy SciFi SciFi SciFi
71135,Pandorum (2009),Horror|Sci-Fi|Thriller,2009,pandorum,year_2009 decade_2000s,Horror Horror Horror SciFi SciFi SciFi Thriller Thriller Thriller,,pandorum year_2009 decade_2000s Horror Horror Horror SciFi SciFi SciFi Thriller Thriller Thriller
71156,"Men Who Stare at Goats, The (2009)",Action|Comedy|Drama,2009,men who stare at goats the,year_2009 decade_2000s,Action Action Action Comedy Comedy Comedy Drama Drama Drama,,men who stare at goats the year_2009 decade_2000s Action Action Action Comedy Comedy Comedy Drama Drama Drama
71254,Gamer (2009),Action|Sci-Fi|Thriller,2009,gamer,year_2009 decade_2000s,Action Action Action SciFi SciFi SciFi Thriller Thriller Thriller,,gamer year_2009 decade_2000s Action Action Action SciFi SciFi SciFi Thriller Thriller Thriller
71264,Cloudy with a Chance of Meatballs (2009),Animation|Children|Fantasy,2009,cloudy with a chance of meatballs,year_2009 decade_2000s,Animation Animation Animation Children Children Children Fantasy Fantasy Fantasy,,cloudy with a chance of meatballs year_2009 decade_2000s Animation Animation Animation Children Children Children Fantasy Fantasy Fantasy
71282,"Food, Inc. (2008)",Documentary,2008,food inc,year_2008 decade_2000s,Documentary Documentary Documentary,,food inc year_2008 decade_2000s Documentary Documentary Documentary
71379,Paranormal Activity (2009),Horror|Thriller,2009,paranormal activity,year_2009 decade_2000s,Horror Horror Horror Thriller Thriller Thriller,,paranormal activity year_2009 decade_2000s Horror Horror Horror Thriller Thriller Thriller
71464,"Serious Man, A (2009)",Comedy|Drama,2009,serious man a,year_2009 decade_2000s,Comedy Comedy Comedy Drama Drama Drama,,serious man a year_2009 decade_2000s Comedy Comedy Comedy Drama Drama Drama
71518,Whip It (2009),Comedy|Drama,2009,whip it,year_2009 decade_2000s,Comedy Comedy Comedy Drama Drama Drama,,whip it year_2009 decade_2000s Comedy Comedy Comedy Drama Drama Drama
71520,"Invention of Lying, The (2009)",Comedy,2009,invention of lying the,year_2009 decade_2000s,Comedy Comedy Comedy,,invention of lying the year_2009 decade_2000s Comedy Comedy Comedy
71530,Surrogates (2009),Action|Sci-Fi|Thriller,2009,surrogates,year_2009 decade_2000s,Action Action Action SciFi SciFi SciFi Thriller Thriller Thriller,,surrogates year_2009 decade_2000s Action Action Action SciFi SciFi SciFi Thriller Thriller Thriller
71535,Zombieland (2009),Action|Comedy|Horror,2009,zombieland,year_2009 decade_2000s,Action Action Action Comedy Comedy Comedy Horror Horror Horror,dark comedy funny,zombieland year_2009 decade_2000s Action Action Action Comedy Comedy Comedy Horror Horror Horror dark comedy funny
71579,"Education, An (2009)",Drama|Romance,2009,education an,year_2009 decade_2000s,Drama Drama Drama Romance Romance Romance,,education an year_2009 decade_2000s Drama Drama Drama Romance Romance Romance
71745,Where the Wild Things Are (2009),Adventure|Children|Drama|Fantasy,2009,where the wild things are,year_2009 decade_2000s,Adventure Adventure Adventure Children Children Children Drama Drama Drama Fantasy Fantasy Fantasy,,where the wild things are year_2009 decade_2000s Adventure Adventure Adventure Children Children Children Drama Drama Drama Fantasy Fantasy Fantasy
71838,Law Abiding Citizen (2009),Drama|Thriller,2009,law abiding citizen,year_2009 decade_2000s,Drama Drama Drama Thriller Thriller Thriller,,law abiding citizen year_2009 decade_2000s Drama Drama Drama Thriller Thriller Thriller
71899,Mary and Max (2009),Animation|Comedy|Drama,2009,mary and max,year_2009 decade_2000s,Animation Animation Animation Comedy Comedy Comedy Drama Drama Drama,touching friendship mental illness dark comedy philosophical character study loneliness sad poignant bittersweet quirky black comedy sweet,mary and max year_2009 decade_2000s Animation Animation Animation Comedy Comedy Comedy Drama Drama Drama touching friendship mental illness dark comedy philosophical character study loneliness sad poignant bittersweet quirky black comedy sweet
72011,Up in the Air (2009),Drama|Romance,2009,up in the air,year_2009 decade_2000s,Drama Drama Drama Romance Romance Romance,,up in the air year_2009 decade_2000s Drama Drama Drama Romance Romance Romance
72226,Fantastic Mr. Fox (2009),Adventure|Animation|Children|Comedy|Crime,2009,fantastic mr fox,year_2009 decade_2000s,Adventure Adventure Adventure Animation Animation Animation Children Children Children Comedy Comedy Comedy Crime Crime Crime,,fantastic mr fox year_2009 decade_2000s Adventure Adventure Adventure Animation Animation Animation Children Children Children Comedy Comedy Comedy Crime Crime Crime
72378,2012 (2009),Action|Drama|Sci-Fi|Thriller,2009,2012,year_2009 decade_2000s,Action Action Action Drama Drama Drama SciFi SciFi SciFi Thriller Thriller Thriller,,2012 year_2009 decade_2000s Action Action Action Drama Drama Drama SciFi SciFi SciFi Thriller Thriller Thriller
72407,"Twilight Saga: New Moon, The (2009)",Drama|Fantasy|Horror|Romance|Thriller,2009,twilight saga new moon the,year_2009 decade_2000s,Drama Drama Drama Fantasy Fantasy Fantasy Horror Horror Horror Romance Romance Romance Thriller Thriller Thriller,,twilight saga new moon the year_2009 decade_2000s Drama Drama Drama Fantasy Fantasy Fantasy Horror Horror Horror Romance Romance Romance Thriller Thriller Thriller
72605,Brothers (2009),Drama|Thriller|War,2009,brothers,year_2009 decade_2000s,Drama Drama Drama Thriller Thriller Thriller War War War,,brothers year_2009 decade_2000s Drama Drama Drama Thriller Thriller Thriller War War War
72641,"Blind Side, The  (2009)",Drama,2009,blind side the,year_2009 decade_2000s,Drama Drama Drama,,blind side the year_2009 decade_2000s Drama Drama Drama
72733,Invictus (2009),Drama,2009,invictus,year_2009 decade_2000s,Drama Drama Drama,,invictus year_2009 decade_2000s Drama Drama Drama
72737,"Princess and the Frog, The (2009)",Animation|Children|Fantasy|Musical|Romance,2009,princess and the frog the,year_2009 decade_2000s,Animation Animation Animation Children Children Children Fantasy Fantasy Fantasy Musical Musical Musical Romance Romance Romance,,princess and the frog the year_2009 decade_2000s Animation Animation Animation Children Children Children Fantasy Fantasy Fantasy Musical Musical Musical Romance Romance Romance
72998,Avatar (2009),Action|Adventure|Sci-Fi,2009,avatar,year_2009 decade_2000s,Action Action Action Adventure Adventure Adventure SciFi SciFi SciFi,futuristic graphic design military white guilt sci fi beautiful scenery visually stunning too long romance music politics thought provoking,avatar year_2009 decade_2000s Action Action Action Adventure Adventure Adventure SciFi SciFi SciFi futuristic graphic design military white guilt sci fi beautiful scenery visually stunning too long romance music politics thought provoking
73017,Sherlock Holmes (2009),Action|Crime|Mystery|Thriller,2009,sherlock holmes,year_2009 decade_2000s,Action Action Action Crime Crime Crime Mystery Mystery Mystery Thriller Thriller Thriller,,sherlock holmes year_2009 decade_2000s Action Action Action Crime Crime Crime Mystery Mystery Mystery Thriller Thriller Thriller
73023,Crazy Heart (2009),Drama|Romance,2009,crazy heart,year_2009 decade_2000s,Drama Drama Drama Romance Romance Romance,,crazy heart year_2009 decade_2000s Drama Drama Drama Romance Romance Romance
73266,Youth in Revolt (2009),Comedy|Drama|Romance,2009,youth in revolt,year_2009 decade_2000s,Comedy Comedy Comedy Drama Drama Drama Romance Romance Romance,,youth in revolt year_2009 decade_2000s Comedy Comedy Comedy Drama Drama Drama Romance Romance Romance
73268,Daybreakers (2010),Action|Drama|Horror|Thriller,2010,daybreakers,year_2010 decade_2010s,Action Action Action Drama Drama Drama Horror Horror Horror Thriller Thriller Thriller,,daybreakers year_2010 decade_2010s Action Action Action Drama Drama Drama Horror Horror Horror Thriller Thriller Thriller
73319,Leap Year (2010),Comedy|Romance,2010,leap year,year_2010 decade_2010s,Comedy Comedy Comedy Romance Romance Romance,,leap year year_2010 decade_2010s Comedy Comedy Comedy Romance Romance Romance
73321,"Book of Eli, The (2010)",Action|Adventure|Drama,2010,book of eli the,year_2010 decade_2010s,Action Action Action Adventure Adventure Adventure Drama Drama Drama,,book of eli the year_2010 decade_2010s Action Action Action Adventure Adventure Adventure Drama Drama Drama
73323,"Girl Who Kicked the Hornet's Nest, The (Luftslottet som sprängdes) (2009)",Action|Crime|Mystery,2009,girl who kicked the hornet s nest the luftslottet som spr ngdes,year_2009 decade_2000s,Action Action Action Crime Crime Crime Mystery Mystery Mystery,,girl who kicked the hornet s nest the luftslottet som spr ngdes year_2009 decade_2000s Action Action Action Crime Crime Crime Mystery Mystery Mystery
74458,Shutter Island (2010),Drama|Mystery|Thriller,2010,shutter island,year_2010 decade_2010s,Drama Drama Drama Mystery Mystery Mystery Thriller Thriller Thriller,psychological insanity plot twist martin scorsese leonardo dicaprio psychological thriller thought provoking,shutter island year_2010 decade_2010s Drama Drama Drama Mystery Mystery Mystery Thriller Thriller Thriller psychological insanity plot twist martin scorsese leonardo dicaprio psychological thriller thought provoking
74530,Percy Jackson & the Olympians: The Lightning Thief (2010),Adventure|Fantasy,2010,percy jackson the olympians the lightning thief,year_2010 decade_2010s,Adventure Adventure Adventure Fantasy Fantasy Fantasy,,percy jackson the olympians the lightning thief year_2010 decade_2010s Adventure Adventure Adventure Fantasy Fantasy Fantasy
74532,Cop Out (2010),Action|Comedy|Crime,2010,cop out,year_2010 decade_2010s,Action Action Action Comedy Comedy Comedy Crime Crime Crime,,cop out year_2010 decade_2010s Action Action Action Comedy Comedy Comedy Crime Crime Crime
74545,"Ghost Writer, The (2010)",Drama|Mystery|Thriller,2010,ghost writer the,year_2010 decade_2010s,Drama Drama Drama Mystery Mystery Mystery Thriller Thriller Thriller,,ghost writer the year_2010 decade_2010s Drama Drama Drama Mystery Mystery Mystery Thriller Thriller Thriller
74789,Alice in Wonderland (2010),Adventure|Fantasy,2010,alice in wonderland,year_2010 decade_2010s,Adventure Adventure Adventure Fantasy Fantasy Fantasy,,alice in wonderland year_2010 decade_2010s Adventure Adventure Adventure Fantasy Fantasy Fantasy
74795,Green Zone (2010),Action|Drama|Thriller|War,2010,green zone,year_2010 decade_2010s,Action Action Action Drama Drama Drama Thriller Thriller Thriller War War War,,green zone year_2010 decade_2010s Action Action Action Drama Drama Drama Thriller Thriller Thriller War War War
74868,Dorian Gray (2009),Drama|Horror|Sci-Fi,2009,dorian gray,year_2009 decade_2000s,Drama Drama Drama Horror Horror Horror SciFi SciFi SciFi,,dorian gray year_2009 decade_2000s Drama Drama Drama Horror Horror Horror SciFi SciFi SciFi
74946,She's Out of My League (2010),Comedy,2010,she s out of my league,year_2010 decade_2010s,Comedy Comedy Comedy,,she s out of my league year_2010 decade_2010s Comedy Comedy Comedy
75805,"Bounty Hunter, The (2010)",Action|Comedy|Romance,2010,bounty hunter the,year_2010 decade_2010s,Action Action Action Comedy Comedy Comedy Romance Romance Romance,,bounty hunter the year_2010 decade_2010s Action Action Action Comedy Comedy Comedy Romance Romance Romance
75985,Repo Men (2010),Action|Sci-Fi|Thriller,2010,repo men,year_2010 decade_2010s,Action Action Action SciFi SciFi SciFi Thriller Thriller Thriller,,repo men year_2010 decade_2010s Action Action Action SciFi SciFi SciFi Thriller Thriller Thriller
76077,Hot Tub Time Machine (2010),Comedy|Sci-Fi,2010,hot tub time machine,year_2010 decade_2010s,Comedy Comedy Comedy SciFi SciFi SciFi,,hot tub time machine year_2010 decade_2010s Comedy Comedy Comedy SciFi SciFi SciFi
76093,How to Train Your Dragon (2010),Adventure|Animation|Children|Fantasy,2010,how to train your dragon,year_2010 decade_2010s,Adventure Adventure Adventure Animation Animation Animation Children Children Children Fantasy Fantasy Fantasy,,how to train your dragon year_2010 decade_2010s Adventure Adventure Adventure Animation Animation Animation Children Children Children Fantasy Fantasy Fantasy
76175,Clash of the Titans (2010),Action|Adventure|Drama|Fantasy,2010,clash of the titans,year_2010 decade_2010s,Action Action Action Adventure Adventure Adventure Drama Drama Drama Fantasy Fantasy Fantasy,,clash of the titans year_2010 decade_2010s Action Action Action Adventure Adventure Adventure Drama Drama Drama Fantasy Fantasy Fantasy
76251,Kick-Ass (2010),Action|Comedy,2010,kick ass,year_2010 decade_2010s,Action Action Action Comedy Comedy Comedy,,kick ass year_2010 decade_2010s Action Action Action Comedy Comedy Comedy
76293,Date Night (2010),Action|Comedy|Romance,2010,date night,year_2010 decade_2010s,Action Action Action Comedy Comedy Comedy Romance Romance Romance,,date night year_2010 decade_2010s Action Action Action Comedy Comedy Comedy Romance Romance Romance
77455,Exit Through the Gift Shop (2010),Comedy|Documentary,2010,exit through the gift shop,year_2010 decade_2010s,Comedy Comedy Comedy Documentary Documentary Documentary,,exit through the gift shop year_2010 decade_2010s Comedy Comedy Comedy Documentary Documentary Documentary
77561,Iron Man 2 (2010),Action|Adventure|Sci-Fi|Thriller,2010,iron man 2,year_2010 decade_2010s,Action Action Action Adventure Adventure Adventure SciFi SciFi SciFi Thriller Thriller Thriller,,iron man 2 year_2010 decade_2010s Action Action Action Adventure Adventure Adventure SciFi SciFi SciFi Thriller Thriller Thriller
77800,Four Lions (2010),Comedy|Drama,2010,four lions,year_2010 decade_2010s,Comedy Comedy Comedy Drama Drama Drama,,four lions year_2010 decade_2010s Comedy Comedy Comedy Drama Drama Drama
77866,Robin Hood (2010),Action|Adventure|Drama|Romance|War,2010,robin hood,year_2010 decade_2010s,Action Action Action Adventure Adventure Adventure Drama Drama Drama Romance Romance Romance War War War,,robin hood year_2010 decade_2010s Action Action Action Adventure Adventure Adventure Drama Drama Drama Romance Romance Romance War War War
78039,Blue Valentine (2010),Drama|Romance,2010,blue valentine,year_2010 decade_2010s,Drama Drama Drama Romance Romance Romance,,blue valentine year_2010 decade_2010s Drama Drama Drama Romance Romance Romance
78105,Prince of Persia: The Sands of Time (2010),Action|Adventure|Fantasy|Romance,2010,prince of persia the sands of time,year_2010 decade_2010s,Action Action Action Adventure Adventure Adventure Fantasy Fantasy Fantasy Romance Romance Romance,,prince of persia the sands of time year_2010 decade_2010s Action Action Action Adventure Adventure Adventure Fantasy Fantasy Fantasy Romance Romance Romance
78209,Get Him to the Greek (2010),Comedy,2010,get him to the greek,year_2010 decade_2010s,Comedy Comedy Comedy,,get him to the greek year_2010 decade_2010s Comedy Comedy Comedy
78349,Exam (2009),Mystery|Thriller,2009,exam,year_2009 decade_2000s,Mystery Mystery Mystery Thriller Thriller Thriller,,exam year_2009 decade_2000s Mystery Mystery Mystery Thriller Thriller Thriller
78469,"A-Team, The (2010)",Action|Comedy|Thriller,2010,a team the,year_2010 decade_2010s,Action Action Action Comedy Comedy Comedy Thriller Thriller Thriller,,a team the year_2010 decade_2010s Action Action Action Comedy Comedy Comedy Thriller Thriller Thriller
78499,Toy Story 3 (2010),Adventure|Animation|Children|Comedy|Fantasy,2010,toy story 3,year_2010 decade_2010s,Adventure Adventure Adventure Animation Animation Animation Children Children Children Comedy Comedy Comedy Fantasy Fantasy Fantasy,,toy story 3 year_2010 decade_2010s Adventure Adventure Adventure Animation Animation Animation Children Children Children Comedy Comedy Comedy Fantasy Fantasy Fantasy
78574,Winter's Bone (2010),Drama|Thriller,2010,winter s bone,year_2010 decade_2010s,Drama Drama Drama Thriller Thriller Thriller,,winter s bone year_2010 decade_2010s Drama Drama Drama Thriller Thriller Thriller
78637,Shrek Forever After (a.k.a. Shrek: The Final Chapter) (2010),Adventure|Animation|Children|Comedy|Fantasy,2010,shrek forever after a k a shrek the final chapter,year_2010 decade_2010s,Adventure Adventure Adventure Animation Animation Animation Children Children Children Comedy Comedy Comedy Fantasy Fantasy Fantasy,,shrek forever after a k a shrek the final chapter year_2010 decade_2010s Adventure Adventure Adventure Animation Animation Animation Children Children Children Comedy Comedy Comedy Fantasy Fantasy Fantasy
78772,"Twilight Saga: Eclipse, The (2010)",Fantasy|Romance|Thriller,2010,twilight saga eclipse the,year_2010 decade_2010s,Fantasy Fantasy Fantasy Romance Romance Romance Thriller Thriller Thriller,,twilight saga eclipse the year_2010 decade_2010s Fantasy Fantasy Fantasy Romance Romance Romance Thriller Thriller Thriller
78893,"Last Airbender, The (2010)",Action|Adventure|Fantasy,2010,last airbender the,year_2010 decade_2010s,Action Action Action Adventure Adventure Adventure Fantasy Fantasy Fantasy,,last airbender the year_2010 decade_2010s Action Action Action Adventure Adventure Adventure Fantasy Fantasy Fantasy
79008,South Park: Imaginationland (2008),Animation|Comedy|Fantasy,2008,south park imaginationland,year_2008 decade_2000s,Animation Animation Animation Comedy Comedy Comedy Fantasy Fantasy Fantasy,,south park imaginationland year_2008 decade_2000s Animation Animation Animation Comedy Comedy Comedy Fantasy Fantasy Fantasy
79057,Predators (2010),Action|Sci-Fi|Thriller,2010,predators,year_2010 decade_2010s,Action Action Action SciFi SciFi SciFi Thriller Thriller Thriller,,predators year_2010 decade_2010s Action Action Action SciFi SciFi SciFi Thriller Thriller Thriller
79091,Despicable Me (2010),Animation|Children|Comedy|Crime,2010,despicable me,year_2010 decade_2010s,Animation Animation Animation Children Children Children Comedy Comedy Comedy Crime Crime Crime,,despicable me year_2010 decade_2010s Animation Animation Animation Children Children Children Comedy Comedy Comedy Crime Crime Crime
79132,Inception (2010),Action|Crime|Drama|Mystery|Sci-Fi|Thriller,2010,inception,year_2010 decade_2010s,Action Action Action Crime Crime Crime Drama Drama Drama Mystery Mystery Mystery SciFi SciFi SciFi Thriller Thriller Thriller,surreal visually appealing dreamlike great soundtrack philosophy thought provoking complicated clever suspense big budget heist intellectual psychology psychological mindfuck sci fi alternate reality leonardo dicaprio action cerebral,inception year_2010 decade_2010s Action Action Action Crime Crime Crime Drama Drama Drama Mystery Mystery Mystery SciFi SciFi SciFi Thriller Thriller Thriller surreal visually appealing dreamlike great soundtrack philosophy thought provoking complicated clever suspense big budget heist intellectual psychology psychological mindfuck sci fi alternate reality leonardo dicaprio action cerebral
79134,Grown Ups (2010),Comedy,2010,grown ups,year_2010 decade_2010s,Comedy Comedy Comedy,,grown ups year_2010 decade_2010s Comedy Comedy Comedy
79139,"Sorcerer's Apprentice, The (2010)",Action|Adventure|Children|Comedy|Fantasy,2010,sorcerer s apprentice the,year_2010 decade_2010s,Action Action Action Adventure Adventure Adventure Children Children Children Comedy Comedy Comedy Fantasy Fantasy Fantasy,,sorcerer s apprentice the year_2010 decade_2010s Action Action Action Adventure Adventure Adventure Children Children Children Comedy Comedy Comedy Fantasy Fantasy Fantasy
79185,Knight and Day (2010),Action|Comedy|Romance,2010,knight and day,year_2010 decade_2010s,Action Action Action Comedy Comedy Comedy Romance Romance Romance,,knight and day year_2010 decade_2010s Action Action Action Comedy Comedy Comedy Romance Romance Romance
79224,"Karate Kid, The (2010)",Action|Children|Drama,2010,karate kid the,year_2010 decade_2010s,Action Action Action Children Children Children Drama Drama Drama,,karate kid the year_2010 decade_2010s Action Action Action Children Children Children Drama Drama Drama
79242,"Kids Are All Right, The (2010)",Comedy|Drama,2010,kids are all right the,year_2010 decade_2010s,Comedy Comedy Comedy Drama Drama Drama,,kids are all right the year_2010 decade_2010s Comedy Comedy Comedy Drama Drama Drama
79293,Salt (2010),Action|Thriller,2010,salt,year_2010 decade_2010s,Action Action Action Thriller Thriller Thriller,,salt year_2010 decade_2010s Action Action Action Thriller Thriller Thriller
79357,Mr. Nobody (2009),Drama|Fantasy|Romance|Sci-Fi,2009,mr nobody,year_2009 decade_2000s,Drama Drama Drama Fantasy Fantasy Fantasy Romance Romance Romance SciFi SciFi SciFi,,mr nobody year_2009 decade_2000s Drama Drama Drama Fantasy Fantasy Fantasy Romance Romance Romance SciFi SciFi SciFi
79428,Dinner for Schmucks (2010),Comedy,2010,dinner for schmucks,year_2010 decade_2010s,Comedy Comedy Comedy,,dinner for schmucks year_2010 decade_2010s Comedy Comedy Comedy
79553,Ip Man 2 (2010),Action,2010,ip man 2,year_2010 decade_2010s,Action Action Action,,ip man 2 year_2010 decade_2010s Action Action Action
79592,"Other Guys, The (2010)",Action|Comedy,2010,other guys the,year_2010 decade_2010s,Action Action Action Comedy Comedy Comedy,,other guys the year_2010 decade_2010s Action Action Action Comedy Comedy Comedy
79695,"Expendables, The (2010)",Action|Adventure|Thriller,2010,expendables the,year_2010 decade_2010s,Action Action Action Adventure Adventure Adventure Thriller Thriller Thriller,,expendables the year_2010 decade_2010s Action Action Action Adventure Adventure Adventure Thriller Thriller Thriller
79702,Scott Pilgrim vs. the World (2010),Action|Comedy|Fantasy|Musical|Romance,2010,scott pilgrim vs the world,year_2010 decade_2010s,Action Action Action Comedy Comedy Comedy Fantasy Fantasy Fantasy Musical Musical Musical Romance Romance Romance,michael cera stylized,scott pilgrim vs the world year_2010 decade_2010s Action Action Action Comedy Comedy Comedy Fantasy Fantasy Fantasy Musical Musical Musical Romance Romance Romance michael cera stylized
80166,"Switch, The (2010)",Comedy|Romance,2010,switch the,year_2010 decade_2010s,Comedy Comedy Comedy Romance Romance Romance,,switch the year_2010 decade_2010s Comedy Comedy Comedy Romance Romance Romance
80219,Machete (2010),Action|Adventure|Comedy|Crime|Thriller,2010,machete,year_2010 decade_2010s,Action Action Action Adventure Adventure Adventure Comedy Comedy Comedy Crime Crime Crime Thriller Thriller Thriller,,machete year_2010 decade_2010s Action Action Action Adventure Adventure Adventure Comedy Comedy Comedy Crime Crime Crime Thriller Thriller Thriller
80363,Resident Evil: Afterlife (2010),Action|Horror|Sci-Fi|Thriller,2010,resident evil afterlife,year_2010 decade_2010s,Action Action Action Horror Horror Horror SciFi SciFi SciFi Thriller Thriller Thriller,,resident evil afterlife year_2010 decade_2010s Action Action Action Horror Horror Horror SciFi SciFi SciFi Thriller Thriller Thriller
80463,"Social Network, The (2010)",Drama,2010,social network the,year_2010 decade_2010s,Drama Drama Drama,witty loneliness good dialogue,social network the year_2010 decade_2010s Drama Drama Drama witty loneliness good dialogue
80489,"Town, The (2010)",Crime|Drama|Thriller,2010,town the,year_2010 decade_2010s,Crime Crime Crime Drama Drama Drama Thriller Thriller Thriller,romance crime,town the year_2010 decade_2010s Crime Crime Crime Drama Drama Drama Thriller Thriller Thriller romance crime
80549,Easy A (2010),Comedy|Romance,2010,easy a,year_2010 decade_2010s,Comedy Comedy Comedy Romance Romance Romance,,easy a year_2010 decade_2010s Comedy Comedy Comedy Romance Romance Romance
80693,It's Kind of a Funny Story (2010),Comedy|Drama,2010,it s kind of a funny story,year_2010 decade_2010s,Comedy Comedy Comedy Drama Drama Drama,,it s kind of a funny story year_2010 decade_2010s Comedy Comedy Comedy Drama Drama Drama
80831,Let Me In (2010),Drama|Horror|Mystery,2010,let me in,year_2010 decade_2010s,Drama Drama Drama Horror Horror Horror Mystery Mystery Mystery,,let me in year_2010 decade_2010s Drama Drama Drama Horror Horror Horror Mystery Mystery Mystery
80860,Life as We Know It (2010),Comedy|Romance,2010,life as we know it,year_2010 decade_2010s,Comedy Comedy Comedy Romance Romance Romance,,life as we know it year_2010 decade_2010s Comedy Comedy Comedy Romance Romance Romance
80906,Inside Job (2010),Documentary,2010,inside job,year_2010 decade_2010s,Documentary Documentary Documentary,corruption politics business,inside job year_2010 decade_2010s Documentary Documentary Documentary corruption politics business
81156,Jackass 3D (2010),Action|Comedy|Documentary,2010,jackass 3d,year_2010 decade_2010s,Action Action Action Comedy Comedy Comedy Documentary Documentary Documentary,,jackass 3d year_2010 decade_2010s Action Action Action Comedy Comedy Comedy Documentary Documentary Documentary
81229,Red (2010),Action|Comedy,2010,red,year_2010 decade_2010s,Action Action Action Comedy Comedy Comedy,,red year_2010 decade_2010s Action Action Action Comedy Comedy Comedy
81417,Paranormal Activity 2 (2010),Horror,2010,paranormal activity 2,year_2010 decade_2010s,Horror Horror Horror,,paranormal activity 2 year_2010 decade_2010s Horror Horror Horror
81537,Due Date (2010),Comedy,2010,due date,year_2010 decade_2010s,Comedy Comedy Comedy,,due date year_2010 decade_2010s Comedy Comedy Comedy
81562,127 Hours (2010),Adventure|Drama|Thriller,2010,127 hours,year_2010 decade_2010s,Adventure Adventure Adventure Drama Drama Drama Thriller Thriller Thriller,,127 hours year_2010 decade_2010s Adventure Adventure Adventure Drama Drama Drama Thriller Thriller Thriller
81564,Megamind (2010),Action|Animation|Children|Comedy|Sci-Fi,2010,megamind,year_2010 decade_2010s,Action Action Action Animation Animation Animation Children Children Children Comedy Comedy Comedy SciFi SciFi SciFi,,megamind year_2010 decade_2010s Action Action Action Animation Animation Animation Children Children Children Comedy Comedy Comedy SciFi SciFi SciFi
81591,Black Swan (2010),Drama|Thriller,2010,black swan,year_2010 decade_2010s,Drama Drama Drama Thriller Thriller Thriller,atmospheric surreal creepy horror obsession,black swan year_2010 decade_2010s Drama Drama Drama Thriller Thriller Thriller atmospheric surreal creepy horror obsession
81782,Unstoppable (2010),Action|Drama|Thriller,2010,unstoppable,year_2010 decade_2010s,Action Action Action Drama Drama Drama Thriller Thriller Thriller,,unstoppable year_2010 decade_2010s Action Action Action Drama Drama Drama Thriller Thriller Thriller
81784,Morning Glory (2010),Comedy|Drama|Romance,2010,morning glory,year_2010 decade_2010s,Comedy Comedy Comedy Drama Drama Drama Romance Romance Romance,,morning glory year_2010 decade_2010s Comedy Comedy Comedy Drama Drama Drama Romance Romance Romance
81788,"Next Three Days, The (2010)",Crime|Drama|Romance|Thriller,2010,next three days the,year_2010 decade_2010s,Crime Crime Crime Drama Drama Drama Romance Romance Romance Thriller Thriller Thriller,,next three days the year_2010 decade_2010s Crime Crime Crime Drama Drama Drama Romance Romance Romance Thriller Thriller Thriller
81834,Harry Potter and the Deathly Hallows: Part 1 (2010),Action|Adventure|Fantasy,2010,harry potter and the deathly hallows part 1,year_2010 decade_2010s,Action Action Action Adventure Adventure Adventure Fantasy Fantasy Fantasy,,harry potter and the deathly hallows part 1 year_2010 decade_2010s Action Action Action Adventure Adventure Adventure Fantasy Fantasy Fantasy
81845,"King's Speech, The (2010)",Drama,2010,king s speech the,year_2010 decade_2010s,Drama Drama Drama,,king s speech the year_2010 decade_2010s Drama Drama Drama
81847,Tangled (2010),Animation|Children|Comedy|Fantasy|Musical|Romance,2010,tangled,year_2010 decade_2010s,Animation Animation Animation Children Children Children Comedy Comedy Comedy Fantasy Fantasy Fantasy Musical Musical Musical Romance Romance Romance,,tangled year_2010 decade_2010s Animation Animation Animation Children Children Children Comedy Comedy Comedy Fantasy Fantasy Fantasy Musical Musical Musical Romance Romance Romance
81932,"Fighter, The (2010)",Drama,2010,fighter the,year_2010 decade_2010s,Drama Drama Drama,,fighter the year_2010 decade_2010s Drama Drama Drama
82167,Love and Other Drugs (2010),Comedy|Drama|Romance,2010,love and other drugs,year_2010 decade_2010s,Comedy Comedy Comedy Drama Drama Drama Romance Romance Romance,,love and other drugs year_2010 decade_2010s Comedy Comedy Comedy Drama Drama Drama Romance Romance Romance
82169,"Chronicles of Narnia: The Voyage of the Dawn Treader, The (2010)",Adventure|Children|Fantasy,2010,chronicles of narnia the voyage of the dawn treader the,year_2010 decade_2010s,Adventure Adventure Adventure Children Children Children Fantasy Fantasy Fantasy,,chronicles of narnia the voyage of the dawn treader the year_2010 decade_2010s Adventure Adventure Adventure Children Children Children Fantasy Fantasy Fantasy
82202,"Tourist, The (2010)",Drama|Thriller,2010,tourist the,year_2010 decade_2010s,Drama Drama Drama Thriller Thriller Thriller,,tourist the year_2010 decade_2010s Drama Drama Drama Thriller Thriller Thriller
82459,True Grit (2010),Western,2010,true grit,year_2010 decade_2010s,Western Western Western,predictable atmospheric coen brothers jeff bridges,true grit year_2010 decade_2010s Western Western Western predictable atmospheric coen brothers jeff bridges
82461,Tron: Legacy (2010),Action|Adventure|Sci-Fi,2010,tron legacy,year_2010 decade_2010s,Action Action Action Adventure Adventure Adventure SciFi SciFi SciFi,sequel soundtrack,tron legacy year_2010 decade_2010s Action Action Action Adventure Adventure Adventure SciFi SciFi SciFi sequel soundtrack
82852,Little Fockers (2010),Comedy,2010,little fockers,year_2010 decade_2010s,Comedy Comedy Comedy,,little fockers year_2010 decade_2010s Comedy Comedy Comedy
82854,Gulliver's Travels (2010),Adventure|Comedy|Fantasy,2010,gulliver s travels,year_2010 decade_2010s,Adventure Adventure Adventure Comedy Comedy Comedy Fantasy Fantasy Fantasy,,gulliver s travels year_2010 decade_2010s Adventure Adventure Adventure Comedy Comedy Comedy Fantasy Fantasy Fantasy
83134,Tucker & Dale vs Evil (2010),Comedy|Horror,2010,tucker dale vs evil,year_2010 decade_2010s,Comedy Comedy Comedy Horror Horror Horror,black comedy,tucker dale vs evil year_2010 decade_2010s Comedy Comedy Comedy Horror Horror Horror black comedy
83349,"Green Hornet, The (2011)",Action|Comedy|Crime|Fantasy|Thriller,2011,green hornet the,year_2011 decade_2010s,Action Action Action Comedy Comedy Comedy Crime Crime Crime Fantasy Fantasy Fantasy Thriller Thriller Thriller,,green hornet the year_2011 decade_2010s Action Action Action Comedy Comedy Comedy Crime Crime Crime Fantasy Fantasy Fantasy Thriller Thriller Thriller
83613,Cowboys & Aliens (2011),Action|Sci-Fi|Thriller|Western,2011,cowboys aliens,year_2011 decade_2010s,Action Action Action SciFi SciFi SciFi Thriller Thriller Thriller Western Western Western,,cowboys aliens year_2011 decade_2010s Action Action Action SciFi SciFi SciFi Thriller Thriller Thriller Western Western Western
83803,Day & Night (2010),Animation|Children,2010,day night,year_2010 decade_2010s,Animation Animation Animation Children Children Children,,day night year_2010 decade_2010s Animation Animation Animation Children Children Children
84152,Limitless (2011),Sci-Fi|Thriller,2011,limitless,year_2011 decade_2010s,SciFi SciFi SciFi Thriller Thriller Thriller,,limitless year_2011 decade_2010s SciFi SciFi SciFi Thriller Thriller Thriller
84374,No Strings Attached (2011),Comedy|Romance,2011,no strings attached,year_2011 decade_2010s,Comedy Comedy Comedy Romance Romance Romance,,no strings attached year_2011 decade_2010s Comedy Comedy Comedy Romance Romance Romance
84392,"Lincoln Lawyer, The (2011)",Crime|Drama|Thriller,2011,lincoln lawyer the,year_2011 decade_2010s,Crime Crime Crime Drama Drama Drama Thriller Thriller Thriller,,lincoln lawyer the year_2011 decade_2010s Crime Crime Crime Drama Drama Drama Thriller Thriller Thriller
84601,Unknown (2011),Drama|Mystery|Thriller,2011,unknown,year_2011 decade_2010s,Drama Drama Drama Mystery Mystery Mystery Thriller Thriller Thriller,,unknown year_2011 decade_2010s Drama Drama Drama Mystery Mystery Mystery Thriller Thriller Thriller
84772,Paul (2011),Adventure|Comedy|Sci-Fi,2011,paul,year_2011 decade_2010s,Adventure Adventure Adventure Comedy Comedy Comedy SciFi SciFi SciFi,,paul year_2011 decade_2010s Adventure Adventure Adventure Comedy Comedy Comedy SciFi SciFi SciFi
84944,Rango (2011),Action|Adventure|Animation|Children|Comedy|Western,2011,rango,year_2011 decade_2010s,Action Action Action Adventure Adventure Adventure Animation Animation Animation Children Children Children Comedy Comedy Comedy Western Western Western,,rango year_2011 decade_2010s Action Action Action Adventure Adventure Adventure Animation Animation Animation Children Children Children Comedy Comedy Comedy Western Western Western
84954,"Adjustment Bureau, The (2011)",Romance|Sci-Fi|Thriller,2011,adjustment bureau the,year_2011 decade_2010s,Romance Romance Romance SciFi SciFi SciFi Thriller Thriller Thriller,,adjustment bureau the year_2011 decade_2010s Romance Romance Romance SciFi SciFi SciFi Thriller Thriller Thriller
85056,I Am Number Four (2011),Action|Sci-Fi|Thriller,2011,i am number four,year_2011 decade_2010s,Action Action Action SciFi SciFi SciFi Thriller Thriller Thriller,,i am number four year_2011 decade_2010s Action Action Action SciFi SciFi SciFi Thriller Thriller Thriller
85342,Elite Squad: The Enemy Within (Tropa de Elite 2 - O Inimigo Agora É Outro) (2010),Action|Crime|Drama,2010,elite squad the enemy within tropa de elite 2 o inimigo agora outro,year_2010 decade_2010s,Action Action Action Crime Crime Crime Drama Drama Drama,,elite squad the enemy within tropa de elite 2 o inimigo agora outro year_2010 decade_2010s Action Action Action Crime Crime Crime Drama Drama Drama
85367,Just Go with It (2011),Comedy|Romance,2011,just go with it,year_2011 decade_2010s,Comedy Comedy Comedy Romance Romance Romance,,just go with it year_2011 decade_2010s Comedy Comedy Comedy Romance Romance Romance
85401,Super (2010),Action|Comedy|Drama,2010,super,year_2010 decade_2010s,Action Action Action Comedy Comedy Comedy Drama Drama Drama,,super year_2010 decade_2010s Action Action Action Comedy Comedy Comedy Drama Drama Drama
85414,Source Code (2011),Action|Drama|Mystery|Sci-Fi|Thriller,2011,source code,year_2011 decade_2010s,Action Action Action Drama Drama Drama Mystery Mystery Mystery SciFi SciFi SciFi Thriller Thriller Thriller,,source code year_2011 decade_2010s Action Action Action Drama Drama Drama Mystery Mystery Mystery SciFi SciFi SciFi Thriller Thriller Thriller
85510,Sucker Punch (2011),Action|Fantasy|Thriller,2011,sucker punch,year_2011 decade_2010s,Action Action Action Fantasy Fantasy Fantasy Thriller Thriller Thriller,,sucker punch year_2011 decade_2010s Action Action Action Fantasy Fantasy Fantasy Thriller Thriller Thriller
85774,Senna (2010),Documentary,2010,senna,year_2010 decade_2010s,Documentary Documentary Documentary,,senna year_2010 decade_2010s Documentary Documentary Documentary
85780,Family Guy Presents: It's a Trap (2010),Animation|Comedy|Sci-Fi,2010,family guy presents it s a trap,year_2010 decade_2010s,Animation Animation Animation Comedy Comedy Comedy SciFi SciFi SciFi,,family guy presents it s a trap year_2010 decade_2010s Animation Animation Animation Comedy Comedy Comedy SciFi SciFi SciFi
85881,Win Win (2011),Comedy|Drama,2011,win win,year_2011 decade_2010s,Comedy Comedy Comedy Drama Drama Drama,,win win year_2011 decade_2010s Comedy Comedy Comedy Drama Drama Drama
86190,Hanna (2011),Action|Adventure|Mystery|Thriller,2011,hanna,year_2011 decade_2010s,Action Action Action Adventure Adventure Adventure Mystery Mystery Mystery Thriller Thriller Thriller,,hanna year_2011 decade_2010s Action Action Action Adventure Adventure Adventure Mystery Mystery Mystery Thriller Thriller Thriller
86293,Arthur (2011),Comedy,2011,arthur,year_2011 decade_2010s,Comedy Comedy Comedy,,arthur year_2011 decade_2010s Comedy Comedy Comedy
86298,Rio (2011),Adventure|Animation|Children|Comedy,2011,rio,year_2011 decade_2010s,Adventure Adventure Adventure Animation Animation Animation Children Children Children Comedy Comedy Comedy,,rio year_2011 decade_2010s Adventure Adventure Adventure Animation Animation Animation Children Children Children Comedy Comedy Comedy
86320,Melancholia (2011),Drama|Sci-Fi,2011,melancholia,year_2011 decade_2010s,Drama Drama Drama SciFi SciFi SciFi,,melancholia year_2011 decade_2010s Drama Drama Drama SciFi SciFi SciFi
86332,Thor (2011),Action|Adventure|Drama|Fantasy,2011,thor,year_2011 decade_2010s,Action Action Action Adventure Adventure Adventure Drama Drama Drama Fantasy Fantasy Fantasy,,thor year_2011 decade_2010s Action Action Action Adventure Adventure Adventure Drama Drama Drama Fantasy Fantasy Fantasy
86345,Louis C.K.: Hilarious (2010),Comedy,2010,louis c k hilarious,year_2010 decade_2010s,Comedy Comedy Comedy,,louis c k hilarious year_2010 decade_2010s Comedy Comedy Comedy
86347,Louis C.K.: Chewed Up (2008),Comedy,2008,louis c k chewed up,year_2008 decade_2000s,Comedy Comedy Comedy,,louis c k chewed up year_2008 decade_2000s Comedy Comedy Comedy
86377,Louis C.K.: Shameless (2007),Comedy,2007,louis c k shameless,year_2007 decade_2000s,Comedy Comedy Comedy,,louis c k shameless year_2007 decade_2000s Comedy Comedy Comedy
86504,Voices from the List (2004),Documentary,2004,voices from the list,year_2004 decade_2000s,Documentary Documentary Documentary,,voices from the list year_2004 decade_2000s Documentary Documentary Documentary
86644,"Fast Five (Fast and the Furious 5, The) (2011)",Action|Crime|Drama|Thriller,2011,fast five fast and the furious 5 the,year_2011 decade_2010s,Action Action Action Crime Crime Crime Drama Drama Drama Thriller Thriller Thriller,,fast five fast and the furious 5 the year_2011 decade_2010s Action Action Action Crime Crime Crime Drama Drama Drama Thriller Thriller Thriller
86781,Incendies (2010),Drama|Mystery|War,2010,incendies,year_2010 decade_2010s,Drama Drama Drama Mystery Mystery Mystery War War War,,incendies year_2010 decade_2010s Drama Drama Drama Mystery Mystery Mystery War War War
86833,Bridesmaids (2011),Comedy,2011,bridesmaids,year_2011 decade_2010s,Comedy Comedy Comedy,,bridesmaids year_2011 decade_2010s Comedy Comedy Comedy
86880,Pirates of the Caribbean: On Stranger Tides (2011),Action|Adventure|Fantasy,2011,pirates of the caribbean on stranger tides,year_2011 decade_2010s,Action Action Action Adventure Adventure Adventure Fantasy Fantasy Fantasy,,pirates of the caribbean on stranger tides year_2011 decade_2010s Action Action Action Adventure Adventure Adventure Fantasy Fantasy Fantasy
86882,Midnight in Paris (2011),Comedy|Fantasy|Romance,2011,midnight in paris,year_2011 decade_2010s,Comedy Comedy Comedy Fantasy Fantasy Fantasy Romance Romance Romance,,midnight in paris year_2011 decade_2010s Comedy Comedy Comedy Fantasy Fantasy Fantasy Romance Romance Romance
86911,"Hangover Part II, The (2011)",Comedy,2011,hangover part ii the,year_2011 decade_2010s,Comedy Comedy Comedy,,hangover part ii the year_2011 decade_2010s Comedy Comedy Comedy
87192,Attack the Block (2011),Action|Comedy|Sci-Fi,2011,attack the block,year_2011 decade_2010s,Action Action Action Comedy Comedy Comedy SciFi SciFi SciFi,,attack the block year_2011 decade_2010s Action Action Action Comedy Comedy Comedy SciFi SciFi SciFi
87222,Kung Fu Panda 2 (2011),Action|Adventure|Animation|Children|Comedy,2011,kung fu panda 2,year_2011 decade_2010s,Action Action Action Adventure Adventure Adventure Animation Animation Animation Children Children Children Comedy Comedy Comedy,,kung fu panda 2 year_2011 decade_2010s Action Action Action Adventure Adventure Adventure Animation Animation Animation Children Children Children Comedy Comedy Comedy
87232,X-Men: First Class (2011),Action|Adventure|Sci-Fi|Thriller|War,2011,x men first class,year_2011 decade_2010s,Action Action Action Adventure Adventure Adventure SciFi SciFi SciFi Thriller Thriller Thriller War War War,,x men first class year_2011 decade_2010s Action Action Action Adventure Adventure Adventure SciFi SciFi SciFi Thriller Thriller Thriller War War War
87306,Super 8 (2011),Mystery|Sci-Fi|Thriller,2011,super 8,year_2011 decade_2010s,Mystery Mystery Mystery SciFi SciFi SciFi Thriller Thriller Thriller,,super 8 year_2011 decade_2010s Mystery Mystery Mystery SciFi SciFi SciFi Thriller Thriller Thriller
87430,Green Lantern (2011),Action|Adventure|Sci-Fi,2011,green lantern,year_2011 decade_2010s,Action Action Action Adventure Adventure Adventure SciFi SciFi SciFi,ryan reynolds comic book audience intelligence underestimated superhero space dc comics,green lantern year_2011 decade_2010s Action Action Action Adventure Adventure Adventure SciFi SciFi SciFi ryan reynolds comic book audience intelligence underestimated superhero space dc comics
87483,Mr. Popper's Penguins (2011),Comedy,2011,mr popper s penguins,year_2011 decade_2010s,Comedy Comedy Comedy,,mr popper s penguins year_2011 decade_2010s Comedy Comedy Comedy
87485,Bad Teacher (2011),Comedy,2011,bad teacher,year_2011 decade_2010s,Comedy Comedy Comedy,,bad teacher year_2011 decade_2010s Comedy Comedy Comedy
87520,Transformers: Dark of the Moon (2011),Action|Adventure|Sci-Fi|War,2011,transformers dark of the moon,year_2011 decade_2010s,Action Action Action Adventure Adventure Adventure SciFi SciFi SciFi War War War,,transformers dark of the moon year_2011 decade_2010s Action Action Action Adventure Adventure Adventure SciFi SciFi SciFi War War War
87529,Your Highness (2011),Action|Adventure|Comedy|Fantasy,2011,your highness,year_2011 decade_2010s,Action Action Action Adventure Adventure Adventure Comedy Comedy Comedy Fantasy Fantasy Fantasy,,your highness year_2011 decade_2010s Action Action Action Adventure Adventure Adventure Comedy Comedy Comedy Fantasy Fantasy Fantasy
87869,Horrible Bosses (2011),Comedy|Crime,2011,horrible bosses,year_2011 decade_2010s,Comedy Comedy Comedy Crime Crime Crime,,horrible bosses year_2011 decade_2010s Comedy Comedy Comedy Crime Crime Crime
88125,Harry Potter and the Deathly Hallows: Part 2 (2011),Action|Adventure|Drama|Fantasy|Mystery,2011,harry potter and the deathly hallows part 2,year_2011 decade_2010s,Action Action Action Adventure Adventure Adventure Drama Drama Drama Fantasy Fantasy Fantasy Mystery Mystery Mystery,,harry potter and the deathly hallows part 2 year_2011 decade_2010s Action Action Action Adventure Adventure Adventure Drama Drama Drama Fantasy Fantasy Fantasy Mystery Mystery Mystery
88129,Drive (2011),Crime|Drama|Film-Noir|Thriller,2011,drive,year_2011 decade_2010s,Crime Crime Crime Drama Drama Drama FilmNoir FilmNoir FilmNoir Thriller Thriller Thriller,,drive year_2011 decade_2010s Crime Crime Crime Drama Drama Drama FilmNoir FilmNoir FilmNoir Thriller Thriller Thriller
88140,Captain America: The First Avenger (2011),Action|Adventure|Sci-Fi|Thriller|War,2011,captain america the first avenger,year_2011 decade_2010s,Action Action Action Adventure Adventure Adventure SciFi SciFi SciFi Thriller Thriller Thriller War War War,,captain america the first avenger year_2011 decade_2010s Action Action Action Adventure Adventure Adventure SciFi SciFi SciFi Thriller Thriller Thriller War War War
88163,"Crazy, Stupid, Love. (2011)",Comedy|Drama|Romance,2011,crazy stupid love,year_2011 decade_2010s,Comedy Comedy Comedy Drama Drama Drama Romance Romance Romance,,crazy stupid love year_2011 decade_2010s Comedy Comedy Comedy Drama Drama Drama Romance Romance Romance
88405,Friends with Benefits (2011),Comedy|Romance,2011,friends with benefits,year_2011 decade_2010s,Comedy Comedy Comedy Romance Romance Romance,new york city funny comedy romance,friends with benefits year_2011 decade_2010s Comedy Comedy Comedy Romance Romance Romance new york city funny comedy romance
88744,Rise of the Planet of the Apes (2011),Action|Drama|Sci-Fi|Thriller,2011,rise of the planet of the apes,year_2011 decade_2010s,Action Action Action Drama Drama Drama SciFi SciFi SciFi Thriller Thriller Thriller,,rise of the planet of the apes year_2011 decade_2010s Action Action Action Drama Drama Drama SciFi SciFi SciFi Thriller Thriller Thriller
88785,"Change-Up, The (2011)",Comedy,2011,change up the,year_2011 decade_2010s,Comedy Comedy Comedy,,change up the year_2011 decade_2010s Comedy Comedy Comedy
88810,"Help, The (2011)",Drama,2011,help the,year_2011 decade_2010s,Drama Drama Drama,,help the year_2011 decade_2010s Drama Drama Drama
88812,30 Minutes or Less (2011),Action|Comedy|Crime,2011,30 minutes or less,year_2011 decade_2010s,Action Action Action Comedy Comedy Comedy Crime Crime Crime,,30 minutes or less year_2011 decade_2010s Action Action Action Comedy Comedy Comedy Crime Crime Crime
89087,Colombiana (2011),Action|Adventure|Drama|Thriller,2011,colombiana,year_2011 decade_2010s,Action Action Action Adventure Adventure Adventure Drama Drama Drama Thriller Thriller Thriller,,colombiana year_2011 decade_2010s Action Action Action Adventure Adventure Adventure Drama Drama Drama Thriller Thriller Thriller
89470,Contagion (2011),Sci-Fi|Thriller,2011,contagion,year_2011 decade_2010s,SciFi SciFi SciFi Thriller Thriller Thriller,,contagion year_2011 decade_2010s SciFi SciFi SciFi Thriller Thriller Thriller
89492,Moneyball (2011),Drama,2011,moneyball,year_2011 decade_2010s,Drama Drama Drama,,moneyball year_2011 decade_2010s Drama Drama Drama
89745,"Avengers, The (2012)",Action|Adventure|Sci-Fi,2012,avengers the,year_2012 decade_2010s,Action Action Action Adventure Adventure Adventure SciFi SciFi SciFi,superhero silly visually appealing fun,avengers the year_2012 decade_2010s Action Action Action Adventure Adventure Adventure SciFi SciFi SciFi superhero silly visually appealing fun
89753,Tinker Tailor Soldier Spy (2011),Drama|Film-Noir|Thriller,2011,tinker tailor soldier spy,year_2011 decade_2010s,Drama Drama Drama FilmNoir FilmNoir FilmNoir Thriller Thriller Thriller,,tinker tailor soldier spy year_2011 decade_2010s Drama Drama Drama FilmNoir FilmNoir FilmNoir Thriller Thriller Thriller
89774,Warrior (2011),Drama,2011,warrior,year_2011 decade_2010s,Drama Drama Drama,tom hardy,warrior year_2011 decade_2010s Drama Drama Drama tom hardy
89804,"Ides of March, The (2011)",Drama,2011,ides of march the,year_2011 decade_2010s,Drama Drama Drama,,ides of march the year_2011 decade_2010s Drama Drama Drama
89864,50/50 (2011),Comedy|Drama,2011,50 50,year_2011 decade_2010s,Comedy Comedy Comedy Drama Drama Drama,,50 50 year_2011 decade_2010s Comedy Comedy Comedy Drama Drama Drama
89904,The Artist (2011),Comedy|Drama|Romance,2011,the artist,year_2011 decade_2010s,Comedy Comedy Comedy Drama Drama Drama Romance Romance Romance,,the artist year_2011 decade_2010s Comedy Comedy Comedy Drama Drama Drama Romance Romance Romance
90249,Real Steel (2011),Action|Drama|Sci-Fi,2011,real steel,year_2011 decade_2010s,Action Action Action Drama Drama Drama SciFi SciFi SciFi,,real steel year_2011 decade_2010s Action Action Action Drama Drama Drama SciFi SciFi SciFi
90405,In Time (2011),Crime|Sci-Fi|Thriller,2011,in time,year_2011 decade_2010s,Crime Crime Crime SciFi SciFi SciFi Thriller Thriller Thriller,,in time year_2011 decade_2010s Crime Crime Crime SciFi SciFi SciFi Thriller Thriller Thriller
90439,Margin Call (2011),Drama|Thriller,2011,margin call,year_2011 decade_2010s,Drama Drama Drama Thriller Thriller Thriller,business corruption suspense wall street,margin call year_2011 decade_2010s Drama Drama Drama Thriller Thriller Thriller business corruption suspense wall street
90522,Johnny English Reborn (2011),Adventure|Comedy|Thriller,2011,johnny english reborn,year_2011 decade_2010s,Adventure Adventure Adventure Comedy Comedy Comedy Thriller Thriller Thriller,,johnny english reborn year_2011 decade_2010s Adventure Adventure Adventure Comedy Comedy Comedy Thriller Thriller Thriller
90600,Headhunters (Hodejegerne) (2011),Action|Crime|Thriller,2011,headhunters hodejegerne,year_2011 decade_2010s,Action Action Action Crime Crime Crime Thriller Thriller Thriller,,headhunters hodejegerne year_2011 decade_2010s Action Action Action Crime Crime Crime Thriller Thriller Thriller
90647,Puss in Boots (2011),Adventure|Animation|Comedy|Fantasy,2011,puss in boots,year_2011 decade_2010s,Adventure Adventure Adventure Animation Animation Animation Comedy Comedy Comedy Fantasy Fantasy Fantasy,,puss in boots year_2011 decade_2010s Adventure Adventure Adventure Animation Animation Animation Comedy Comedy Comedy Fantasy Fantasy Fantasy
90746,"Adventures of Tintin, The (2011)",Action|Animation|Mystery,2011,adventures of tintin the,year_2011 decade_2010s,Action Action Action Animation Animation Animation Mystery Mystery Mystery,,adventures of tintin the year_2011 decade_2010s Action Action Action Animation Animation Animation Mystery Mystery Mystery
90866,Hugo (2011),Children|Drama|Mystery,2011,hugo,year_2011 decade_2010s,Children Children Children Drama Drama Drama Mystery Mystery Mystery,,hugo year_2011 decade_2010s Children Children Children Drama Drama Drama Mystery Mystery Mystery
90890,Jack and Jill (2011),Comedy,2011,jack and jill,year_2011 decade_2010s,Comedy Comedy Comedy,,jack and jill year_2011 decade_2010s Comedy Comedy Comedy
91077,"Descendants, The (2011)",Comedy|Drama,2011,descendants the,year_2011 decade_2010s,Comedy Comedy Comedy Drama Drama Drama,,descendants the year_2011 decade_2010s Comedy Comedy Comedy Drama Drama Drama
91094,"Muppets, The (2011)",Children|Comedy|Musical,2011,muppets the,year_2011 decade_2010s,Children Children Children Comedy Comedy Comedy Musical Musical Musical,,muppets the year_2011 decade_2010s Children Children Children Comedy Comedy Comedy Musical Musical Musical
91104,"Twilight Saga: Breaking Dawn - Part 1, The (2011)",Adventure|Drama|Fantasy|Romance,2011,twilight saga breaking dawn part 1 the,year_2011 decade_2010s,Adventure Adventure Adventure Drama Drama Drama Fantasy Fantasy Fantasy Romance Romance Romance,,twilight saga breaking dawn part 1 the year_2011 decade_2010s Adventure Adventure Adventure Drama Drama Drama Fantasy Fantasy Fantasy Romance Romance Romance
91128,"Rum Diary, The (2011)",Comedy|Drama|Thriller,2011,rum diary the,year_2011 decade_2010s,Comedy Comedy Comedy Drama Drama Drama Thriller Thriller Thriller,,rum diary the year_2011 decade_2010s Comedy Comedy Comedy Drama Drama Drama Thriller Thriller Thriller
91323,"Sitter, The (2011)",Comedy,2011,sitter the,year_2011 decade_2010s,Comedy Comedy Comedy,,sitter the year_2011 decade_2010s Comedy Comedy Comedy
91485,"Expendables 2, The (2012)",Action|Adventure,2012,expendables 2 the,year_2012 decade_2010s,Action Action Action Adventure Adventure Adventure,,expendables 2 the year_2012 decade_2010s Action Action Action Adventure Adventure Adventure
91500,The Hunger Games (2012),Action|Adventure|Drama|Sci-Fi|Thriller,2012,the hunger games,year_2012 decade_2010s,Action Action Action Adventure Adventure Adventure Drama Drama Drama SciFi SciFi SciFi Thriller Thriller Thriller,,the hunger games year_2012 decade_2010s Action Action Action Adventure Adventure Adventure Drama Drama Drama SciFi SciFi SciFi Thriller Thriller Thriller
91529,"Dark Knight Rises, The (2012)",Action|Adventure|Crime,2012,dark knight rises the,year_2012 decade_2010s,Action Action Action Adventure Adventure Adventure Crime Crime Crime,christian bale anne hathaway christopher nolan morgan freeman comic book great ending superhero,dark knight rises the year_2012 decade_2010s Action Action Action Adventure Adventure Adventure Crime Crime Crime christian bale anne hathaway christopher nolan morgan freeman comic book great ending superhero
91535,"Bourne Legacy, The (2012)",Action|Adventure|Drama|Thriller,2012,bourne legacy the,year_2012 decade_2010s,Action Action Action Adventure Adventure Adventure Drama Drama Drama Thriller Thriller Thriller,,bourne legacy the year_2012 decade_2010s Action Action Action Adventure Adventure Adventure Drama Drama Drama Thriller Thriller Thriller
91542,Sherlock Holmes: A Game of Shadows (2011),Action|Adventure|Comedy|Crime|Mystery|Thriller,2011,sherlock holmes a game of shadows,year_2011 decade_2010s,Action Action Action Adventure Adventure Adventure Comedy Comedy Comedy Crime Crime Crime Mystery Mystery Mystery Thriller Thriller Thriller,,sherlock holmes a game of shadows year_2011 decade_2010s Action Action Action Adventure Adventure Adventure Comedy Comedy Comedy Crime Crime Crime Mystery Mystery Mystery Thriller Thriller Thriller
91630,Mission: Impossible - Ghost Protocol (2011),Action|Adventure|Thriller,2011,mission impossible ghost protocol,year_2011 decade_2010s,Action Action Action Adventure Adventure Adventure Thriller Thriller Thriller,,mission impossible ghost protocol year_2011 decade_2010s Action Action Action Adventure Adventure Adventure Thriller Thriller Thriller
91653,We Bought a Zoo (2011),Comedy|Drama,2011,we bought a zoo,year_2011 decade_2010s,Comedy Comedy Comedy Drama Drama Drama,,we bought a zoo year_2011 decade_2010s Comedy Comedy Comedy Drama Drama Drama
91658,"Girl with the Dragon Tattoo, The (2011)",Drama|Thriller,2011,girl with the dragon tattoo the,year_2011 decade_2010s,Drama Drama Drama Thriller Thriller Thriller,,girl with the dragon tattoo the year_2011 decade_2010s Drama Drama Drama Thriller Thriller Thriller
91974,Underworld: Awakening (2012),Action|Fantasy|Horror,2012,underworld awakening,year_2012 decade_2010s,Action Action Action Fantasy Fantasy Fantasy Horror Horror Horror,,underworld awakening year_2012 decade_2010s Action Action Action Fantasy Fantasy Fantasy Horror Horror Horror
91976,"Grey, The (2012)",Action|Drama,2012,grey the,year_2012 decade_2010s,Action Action Action Drama Drama Drama,,grey the year_2012 decade_2010s Action Action Action Drama Drama Drama
92259,Intouchables (2011),Comedy|Drama,2011,intouchables,year_2011 decade_2010s,Comedy Comedy Comedy Drama Drama Drama,sexuality emotional,intouchables year_2011 decade_2010s Comedy Comedy Comedy Drama Drama Drama sexuality emotional
92420,Chronicle (2012),Action|Sci-Fi|Thriller,2012,chronicle,year_2012 decade_2010s,Action Action Action SciFi SciFi SciFi Thriller Thriller Thriller,,chronicle year_2012 decade_2010s Action Action Action SciFi SciFi SciFi Thriller Thriller Thriller
92535,Louis C.K.: Live at the Beacon Theater (2011),Comedy,2011,louis c k live at the beacon theater,year_2011 decade_2010s,Comedy Comedy Comedy,,louis c k live at the beacon theater year_2011 decade_2010s Comedy Comedy Comedy
92938,Ghost Rider: Spirit of Vengeance (2012),Action|Fantasy|Thriller,2012,ghost rider spirit of vengeance,year_2012 decade_2010s,Action Action Action Fantasy Fantasy Fantasy Thriller Thriller Thriller,,ghost rider spirit of vengeance year_2012 decade_2010s Action Action Action Fantasy Fantasy Fantasy Thriller Thriller Thriller
93270,Project X (2012),Comedy,2012,project x,year_2012 decade_2010s,Comedy Comedy Comedy,,project x year_2012 decade_2010s Comedy Comedy Comedy
93272,Dr. Seuss' The Lorax (2012),Animation|Fantasy|Musical,2012,dr seuss the lorax,year_2012 decade_2010s,Animation Animation Animation Fantasy Fantasy Fantasy Musical Musical Musical,,dr seuss the lorax year_2012 decade_2010s Animation Animation Animation Fantasy Fantasy Fantasy Musical Musical Musical
93326,This Means War (2012),Action|Comedy|Romance,2012,this means war,year_2012 decade_2010s,Action Action Action Comedy Comedy Comedy Romance Romance Romance,,this means war year_2012 decade_2010s Action Action Action Comedy Comedy Comedy Romance Romance Romance
93363,John Carter (2012),Action|Adventure|Sci-Fi,2012,john carter,year_2012 decade_2010s,Action Action Action Adventure Adventure Adventure SciFi SciFi SciFi,,john carter year_2012 decade_2010s Action Action Action Adventure Adventure Adventure SciFi SciFi SciFi
93510,21 Jump Street (2012),Action|Comedy|Crime,2012,21 jump street,year_2012 decade_2010s,Action Action Action Comedy Comedy Comedy Crime Crime Crime,,21 jump street year_2012 decade_2010s Action Action Action Comedy Comedy Comedy Crime Crime Crime
93721,Jiro Dreams of Sushi (2011),Documentary,2011,jiro dreams of sushi,year_2011 decade_2010s,Documentary Documentary Documentary,,jiro dreams of sushi year_2011 decade_2010s Documentary Documentary Documentary
93838,The Raid: Redemption (2011),Action|Crime,2011,the raid redemption,year_2011 decade_2010s,Action Action Action Crime Crime Crime,,the raid redemption year_2011 decade_2010s Action Action Action Crime Crime Crime
93840,"Cabin in the Woods, The (2012)",Comedy|Horror|Sci-Fi|Thriller,2012,cabin in the woods the,year_2012 decade_2010s,Comedy Comedy Comedy Horror Horror Horror SciFi SciFi SciFi Thriller Thriller Thriller,,cabin in the woods the year_2012 decade_2010s Comedy Comedy Comedy Horror Horror Horror SciFi SciFi SciFi Thriller Thriller Thriller
94478,Dark Shadows (2012),Comedy|Horror,2012,dark shadows,year_2012 decade_2010s,Comedy Comedy Comedy Horror Horror Horror,,dark shadows year_2012 decade_2010s Comedy Comedy Comedy Horror Horror Horror
94677,"Dictator, The (2012)",Comedy,2012,dictator the,year_2012 decade_2010s,Comedy Comedy Comedy,,dictator the year_2012 decade_2010s Comedy Comedy Comedy
94777,Men in Black III (M.III.B.) (M.I.B.³) (2012),Action|Comedy|Sci-Fi,2012,men in black iii m iii b m i b,year_2012 decade_2010s,Action Action Action Comedy Comedy Comedy SciFi SciFi SciFi,,men in black iii m iii b m i b year_2012 decade_2010s Action Action Action Comedy Comedy Comedy SciFi SciFi SciFi
94780,Snow White and the Huntsman (2012),Action|Adventure|Drama,2012,snow white and the huntsman,year_2012 decade_2010s,Action Action Action Adventure Adventure Adventure Drama Drama Drama,,snow white and the huntsman year_2012 decade_2010s Action Action Action Adventure Adventure Adventure Drama Drama Drama
94864,Prometheus (2012),Action|Horror|Sci-Fi,2012,prometheus,year_2012 decade_2010s,Action Action Action Horror Horror Horror SciFi SciFi SciFi,,prometheus year_2012 decade_2010s Action Action Action Horror Horror Horror SciFi SciFi SciFi
94953,Wanderlust (2012),Comedy,2012,wanderlust,year_2012 decade_2010s,Comedy Comedy Comedy,,wanderlust year_2012 decade_2010s Comedy Comedy Comedy
94959,Moonrise Kingdom (2012),Comedy|Drama|Romance,2012,moonrise kingdom,year_2012 decade_2010s,Comedy Comedy Comedy Drama Drama Drama Romance Romance Romance,quirky,moonrise kingdom year_2012 decade_2010s Comedy Comedy Comedy Drama Drama Drama Romance Romance Romance quirky
95088,Safety Not Guaranteed (2012),Comedy|Drama,2012,safety not guaranteed,year_2012 decade_2010s,Comedy Comedy Comedy Drama Drama Drama,,safety not guaranteed year_2012 decade_2010s Comedy Comedy Comedy Drama Drama Drama
95105,Madagascar 3: Europe's Most Wanted (2012),Adventure|Animation|Children|Comedy,2012,madagascar 3 europe s most wanted,year_2012 decade_2010s,Adventure Adventure Adventure Animation Animation Animation Children Children Children Comedy Comedy Comedy,,madagascar 3 europe s most wanted year_2012 decade_2010s Adventure Adventure Adventure Animation Animation Animation Children Children Children Comedy Comedy Comedy
95167,Brave (2012),Action|Adventure|Animation|Children,2012,brave,year_2012 decade_2010s,Action Action Action Adventure Adventure Adventure Animation Animation Animation Children Children Children,,brave year_2012 decade_2010s Action Action Action Adventure Adventure Adventure Animation Animation Animation Children Children Children
95207,Abraham Lincoln: Vampire Hunter (2012),Action|Fantasy|Horror|Thriller,2012,abraham lincoln vampire hunter,year_2012 decade_2010s,Action Action Action Fantasy Fantasy Fantasy Horror Horror Horror Thriller Thriller Thriller,,abraham lincoln vampire hunter year_2012 decade_2010s Action Action Action Fantasy Fantasy Fantasy Horror Horror Horror Thriller Thriller Thriller
95441,Ted (2012),Comedy|Fantasy,2012,ted,year_2012 decade_2010s,Comedy Comedy Comedy Fantasy Fantasy Fantasy,crude humor,ted year_2012 decade_2010s Comedy Comedy Comedy Fantasy Fantasy Fantasy crude humor
95449,Magic Mike (2012),Drama|Romance,2012,magic mike,year_2012 decade_2010s,Drama Drama Drama Romance Romance Romance,,magic mike year_2012 decade_2010s Drama Drama Drama Romance Romance Romance
95510,"Amazing Spider-Man, The (2012)",Action|Adventure|Sci-Fi,2012,amazing spider man the,year_2012 decade_2010s,Action Action Action Adventure Adventure Adventure SciFi SciFi SciFi,,amazing spider man the year_2012 decade_2010s Action Action Action Adventure Adventure Adventure SciFi SciFi SciFi
95543,Ice Age 4: Continental Drift (2012),Adventure|Animation|Comedy,2012,ice age 4 continental drift,year_2012 decade_2010s,Adventure Adventure Adventure Animation Animation Animation Comedy Comedy Comedy,,ice age 4 continental drift year_2012 decade_2010s Adventure Adventure Adventure Animation Animation Animation Comedy Comedy Comedy
95558,Beasts of the Southern Wild (2012),Drama|Fantasy,2012,beasts of the southern wild,year_2012 decade_2010s,Drama Drama Drama Fantasy Fantasy Fantasy,emotional beautiful,beasts of the southern wild year_2012 decade_2010s Drama Drama Drama Fantasy Fantasy Fantasy emotional beautiful
95720,"Watch, The (2012)",Comedy|Sci-Fi,2012,watch the,year_2012 decade_2010s,Comedy Comedy Comedy SciFi SciFi SciFi,,watch the year_2012 decade_2010s Comedy Comedy Comedy SciFi SciFi SciFi
95858,For the Birds (2000),Animation|Children|Comedy,2000,for the birds,year_2000 decade_2000s,Animation Animation Animation Children Children Children Comedy Comedy Comedy,,for the birds year_2000 decade_2000s Animation Animation Animation Children Children Children Comedy Comedy Comedy
95875,Total Recall (2012),Action|Sci-Fi|Thriller,2012,total recall,year_2012 decade_2010s,Action Action Action SciFi SciFi SciFi Thriller Thriller Thriller,,total recall year_2012 decade_2010s Action Action Action SciFi SciFi SciFi Thriller Thriller Thriller
96079,Skyfall (2012),Action|Adventure|Thriller,2012,skyfall,year_2012 decade_2010s,Action Action Action Adventure Adventure Adventure Thriller Thriller Thriller,cinematography,skyfall year_2012 decade_2010s Action Action Action Adventure Adventure Adventure Thriller Thriller Thriller cinematography
96110,"Campaign, The (2012)",Comedy,2012,campaign the,year_2012 decade_2010s,Comedy Comedy Comedy,,campaign the year_2012 decade_2010s Comedy Comedy Comedy
96417,Premium Rush (2012),Action|Thriller,2012,premium rush,year_2012 decade_2010s,Action Action Action Thriller Thriller Thriller,,premium rush year_2012 decade_2010s Action Action Action Thriller Thriller Thriller
96588,Pitch Perfect (2012),Comedy|Musical,2012,pitch perfect,year_2012 decade_2010s,Comedy Comedy Comedy Musical Musical Musical,,pitch perfect year_2012 decade_2010s Comedy Comedy Comedy Musical Musical Musical
96610,Looper (2012),Action|Crime|Sci-Fi,2012,looper,year_2012 decade_2010s,Action Action Action Crime Crime Crime SciFi SciFi SciFi,,looper year_2012 decade_2010s Action Action Action Crime Crime Crime SciFi SciFi SciFi
96728,"Master, The (2012)",Drama,2012,master the,year_2012 decade_2010s,Drama Drama Drama,,master the year_2012 decade_2010s Drama Drama Drama
96737,Dredd (2012),Action|Sci-Fi,2012,dredd,year_2012 decade_2010s,Action Action Action SciFi SciFi SciFi,,dredd year_2012 decade_2010s Action Action Action SciFi SciFi SciFi
96811,End of Watch (2012),Crime|Drama|Thriller,2012,end of watch,year_2012 decade_2010s,Crime Crime Crime Drama Drama Drama Thriller Thriller Thriller,,end of watch year_2012 decade_2010s Crime Crime Crime Drama Drama Drama Thriller Thriller Thriller
96821,"Perks of Being a Wallflower, The (2012)",Drama|Romance,2012,perks of being a wallflower the,year_2012 decade_2010s,Drama Drama Drama Romance Romance Romance,,perks of being a wallflower the year_2012 decade_2010s Drama Drama Drama Romance Romance Romance
96829,"Hunt, The (Jagten) (2012)",Drama,2012,hunt the jagten,year_2012 decade_2010s,Drama Drama Drama,,hunt the jagten year_2012 decade_2010s Drama Drama Drama
96861,Taken 2 (2012),Action|Crime|Drama|Thriller,2012,taken 2,year_2012 decade_2010s,Action Action Action Crime Crime Crime Drama Drama Drama Thriller Thriller Thriller,liam neeson predictable,taken 2 year_2012 decade_2010s Action Action Action Crime Crime Crime Drama Drama Drama Thriller Thriller Thriller liam neeson predictable
97225,Hotel Transylvania (2012),Animation|Children|Comedy,2012,hotel transylvania,year_2012 decade_2010s,Animation Animation Animation Children Children Children Comedy Comedy Comedy,,hotel transylvania year_2012 decade_2010s Animation Animation Animation Children Children Children Comedy Comedy Comedy
97304,Argo (2012),Drama|Thriller,2012,argo,year_2012 decade_2010s,Drama Drama Drama Thriller Thriller Thriller,politics,argo year_2012 decade_2010s Drama Drama Drama Thriller Thriller Thriller politics
97306,Seven Psychopaths (2012),Comedy|Crime,2012,seven psychopaths,year_2012 decade_2010s,Comedy Comedy Comedy Crime Crime Crime,,seven psychopaths year_2012 decade_2010s Comedy Comedy Comedy Crime Crime Crime
97752,Cloud Atlas (2012),Drama|Sci-Fi,2012,cloud atlas,year_2012 decade_2010s,Drama Drama Drama SciFi SciFi SciFi,,cloud atlas year_2012 decade_2010s Drama Drama Drama SciFi SciFi SciFi
97836,Here Comes the Boom (2012),Action|Comedy,2012,here comes the boom,year_2012 decade_2010s,Action Action Action Comedy Comedy Comedy,,here comes the boom year_2012 decade_2010s Action Action Action Comedy Comedy Comedy
97913,Wreck-It Ralph (2012),Animation|Comedy,2012,wreck it ralph,year_2012 decade_2010s,Animation Animation Animation Comedy Comedy Comedy,,wreck it ralph year_2012 decade_2010s Animation Animation Animation Comedy Comedy Comedy
97921,Silver Linings Playbook (2012),Comedy|Drama,2012,silver linings playbook,year_2012 decade_2010s,Comedy Comedy Comedy Drama Drama Drama,,silver linings playbook year_2012 decade_2010s Comedy Comedy Comedy Drama Drama Drama
97923,Flight (2012),Drama,2012,flight,year_2012 decade_2010s,Drama Drama Drama,,flight year_2012 decade_2010s Drama Drama Drama
97938,Life of Pi (2012),Adventure|Drama,2012,life of pi,year_2012 decade_2010s,Adventure Adventure Adventure Drama Drama Drama,surreal india cinematography,life of pi year_2012 decade_2010s Adventure Adventure Adventure Drama Drama Drama surreal india cinematography
98124,"Batman: The Dark Knight Returns, Part 1 (2012)",Action|Animation|Sci-Fi,2012,batman the dark knight returns part 1,year_2012 decade_2010s,Action Action Action Animation Animation Animation SciFi SciFi SciFi,,batman the dark knight returns part 1 year_2012 decade_2010s Action Action Action Animation Animation Animation SciFi SciFi SciFi
98243,Rise of the Guardians (2012),Adventure|Animation|Children|Fantasy,2012,rise of the guardians,year_2012 decade_2010s,Adventure Adventure Adventure Animation Animation Animation Children Children Children Fantasy Fantasy Fantasy,,rise of the guardians year_2012 decade_2010s Adventure Adventure Adventure Animation Animation Animation Children Children Children Fantasy Fantasy Fantasy
98491,Paperman (2012),Animation|Comedy|Romance,2012,paperman,year_2012 decade_2010s,Animation Animation Animation Comedy Comedy Comedy Romance Romance Romance,,paperman year_2012 decade_2010s Animation Animation Animation Comedy Comedy Comedy Romance Romance Romance
98585,Hitchcock (2012),Drama,2012,hitchcock,year_2012 decade_2010s,Drama Drama Drama,,hitchcock year_2012 decade_2010s Drama Drama Drama
98809,"Hobbit: An Unexpected Journey, The (2012)",Adventure|Fantasy,2012,hobbit an unexpected journey the,year_2012 decade_2010s,Adventure Adventure Adventure Fantasy Fantasy Fantasy,action myth,hobbit an unexpected journey the year_2012 decade_2010s Adventure Adventure Adventure Fantasy Fantasy Fantasy action myth
98961,Zero Dark Thirty (2012),Action|Drama|Thriller,2012,zero dark thirty,year_2012 decade_2010s,Action Action Action Drama Drama Drama Thriller Thriller Thriller,terrorism assassination military,zero dark thirty year_2012 decade_2010s Action Action Action Drama Drama Drama Thriller Thriller Thriller terrorism assassination military
99007,Warm Bodies (2013),Comedy|Horror|Romance,2013,warm bodies,year_2013 decade_2010s,Comedy Comedy Comedy Horror Horror Horror Romance Romance Romance,,warm bodies year_2013 decade_2010s Comedy Comedy Comedy Horror Horror Horror Romance Romance Romance
99112,Jack Reacher (2012),Action|Crime|Thriller,2012,jack reacher,year_2012 decade_2010s,Action Action Action Crime Crime Crime Thriller Thriller Thriller,,jack reacher year_2012 decade_2010s Action Action Action Crime Crime Crime Thriller Thriller Thriller
99114,Django Unchained (2012),Action|Drama|Western,2012,django unchained,year_2012 decade_2010s,Action Action Action Drama Drama Drama Western Western Western,soundtrack quentin tarantino leonardo dicaprio samuel l jackson christoph waltz great performances western funny good soundtrack humour action,django unchained year_2012 decade_2010s Action Action Action Drama Drama Drama Western Western Western soundtrack quentin tarantino leonardo dicaprio samuel l jackson christoph waltz great performances western funny good soundtrack humour action
99117,This Is 40 (2012),Drama,2012,this is 40,year_2012 decade_2010s,Drama Drama Drama,,this is 40 year_2012 decade_2010s Drama Drama Drama
99149,"Misérables, Les (2012)",Drama|Musical|Romance,2012,mis rables les,year_2012 decade_2010s,Drama Drama Drama Musical Musical Musical Romance Romance Romance,,mis rables les year_2012 decade_2010s Drama Drama Drama Musical Musical Musical Romance Romance Romance
99813,"Batman: The Dark Knight Returns, Part 2 (2013)",Action|Animation,2013,batman the dark knight returns part 2,year_2013 decade_2010s,Action Action Action Animation Animation Animation,,batman the dark knight returns part 2 year_2013 decade_2010s Action Action Action Animation Animation Animation
100163,Hansel & Gretel: Witch Hunters (2013),Action|Fantasy|Horror,2013,hansel gretel witch hunters,year_2013 decade_2010s,Action Action Action Fantasy Fantasy Fantasy Horror Horror Horror,,hansel gretel witch hunters year_2013 decade_2010s Action Action Action Fantasy Fantasy Fantasy Horror Horror Horror
100383,Side Effects (2013),Crime|Drama|Mystery|Thriller,2013,side effects,year_2013 decade_2010s,Crime Crime Crime Drama Drama Drama Mystery Mystery Mystery Thriller Thriller Thriller,,side effects year_2013 decade_2010s Crime Crime Crime Drama Drama Drama Mystery Mystery Mystery Thriller Thriller Thriller
100498,"Good Day to Die Hard, A (2013)",Action|Crime|Thriller,2013,good day to die hard a,year_2013 decade_2010s,Action Action Action Crime Crime Crime Thriller Thriller Thriller,,good day to die hard a year_2013 decade_2010s Action Action Action Crime Crime Crime Thriller Thriller Thriller
101025,Jack the Giant Slayer (2013),Adventure|Fantasy,2013,jack the giant slayer,year_2013 decade_2010s,Adventure Adventure Adventure Fantasy Fantasy Fantasy,,jack the giant slayer year_2013 decade_2010s Adventure Adventure Adventure Fantasy Fantasy Fantasy
101112,Oz the Great and Powerful (2013),Action|Adventure|Fantasy,2013,oz the great and powerful,year_2013 decade_2010s,Action Action Action Adventure Adventure Adventure Fantasy Fantasy Fantasy,,oz the great and powerful year_2013 decade_2010s Action Action Action Adventure Adventure Adventure Fantasy Fantasy Fantasy
101142,"Croods, The (2013)",Adventure|Animation|Comedy,2013,croods the,year_2013 decade_2010s,Adventure Adventure Adventure Animation Animation Animation Comedy Comedy Comedy,animation funny,croods the year_2013 decade_2010s Adventure Adventure Adventure Animation Animation Animation Comedy Comedy Comedy animation funny
101362,Olympus Has Fallen (2013),Action|Thriller,2013,olympus has fallen,year_2013 decade_2010s,Action Action Action Thriller Thriller Thriller,,olympus has fallen year_2013 decade_2010s Action Action Action Thriller Thriller Thriller
101525,"Place Beyond the Pines, The (2012)",Crime|Drama,2012,place beyond the pines the,year_2012 decade_2010s,Crime Crime Crime Drama Drama Drama,,place beyond the pines the year_2012 decade_2010s Crime Crime Crime Drama Drama Drama
101864,Oblivion (2013),Action|Adventure|Sci-Fi,2013,oblivion,year_2013 decade_2010s,Action Action Action Adventure Adventure Adventure SciFi SciFi SciFi,,oblivion year_2013 decade_2010s Action Action Action Adventure Adventure Adventure SciFi SciFi SciFi
102033,Pain & Gain (2013),Action|Comedy|Crime,2013,pain gain,year_2013 decade_2010s,Action Action Action Comedy Comedy Comedy Crime Crime Crime,,pain gain year_2013 decade_2010s Action Action Action Comedy Comedy Comedy Crime Crime Crime
102123,This Is the End (2013),Action|Comedy,2013,this is the end,year_2013 decade_2010s,Action Action Action Comedy Comedy Comedy,,this is the end year_2013 decade_2010s Action Action Action Comedy Comedy Comedy
102125,Iron Man 3 (2013),Action|Sci-Fi|Thriller,2013,iron man 3,year_2013 decade_2010s,Action Action Action SciFi SciFi SciFi Thriller Thriller Thriller,,iron man 3 year_2013 decade_2010s Action Action Action SciFi SciFi SciFi Thriller Thriller Thriller
102407,"Great Gatsby, The (2013)",Drama,2013,great gatsby the,year_2013 decade_2010s,Drama Drama Drama,,great gatsby the year_2013 decade_2010s Drama Drama Drama
102445,Star Trek Into Darkness (2013),Action|Adventure|Sci-Fi,2013,star trek into darkness,year_2013 decade_2010s,Action Action Action Adventure Adventure Adventure SciFi SciFi SciFi,,star trek into darkness year_2013 decade_2010s Action Action Action Adventure Adventure Adventure SciFi SciFi SciFi
102481,"Internship, The (2013)",Comedy,2013,internship the,year_2013 decade_2010s,Comedy Comedy Comedy,,internship the year_2013 decade_2010s Comedy Comedy Comedy
102686,"Hangover Part III, The (2013)",Comedy,2013,hangover part iii the,year_2013 decade_2010s,Comedy Comedy Comedy,,hangover part iii the year_2013 decade_2010s Comedy Comedy Comedy
102716,"Fast & Furious 6 (Fast and the Furious 6, The) (2013)",Action|Crime|Thriller,2013,fast furious 6 fast and the furious 6 the,year_2013 decade_2010s,Action Action Action Crime Crime Crime Thriller Thriller Thriller,,fast furious 6 fast and the furious 6 the year_2013 decade_2010s Action Action Action Crime Crime Crime Thriller Thriller Thriller
102903,Now You See Me (2013),Crime|Mystery|Thriller,2013,now you see me,year_2013 decade_2010s,Crime Crime Crime Mystery Mystery Mystery Thriller Thriller Thriller,stupid ending predictable,now you see me year_2013 decade_2010s Crime Crime Crime Mystery Mystery Mystery Thriller Thriller Thriller stupid ending predictable
103042,Man of Steel (2013),Action|Adventure|Fantasy|Sci-Fi,2013,man of steel,year_2013 decade_2010s,Action Action Action Adventure Adventure Adventure Fantasy Fantasy Fantasy SciFi SciFi SciFi,superhero,man of steel year_2013 decade_2010s Action Action Action Adventure Adventure Adventure Fantasy Fantasy Fantasy SciFi SciFi SciFi superhero
103141,Monsters University (2013),Adventure|Animation|Comedy,2013,monsters university,year_2013 decade_2010s,Adventure Adventure Adventure Animation Animation Animation Comedy Comedy Comedy,,monsters university year_2013 decade_2010s Adventure Adventure Adventure Animation Animation Animation Comedy Comedy Comedy
103228,Pacific Rim (2013),Action|Adventure|Sci-Fi,2013,pacific rim,year_2013 decade_2010s,Action Action Action Adventure Adventure Adventure SciFi SciFi SciFi,,pacific rim year_2013 decade_2010s Action Action Action Adventure Adventure Adventure SciFi SciFi SciFi
103235,"Best Offer, The (Migliore offerta, La) (2013)",Thriller,2013,best offer the migliore offerta la,year_2013 decade_2010s,Thriller Thriller Thriller,,best offer the migliore offerta la year_2013 decade_2010s Thriller Thriller Thriller
103249,World War Z (2013),Action|Drama|Horror,2013,world war z,year_2013 decade_2010s,Action Action Action Drama Drama Drama Horror Horror Horror,,world war z year_2013 decade_2010s Action Action Action Drama Drama Drama Horror Horror Horror
103253,Elysium (2013),Action|Drama|Sci-Fi,2013,elysium,year_2013 decade_2010s,Action Action Action Drama Drama Drama SciFi SciFi SciFi,,elysium year_2013 decade_2010s Action Action Action Drama Drama Drama SciFi SciFi SciFi
103335,Despicable Me 2 (2013),Animation|Children|Comedy,2013,despicable me 2,year_2013 decade_2010s,Animation Animation Animation Children Children Children Comedy Comedy Comedy,,despicable me 2 year_2013 decade_2010s Animation Animation Animation Children Children Children Comedy Comedy Comedy
103339,White House Down (2013),Action|Drama|Thriller,2013,white house down,year_2013 decade_2010s,Action Action Action Drama Drama Drama Thriller Thriller Thriller,,white house down year_2013 decade_2010s Action Action Action Drama Drama Drama Thriller Thriller Thriller
103341,"World's End, The (2013)",Action|Comedy|Sci-Fi,2013,world s end the,year_2013 decade_2010s,Action Action Action Comedy Comedy Comedy SciFi SciFi SciFi,,world s end the year_2013 decade_2010s Action Action Action Comedy Comedy Comedy SciFi SciFi SciFi
103372,"Heat, The (2013)",Action|Comedy|Crime,2013,heat the,year_2013 decade_2010s,Action Action Action Comedy Comedy Comedy Crime Crime Crime,,heat the year_2013 decade_2010s Action Action Action Comedy Comedy Comedy Crime Crime Crime
103384,"Lone Ranger, The (2013)",Action|Adventure|Western,2013,lone ranger the,year_2013 decade_2010s,Action Action Action Adventure Adventure Adventure Western Western Western,,lone ranger the year_2013 decade_2010s Action Action Action Adventure Adventure Adventure Western Western Western
103688,"Conjuring, The (2013)",Horror|Thriller,2013,conjuring the,year_2013 decade_2010s,Horror Horror Horror Thriller Thriller Thriller,,conjuring the year_2013 decade_2010s Horror Horror Horror Thriller Thriller Thriller
103772,"Wolverine, The (2013)",Action|Adventure|Fantasy|Sci-Fi,2013,wolverine the,year_2013 decade_2010s,Action Action Action Adventure Adventure Adventure Fantasy Fantasy Fantasy SciFi SciFi SciFi,,wolverine the year_2013 decade_2010s Action Action Action Adventure Adventure Adventure Fantasy Fantasy Fantasy SciFi SciFi SciFi
103810,Red 2 (2013),Action|Comedy|Crime|Thriller,2013,red 2,year_2013 decade_2010s,Action Action Action Comedy Comedy Comedy Crime Crime Crime Thriller Thriller Thriller,,red 2 year_2013 decade_2010s Action Action Action Comedy Comedy Comedy Crime Crime Crime Thriller Thriller Thriller
104211,We're the Millers (2013),Comedy|Crime,2013,we re the millers,year_2013 decade_2010s,Comedy Comedy Comedy Crime Crime Crime,,we re the millers year_2013 decade_2010s Comedy Comedy Comedy Crime Crime Crime
104218,Grown Ups 2 (2013),Comedy,2013,grown ups 2,year_2013 decade_2010s,Comedy Comedy Comedy,adam sandler,grown ups 2 year_2013 decade_2010s Comedy Comedy Comedy adam sandler
104241,Kick-Ass 2 (2013),Action|Comedy|Crime,2013,kick ass 2,year_2013 decade_2010s,Action Action Action Comedy Comedy Comedy Crime Crime Crime,,kick ass 2 year_2013 decade_2010s Action Action Action Comedy Comedy Comedy Crime Crime Crime
104243,Riddick (2013),Action|Sci-Fi|Thriller,2013,riddick,year_2013 decade_2010s,Action Action Action SciFi SciFi SciFi Thriller Thriller Thriller,,riddick year_2013 decade_2010s Action Action Action SciFi SciFi SciFi Thriller Thriller Thriller
104374,About Time (2013),Drama|Fantasy|Romance,2013,about time,year_2013 decade_2010s,Drama Drama Drama Fantasy Fantasy Fantasy Romance Romance Romance,,about time year_2013 decade_2010s Drama Drama Drama Fantasy Fantasy Fantasy Romance Romance Romance
104841,Gravity (2013),Action|Sci-Fi,2013,gravity,year_2013 decade_2010s,Action Action Action SciFi SciFi SciFi,predictable long shots visually appealing,gravity year_2013 decade_2010s Action Action Action SciFi SciFi SciFi predictable long shots visually appealing
104879,Prisoners (2013),Drama|Mystery|Thriller,2013,prisoners,year_2013 decade_2010s,Drama Drama Drama Mystery Mystery Mystery Thriller Thriller Thriller,jake gyllenhaal thriller hugh jackman atmospheric morality mystery,prisoners year_2013 decade_2010s Drama Drama Drama Mystery Mystery Mystery Thriller Thriller Thriller jake gyllenhaal thriller hugh jackman atmospheric morality mystery
104913,Rush (2013),Action|Drama,2013,rush,year_2013 decade_2010s,Action Action Action Drama Drama Drama,,rush year_2013 decade_2010s Action Action Action Drama Drama Drama
105213,Don Jon (2013),Comedy|Drama|Romance,2013,don jon,year_2013 decade_2010s,Comedy Comedy Comedy Drama Drama Drama Romance Romance Romance,,don jon year_2013 decade_2010s Comedy Comedy Comedy Drama Drama Drama Romance Romance Romance
105504,Captain Phillips (2013),Adventure|Drama|Thriller,2013,captain phillips,year_2013 decade_2010s,Adventure Adventure Adventure Drama Drama Drama Thriller Thriller Thriller,suspense tense,captain phillips year_2013 decade_2010s Adventure Adventure Adventure Drama Drama Drama Thriller Thriller Thriller suspense tense
105844,12 Years a Slave (2013),Drama,2013,12 years a slave,year_2013 decade_2010s,Drama Drama Drama,,12 years a slave year_2013 decade_2010s Drama Drama Drama
106002,Ender's Game (2013),Action|Adventure|Sci-Fi,2013,ender s game,year_2013 decade_2010s,Action Action Action Adventure Adventure Adventure SciFi SciFi SciFi,,ender s game year_2013 decade_2010s Action Action Action Adventure Adventure Adventure SciFi SciFi SciFi
106072,Thor: The Dark World (2013),Action|Adventure|Fantasy,2013,thor the dark world,year_2013 decade_2010s,Action Action Action Adventure Adventure Adventure Fantasy Fantasy Fantasy,,thor the dark world year_2013 decade_2010s Action Action Action Adventure Adventure Adventure Fantasy Fantasy Fantasy
106100,Dallas Buyers Club (2013),Drama,2013,dallas buyers club,year_2013 decade_2010s,Drama Drama Drama,social commentary jared leto,dallas buyers club year_2013 decade_2010s Drama Drama Drama social commentary jared leto
106487,The Hunger Games: Catching Fire (2013),Action|Adventure|Sci-Fi,2013,the hunger games catching fire,year_2013 decade_2010s,Action Action Action Adventure Adventure Adventure SciFi SciFi SciFi,,the hunger games catching fire year_2013 decade_2010s Action Action Action Adventure Adventure Adventure SciFi SciFi SciFi
106489,"Hobbit: The Desolation of Smaug, The (2013)",Adventure|Fantasy,2013,hobbit the desolation of smaug the,year_2013 decade_2010s,Adventure Adventure Adventure Fantasy Fantasy Fantasy,too long fantasy tolkien adventure,hobbit the desolation of smaug the year_2013 decade_2010s Adventure Adventure Adventure Fantasy Fantasy Fantasy too long fantasy tolkien adventure
106491,47 Ronin (2013),Action|Adventure|Fantasy,2013,47 ronin,year_2013 decade_2010s,Action Action Action Adventure Adventure Adventure Fantasy Fantasy Fantasy,,47 ronin year_2013 decade_2010s Action Action Action Adventure Adventure Adventure Fantasy Fantasy Fantasy
106642,"Day of the Doctor, The (2013)",Adventure|Drama|Sci-Fi,2013,day of the doctor the,year_2013 decade_2010s,Adventure Adventure Adventure Drama Drama Drama SciFi SciFi SciFi,,day of the doctor the year_2013 decade_2010s Adventure Adventure Adventure Drama Drama Drama SciFi SciFi SciFi
106696,Frozen (2013),Adventure|Animation|Comedy|Fantasy|Musical|Romance,2013,frozen,year_2013 decade_2010s,Adventure Adventure Adventure Animation Animation Animation Comedy Comedy Comedy Fantasy Fantasy Fantasy Musical Musical Musical Romance Romance Romance,,frozen year_2013 decade_2010s Adventure Adventure Adventure Animation Animation Animation Comedy Comedy Comedy Fantasy Fantasy Fantasy Musical Musical Musical Romance Romance Romance
106766,Inside Llewyn Davis (2013),Drama,2013,inside llewyn davis,year_2013 decade_2010s,Drama Drama Drama,funny depressing atmospheric cinematography,inside llewyn davis year_2013 decade_2010s Drama Drama Drama funny depressing atmospheric cinematography
106782,"Wolf of Wall Street, The (2013)",Comedy|Crime|Drama,2013,wolf of wall street the,year_2013 decade_2010s,Comedy Comedy Comedy Crime Crime Crime Drama Drama Drama,wall street leonardo dicaprio drugs martin scorsese,wolf of wall street the year_2013 decade_2010s Comedy Comedy Comedy Crime Crime Crime Drama Drama Drama wall street leonardo dicaprio drugs martin scorsese
106916,American Hustle (2013),Crime|Drama,2013,american hustle,year_2013 decade_2010s,Crime Crime Crime Drama Drama Drama,,american hustle year_2013 decade_2010s Crime Crime Crime Drama Drama Drama
106918,"Secret Life of Walter Mitty, The (2013)",Adventure|Comedy|Drama,2013,secret life of walter mitty the,year_2013 decade_2010s,Adventure Adventure Adventure Comedy Comedy Comedy Drama Drama Drama,,secret life of walter mitty the year_2013 decade_2010s Adventure Adventure Adventure Comedy Comedy Comedy Drama Drama Drama
106920,Her (2013),Drama|Romance|Sci-Fi,2013,her,year_2013 decade_2010s,Drama Drama Drama Romance Romance Romance SciFi SciFi SciFi,,her year_2013 decade_2010s Drama Drama Drama Romance Romance Romance SciFi SciFi SciFi
107141,Saving Mr. Banks (2013),Comedy|Drama,2013,saving mr banks,year_2013 decade_2010s,Comedy Comedy Comedy Drama Drama Drama,,saving mr banks year_2013 decade_2010s Comedy Comedy Comedy Drama Drama Drama
107348,Anchorman 2: The Legend Continues (2013),Comedy,2013,anchorman 2 the legend continues,year_2013 decade_2010s,Comedy Comedy Comedy,steve carell will ferrell comedy,anchorman 2 the legend continues year_2013 decade_2010s Comedy Comedy Comedy steve carell will ferrell comedy
107406,Snowpiercer (2013),Action|Drama|Sci-Fi,2013,snowpiercer,year_2013 decade_2010s,Action Action Action Drama Drama Drama SciFi SciFi SciFi,,snowpiercer year_2013 decade_2010s Action Action Action Drama Drama Drama SciFi SciFi SciFi
108156,Ride Along (2014),Action|Comedy,2014,ride along,year_2014 decade_2010s,Action Action Action Comedy Comedy Comedy,,ride along year_2014 decade_2010s Action Action Action Comedy Comedy Comedy
108190,Divergent (2014),Adventure|Romance|Sci-Fi,2014,divergent,year_2014 decade_2010s,Adventure Adventure Adventure Romance Romance Romance SciFi SciFi SciFi,dystopia bad writing plot holes predictable,divergent year_2014 decade_2010s Adventure Adventure Adventure Romance Romance Romance SciFi SciFi SciFi dystopia bad writing plot holes predictable
108729,Enemy (2013),Mystery|Thriller,2013,enemy,year_2013 decade_2010s,Mystery Mystery Mystery Thriller Thriller Thriller,,enemy year_2013 decade_2010s Mystery Mystery Mystery Thriller Thriller Thriller
108928,"Monuments Men, The (2014)",Action|Drama|War,2014,monuments men the,year_2014 decade_2010s,Action Action Action Drama Drama Drama War War War,,monuments men the year_2014 decade_2010s Action Action Action Drama Drama Drama War War War
108932,The Lego Movie (2014),Action|Adventure|Animation|Children|Comedy|Fantasy,2014,the lego movie,year_2014 decade_2010s,Action Action Action Adventure Adventure Adventure Animation Animation Animation Children Children Children Comedy Comedy Comedy Fantasy Fantasy Fantasy,fun clever quirky feel good,the lego movie year_2014 decade_2010s Action Action Action Adventure Adventure Adventure Animation Animation Animation Children Children Children Comedy Comedy Comedy Fantasy Fantasy Fantasy fun clever quirky feel good
108945,RoboCop (2014),Action|Crime|Sci-Fi,2014,robocop,year_2014 decade_2010s,Action Action Action Crime Crime Crime SciFi SciFi SciFi,,robocop year_2014 decade_2010s Action Action Action Crime Crime Crime SciFi SciFi SciFi
109374,"Grand Budapest Hotel, The (2014)",Comedy|Drama,2014,grand budapest hotel the,year_2014 decade_2010s,Comedy Comedy Comedy Drama Drama Drama,,grand budapest hotel the year_2014 decade_2010s Comedy Comedy Comedy Drama Drama Drama
109487,Interstellar (2014),Sci-Fi,2014,interstellar,year_2014 decade_2010s,SciFi SciFi SciFi,christopher nolan sci fi time travel visually appealing thought provoking,interstellar year_2014 decade_2010s SciFi SciFi SciFi christopher nolan sci fi time travel visually appealing thought provoking
110102,Captain America: The Winter Soldier (2014),Action|Adventure|Sci-Fi,2014,captain america the winter soldier,year_2014 decade_2010s,Action Action Action Adventure Adventure Adventure SciFi SciFi SciFi,,captain america the winter soldier year_2014 decade_2010s Action Action Action Adventure Adventure Adventure SciFi SciFi SciFi
110127,Noah (2014),Adventure|Drama,2014,noah,year_2014 decade_2010s,Adventure Adventure Adventure Drama Drama Drama,,noah year_2014 decade_2010s Adventure Adventure Adventure Drama Drama Drama
110501,The Raid 2: Berandal (2014),Action|Crime|Thriller,2014,the raid 2 berandal,year_2014 decade_2010s,Action Action Action Crime Crime Crime Thriller Thriller Thriller,,the raid 2 berandal year_2014 decade_2010s Action Action Action Crime Crime Crime Thriller Thriller Thriller
110553,The Amazing Spider-Man 2 (2014),Action|Sci-Fi,2014,the amazing spider man 2,year_2014 decade_2010s,Action Action Action SciFi SciFi SciFi,,the amazing spider man 2 year_2014 decade_2010s Action Action Action SciFi SciFi SciFi
110730,Transcendence (2014),Drama|Sci-Fi,2014,transcendence,year_2014 decade_2010s,Drama Drama Drama SciFi SciFi SciFi,,transcendence year_2014 decade_2010s Drama Drama Drama SciFi SciFi SciFi
110771,"Other Woman, The (2014)",Comedy|Romance,2014,other woman the,year_2014 decade_2010s,Comedy Comedy Comedy Romance Romance Romance,,other woman the year_2014 decade_2010s Comedy Comedy Comedy Romance Romance Romance
111113,Neighbors (2014),Comedy,2014,neighbors,year_2014 decade_2010s,Comedy Comedy Comedy,,neighbors year_2014 decade_2010s Comedy Comedy Comedy
111360,Lucy (2014),Action|Sci-Fi,2014,lucy,year_2014 decade_2010s,Action Action Action SciFi SciFi SciFi,,lucy year_2014 decade_2010s Action Action Action SciFi SciFi SciFi
111362,X-Men: Days of Future Past (2014),Action|Adventure|Sci-Fi,2014,x men days of future past,year_2014 decade_2010s,Action Action Action Adventure Adventure Adventure SciFi SciFi SciFi,,x men days of future past year_2014 decade_2010s Action Action Action Adventure Adventure Adventure SciFi SciFi SciFi
111364,Godzilla (2014),Action|Adventure|Sci-Fi,2014,godzilla,year_2014 decade_2010s,Action Action Action Adventure Adventure Adventure SciFi SciFi SciFi,,godzilla year_2014 decade_2010s Action Action Action Adventure Adventure Adventure SciFi SciFi SciFi
111617,Blended (2014),Comedy,2014,blended,year_2014 decade_2010s,Comedy Comedy Comedy,,blended year_2014 decade_2010s Comedy Comedy Comedy
111659,Maleficent (2014),Action|Adventure|Children,2014,maleficent,year_2014 decade_2010s,Action Action Action Adventure Adventure Adventure Children Children Children,,maleficent year_2014 decade_2010s Action Action Action Adventure Adventure Adventure Children Children Children
111743,A Million Ways to Die in the West (2014),Comedy|Western,2014,a million ways to die in the west,year_2014 decade_2010s,Comedy Comedy Comedy Western Western Western,witty charlize theron liam neeson,a million ways to die in the west year_2014 decade_2010s Comedy Comedy Comedy Western Western Western witty charlize theron liam neeson
111759,Edge of Tomorrow (2014),Action|Sci-Fi,2014,edge of tomorrow,year_2014 decade_2010s,Action Action Action SciFi SciFi SciFi,,edge of tomorrow year_2014 decade_2010s Action Action Action SciFi SciFi SciFi
111781,Mission: Impossible - Rogue Nation (2015),Action|Adventure|Thriller,2015,mission impossible rogue nation,year_2015 decade_2010s,Action Action Action Adventure Adventure Adventure Thriller Thriller Thriller,,mission impossible rogue nation year_2015 decade_2010s Action Action Action Adventure Adventure Adventure Thriller Thriller Thriller
111921,The Fault in Our Stars (2014),Drama|Romance,2014,the fault in our stars,year_2014 decade_2010s,Drama Drama Drama Romance Romance Romance,,the fault in our stars year_2014 decade_2010s Drama Drama Drama Romance Romance Romance
112138,22 Jump Street (2014),Action|Comedy|Crime,2014,22 jump street,year_2014 decade_2010s,Action Action Action Comedy Comedy Comedy Crime Crime Crime,,22 jump street year_2014 decade_2010s Action Action Action Comedy Comedy Comedy Crime Crime Crime
112171,"Equalizer, The (2014)",Action|Crime|Thriller,2014,equalizer the,year_2014 decade_2010s,Action Action Action Crime Crime Crime Thriller Thriller Thriller,,equalizer the year_2014 decade_2010s Action Action Action Crime Crime Crime Thriller Thriller Thriller
112175,How to Train Your Dragon 2 (2014),Action|Adventure|Animation,2014,how to train your dragon 2,year_2014 decade_2010s,Action Action Action Adventure Adventure Adventure Animation Animation Animation,,how to train your dragon 2 year_2014 decade_2010s Action Action Action Adventure Adventure Adventure Animation Animation Animation
112183,Birdman: Or (The Unexpected Virtue of Ignorance) (2014),Comedy|Drama,2014,birdman or the unexpected virtue of ignorance,year_2014 decade_2010s,Comedy Comedy Comedy Drama Drama Drama,,birdman or the unexpected virtue of ignorance year_2014 decade_2010s Comedy Comedy Comedy Drama Drama Drama
112290,Boyhood (2014),Drama,2014,boyhood,year_2014 decade_2010s,Drama Drama Drama,,boyhood year_2014 decade_2010s Drama Drama Drama
112552,Whiplash (2014),Drama,2014,whiplash,year_2014 decade_2010s,Drama Drama Drama,music jazz tense suspense psychological intense inspirational inspiring,whiplash year_2014 decade_2010s Drama Drama Drama music jazz tense suspense psychological intense inspirational inspiring
112556,Gone Girl (2014),Drama|Thriller,2014,gone girl,year_2014 decade_2010s,Drama Drama Drama Thriller Thriller Thriller,stupid ending,gone girl year_2014 decade_2010s Drama Drama Drama Thriller Thriller Thriller stupid ending
112623,Dawn of the Planet of the Apes (2014),Sci-Fi,2014,dawn of the planet of the apes,year_2014 decade_2010s,SciFi SciFi SciFi,,dawn of the planet of the apes year_2014 decade_2010s SciFi SciFi SciFi
112788,Sex Tape (2014),Comedy,2014,sex tape,year_2014 decade_2010s,Comedy Comedy Comedy,,sex tape year_2014 decade_2010s Comedy Comedy Comedy
112818,"Purge: Anarchy, The (2014)",Action|Horror|Thriller,2014,purge anarchy the,year_2014 decade_2010s,Action Action Action Horror Horror Horror Thriller Thriller Thriller,,purge anarchy the year_2014 decade_2010s Action Action Action Horror Horror Horror Thriller Thriller Thriller
112852,Guardians of the Galaxy (2014),Action|Adventure|Sci-Fi,2014,guardians of the galaxy,year_2014 decade_2010s,Action Action Action Adventure Adventure Adventure SciFi SciFi SciFi,humorous funny,guardians of the galaxy year_2014 decade_2010s Action Action Action Adventure Adventure Adventure SciFi SciFi SciFi humorous funny
113378,"Giver, The (2014)",Drama|Sci-Fi,2014,giver the,year_2014 decade_2010s,Drama Drama Drama SciFi SciFi SciFi,,giver the year_2014 decade_2010s Drama Drama Drama SciFi SciFi SciFi
113453,Let's Be Cops (2014),Comedy|Crime,2014,let s be cops,year_2014 decade_2010s,Comedy Comedy Comedy Crime Crime Crime,,let s be cops year_2014 decade_2010s Comedy Comedy Comedy Crime Crime Crime
114180,"Maze Runner, The (2014)",Action|Mystery|Sci-Fi,2014,maze runner the,year_2014 decade_2010s,Action Action Action Mystery Mystery Mystery SciFi SciFi SciFi,dystopia plot holes survival post apocalyptic action thriller,maze runner the year_2014 decade_2010s Action Action Action Mystery Mystery Mystery SciFi SciFi SciFi dystopia plot holes survival post apocalyptic action thriller
114662,American Sniper (2014),Action|War,2014,american sniper,year_2014 decade_2010s,Action Action Action War War War,,american sniper year_2014 decade_2010s Action Action Action War War War
114935,Predestination (2014),Action|Mystery|Sci-Fi|Thriller,2014,predestination,year_2014 decade_2010s,Action Action Action Mystery Mystery Mystery SciFi SciFi SciFi Thriller Thriller Thriller,,predestination year_2014 decade_2010s Action Action Action Mystery Mystery Mystery SciFi SciFi SciFi Thriller Thriller Thriller
115149,John Wick (2014),Action|Thriller,2014,john wick,year_2014 decade_2010s,Action Action Action Thriller Thriller Thriller,action revenge keanu reeves stylish dark hero gun fu secret society,john wick year_2014 decade_2010s Action Action Action Thriller Thriller Thriller action revenge keanu reeves stylish dark hero gun fu secret society
115210,Fury (2014),Action|Drama|War,2014,fury,year_2014 decade_2010s,Action Action Action Drama Drama Drama War War War,,fury year_2014 decade_2010s Action Action Action Drama Drama Drama War War War
115569,Nightcrawler (2014),Crime|Drama|Thriller,2014,nightcrawler,year_2014 decade_2010s,Crime Crime Crime Drama Drama Drama Thriller Thriller Thriller,,nightcrawler year_2014 decade_2010s Crime Crime Crime Drama Drama Drama Thriller Thriller Thriller
115617,Big Hero 6 (2014),Action|Animation|Comedy,2014,big hero 6,year_2014 decade_2010s,Action Action Action Animation Animation Animation Comedy Comedy Comedy,feel good very funny animation robots,big hero 6 year_2014 decade_2010s Action Action Action Animation Animation Animation Comedy Comedy Comedy feel good very funny animation robots
115713,Ex Machina (2015),Drama|Sci-Fi|Thriller,2015,ex machina,year_2015 decade_2010s,Drama Drama Drama SciFi SciFi SciFi Thriller Thriller Thriller,,ex machina year_2015 decade_2010s Drama Drama Drama SciFi SciFi SciFi Thriller Thriller Thriller
116797,The Imitation Game (2014),Drama|Thriller|War,2014,the imitation game,year_2014 decade_2010s,Drama Drama Drama Thriller Thriller Thriller War War War,intelligent inspirational,the imitation game year_2014 decade_2010s Drama Drama Drama Thriller Thriller Thriller War War War intelligent inspirational
116799,Inherent Vice (2014),Comedy|Crime|Drama|Mystery|Romance,2014,inherent vice,year_2014 decade_2010s,Comedy Comedy Comedy Crime Crime Crime Drama Drama Drama Mystery Mystery Mystery Romance Romance Romance,,inherent vice year_2014 decade_2010s Comedy Comedy Comedy Crime Crime Crime Drama Drama Drama Mystery Mystery Mystery Romance Romance Romance
116823,The Hunger Games: Mockingjay - Part 1 (2014),Adventure|Sci-Fi|Thriller,2014,the hunger games mockingjay part 1,year_2014 decade_2010s,Adventure Adventure Adventure SciFi SciFi SciFi Thriller Thriller Thriller,,the hunger games mockingjay part 1 year_2014 decade_2010s Adventure Adventure Adventure SciFi SciFi SciFi Thriller Thriller Thriller
116897,Wild Tales (2014),Comedy|Drama|Thriller,2014,wild tales,year_2014 decade_2010s,Comedy Comedy Comedy Drama Drama Drama Thriller Thriller Thriller,dark humor black comedy ironic dark comedy,wild tales year_2014 decade_2010s Comedy Comedy Comedy Drama Drama Drama Thriller Thriller Thriller dark humor black comedy ironic dark comedy
117176,The Theory of Everything (2014),Drama|Romance,2014,the theory of everything,year_2014 decade_2010s,Drama Drama Drama Romance Romance Romance,,the theory of everything year_2014 decade_2010s Drama Drama Drama Romance Romance Romance
117529,Jurassic World (2015),Action|Adventure|Drama|Sci-Fi|Thriller,2015,jurassic world,year_2015 decade_2010s,Action Action Action Adventure Adventure Adventure Drama Drama Drama SciFi SciFi SciFi Thriller Thriller Thriller,,jurassic world year_2015 decade_2010s Action Action Action Adventure Adventure Adventure Drama Drama Drama SciFi SciFi SciFi Thriller Thriller Thriller
117590,Horrible Bosses 2 (2014),Comedy|Crime,2014,horrible bosses 2,year_2014 decade_2010s,Comedy Comedy Comedy Crime Crime Crime,,horrible bosses 2 year_2014 decade_2010s Comedy Comedy Comedy Crime Crime Crime
117851,Penguins of Madagascar (2014),Adventure|Animation|Children|Comedy,2014,penguins of madagascar,year_2014 decade_2010s,Adventure Adventure Adventure Animation Animation Animation Children Children Children Comedy Comedy Comedy,,penguins of madagascar year_2014 decade_2010s Adventure Adventure Adventure Animation Animation Animation Children Children Children Comedy Comedy Comedy
117881,Still Alice (2014),Drama,2014,still alice,year_2014 decade_2010s,Drama Drama Drama,,still alice year_2014 decade_2010s Drama Drama Drama
117895,Maze Runner: Scorch Trials (2015),Action|Thriller,2015,maze runner scorch trials,year_2015 decade_2010s,Action Action Action Thriller Thriller Thriller,,maze runner scorch trials year_2015 decade_2010s Action Action Action Thriller Thriller Thriller
118696,The Hobbit: The Battle of the Five Armies (2014),Adventure|Fantasy,2014,the hobbit the battle of the five armies,year_2014 decade_2010s,Adventure Adventure Adventure Fantasy Fantasy Fantasy,,the hobbit the battle of the five armies year_2014 decade_2010s Adventure Adventure Adventure Fantasy Fantasy Fantasy
118900,Wild (2014),Drama,2014,wild,year_2014 decade_2010s,Drama Drama Drama,,wild year_2014 decade_2010s Drama Drama Drama
118997,Into the Woods (2014),Children|Comedy|Fantasy|Musical,2014,into the woods,year_2014 decade_2010s,Children Children Children Comedy Comedy Comedy Fantasy Fantasy Fantasy Musical Musical Musical,,into the woods year_2014 decade_2010s Children Children Children Comedy Comedy Comedy Fantasy Fantasy Fantasy Musical Musical Musical
119141,The Interview (2014),Action|Comedy,2014,the interview,year_2014 decade_2010s,Action Action Action Comedy Comedy Comedy,bloody seth rogen funny james franco comedy bromance,the interview year_2014 decade_2010s Action Action Action Comedy Comedy Comedy bloody seth rogen funny james franco comedy bromance
119145,Kingsman: The Secret Service (2015),Action|Adventure|Comedy|Crime,2015,kingsman the secret service,year_2015 decade_2010s,Action Action Action Adventure Adventure Adventure Comedy Comedy Comedy Crime Crime Crime,slick,kingsman the secret service year_2015 decade_2010s Action Action Action Adventure Adventure Adventure Comedy Comedy Comedy Crime Crime Crime slick
119155,Night at the Museum: Secret of the Tomb (2014),Adventure|Children|Comedy|Fantasy,2014,night at the museum secret of the tomb,year_2014 decade_2010s,Adventure Adventure Adventure Children Children Children Comedy Comedy Comedy Fantasy Fantasy Fantasy,,night at the museum secret of the tomb year_2014 decade_2010s Adventure Adventure Adventure Children Children Children Comedy Comedy Comedy Fantasy Fantasy Fantasy
120466,Chappie (2015),Action|Thriller,2015,chappie,year_2015 decade_2010s,Action Action Action Thriller Thriller Thriller,,chappie year_2015 decade_2010s Action Action Action Thriller Thriller Thriller
120635,Taken 3 (2015),Action|Crime|Thriller,2015,taken 3,year_2015 decade_2010s,Action Action Action Crime Crime Crime Thriller Thriller Thriller,police action murder,taken 3 year_2015 decade_2010s Action Action Action Crime Crime Crime Thriller Thriller Thriller police action murder
120799,Terminator Genisys (2015),Action|Adventure|Sci-Fi|Thriller,2015,terminator genisys,year_2015 decade_2010s,Action Action Action Adventure Adventure Adventure SciFi SciFi SciFi Thriller Thriller Thriller,,terminator genisys year_2015 decade_2010s Action Action Action Adventure Adventure Adventure SciFi SciFi SciFi Thriller Thriller Thriller
122882,Mad Max: Fury Road (2015),Action|Adventure|Sci-Fi|Thriller,2015,mad max fury road,year_2015 decade_2010s,Action Action Action Adventure Adventure Adventure SciFi SciFi SciFi Thriller Thriller Thriller,visually appealing beautiful cinematography,mad max fury road year_2015 decade_2010s Action Action Action Adventure Adventure Adventure SciFi SciFi SciFi Thriller Thriller Thriller visually appealing beautiful cinematography
122886,Star Wars: Episode VII - The Force Awakens (2015),Action|Adventure|Fantasy|Sci-Fi,2015,star wars episode vii the force awakens,year_2015 decade_2010s,Action Action Action Adventure Adventure Adventure Fantasy Fantasy Fantasy SciFi SciFi SciFi,,star wars episode vii the force awakens year_2015 decade_2010s Action Action Action Adventure Adventure Adventure Fantasy Fantasy Fantasy SciFi SciFi SciFi
122890,Warcraft (2016),Action|Adventure|Fantasy,2016,warcraft,year_2016 decade_2010s,Action Action Action Adventure Adventure Adventure Fantasy Fantasy Fantasy,,warcraft year_2016 decade_2010s Action Action Action Adventure Adventure Adventure Fantasy Fantasy Fantasy
122892,Avengers: Age of Ultron (2015),Action|Adventure|Sci-Fi,2015,avengers age of ultron,year_2015 decade_2010s,Action Action Action Adventure Adventure Adventure SciFi SciFi SciFi,,avengers age of ultron year_2015 decade_2010s Action Action Action Adventure Adventure Adventure SciFi SciFi SciFi
122896,Pirates of the Caribbean: Dead Men Tell No Tales (2017),(no genres listed),2017,pirates of the caribbean dead men tell no tales,year_2017 decade_2010s,,,pirates of the caribbean dead men tell no tales year_2017 decade_2010s
122898,Justice League (2017),Action|Adventure|Sci-Fi,2017,justice league,year_2017 decade_2010s,Action Action Action Adventure Adventure Adventure SciFi SciFi SciFi,,justice league year_2017 decade_2010s Action Action Action Adventure Adventure Adventure SciFi SciFi SciFi
122900,Ant-Man (2015),Action|Adventure|Sci-Fi,2015,ant man,year_2015 decade_2010s,Action Action Action Adventure Adventure Adventure SciFi SciFi SciFi,,ant man year_2015 decade_2010s Action Action Action Adventure Adventure Adventure SciFi SciFi SciFi
122902,Fantastic Four (2015),Action|Adventure|Fantasy|Sci-Fi,2015,fantastic four,year_2015 decade_2010s,Action Action Action Adventure Adventure Adventure Fantasy Fantasy Fantasy SciFi SciFi SciFi,,fantastic four year_2015 decade_2010s Action Action Action Adventure Adventure Adventure Fantasy Fantasy Fantasy SciFi SciFi SciFi
122904,Deadpool (2016),Action|Adventure|Comedy|Sci-Fi,2016,deadpool,year_2016 decade_2010s,Action Action Action Adventure Adventure Adventure Comedy Comedy Comedy SciFi SciFi SciFi,,deadpool year_2016 decade_2010s Action Action Action Adventure Adventure Adventure Comedy Comedy Comedy SciFi SciFi SciFi
122906,Black Panther (2017),Action|Adventure|Sci-Fi,2017,black panther,year_2017 decade_2010s,Action Action Action Adventure Adventure Adventure SciFi SciFi SciFi,,black panther year_2017 decade_2010s Action Action Action Adventure Adventure Adventure SciFi SciFi SciFi
122912,Avengers: Infinity War - Part I (2018),Action|Adventure|Sci-Fi,2018,avengers infinity war part i,year_2018 decade_2010s,Action Action Action Adventure Adventure Adventure SciFi SciFi SciFi,emotional sad visually stunning visually appealing dark robert downey jr marvel comic book,avengers infinity war part i year_2018 decade_2010s Action Action Action Adventure Adventure Adventure SciFi SciFi SciFi emotional sad visually stunning visually appealing dark robert downey jr marvel comic book
122916,Thor: Ragnarok (2017),Action|Adventure|Sci-Fi,2017,thor ragnarok,year_2017 decade_2010s,Action Action Action Adventure Adventure Adventure SciFi SciFi SciFi,unconventional awesome white guilt humor quirky,thor ragnarok year_2017 decade_2010s Action Action Action Adventure Adventure Adventure SciFi SciFi SciFi unconventional awesome white guilt humor quirky
122918,Guardians of the Galaxy 2 (2017),Action|Adventure|Sci-Fi,2017,guardians of the galaxy 2,year_2017 decade_2010s,Action Action Action Adventure Adventure Adventure SciFi SciFi SciFi,fun,guardians of the galaxy 2 year_2017 decade_2010s Action Action Action Adventure Adventure Adventure SciFi SciFi SciFi fun
122920,Captain America: Civil War (2016),Action|Sci-Fi|Thriller,2016,captain america civil war,year_2016 decade_2010s,Action Action Action SciFi SciFi SciFi Thriller Thriller Thriller,,captain america civil war year_2016 decade_2010s Action Action Action SciFi SciFi SciFi Thriller Thriller Thriller
122922,Doctor Strange (2016),Action|Adventure|Sci-Fi,2016,doctor strange,year_2016 decade_2010s,Action Action Action Adventure Adventure Adventure SciFi SciFi SciFi,visually appealing,doctor strange year_2016 decade_2010s Action Action Action Adventure Adventure Adventure SciFi SciFi SciFi visually appealing
122924,X-Men: Apocalypse (2016),Action|Adventure|Fantasy|Sci-Fi,2016,x men apocalypse,year_2016 decade_2010s,Action Action Action Adventure Adventure Adventure Fantasy Fantasy Fantasy SciFi SciFi SciFi,,x men apocalypse year_2016 decade_2010s Action Action Action Adventure Adventure Adventure Fantasy Fantasy Fantasy SciFi SciFi SciFi
122926,Untitled Spider-Man Reboot (2017),Action|Adventure|Fantasy,2017,untitled spider man reboot,year_2017 decade_2010s,Action Action Action Adventure Adventure Adventure Fantasy Fantasy Fantasy,,untitled spider man reboot year_2017 decade_2010s Action Action Action Adventure Adventure Adventure Fantasy Fantasy Fantasy
126548,The DUFF (2015),Comedy,2015,the duff,year_2015 decade_2010s,Comedy Comedy Comedy,high school funny,the duff year_2015 decade_2010s Comedy Comedy Comedy high school funny
127198,Dope (2015),Comedy|Drama,2015,dope,year_2015 decade_2010s,Comedy Comedy Comedy Drama Drama Drama,,dope year_2015 decade_2010s Comedy Comedy Comedy Drama Drama Drama
127202,Me and Earl and the Dying Girl (2015),Drama,2015,me and earl and the dying girl,year_2015 decade_2010s,Drama Drama Drama,,me and earl and the dying girl year_2015 decade_2010s Drama Drama Drama
128360,The Hateful Eight (2015),Western,2015,the hateful eight,year_2015 decade_2010s,Western Western Western,quentin tarantino samuel l jackson western humor dialogue characters violent,the hateful eight year_2015 decade_2010s Western Western Western quentin tarantino samuel l jackson western humor dialogue characters violent
128520,The Wedding Ringer (2015),Comedy,2015,the wedding ringer,year_2015 decade_2010s,Comedy Comedy Comedy,,the wedding ringer year_2015 decade_2010s Comedy Comedy Comedy
128620,Victoria (2015),Crime|Drama|Romance,2015,victoria,year_2015 decade_2010s,Crime Crime Crime Drama Drama Drama Romance Romance Romance,,victoria year_2015 decade_2010s Crime Crime Crime Drama Drama Drama Romance Romance Romance
129354,Focus (2015),Comedy|Crime|Drama|Romance,2015,focus,year_2015 decade_2010s,Comedy Comedy Comedy Crime Crime Crime Drama Drama Drama Romance Romance Romance,,focus year_2015 decade_2010s Comedy Comedy Comedy Crime Crime Crime Drama Drama Drama Romance Romance Romance
130490,Insurgent (2015),Action|Sci-Fi|Thriller,2015,insurgent,year_2015 decade_2010s,Action Action Action SciFi SciFi SciFi Thriller Thriller Thriller,,insurgent year_2015 decade_2010s Action Action Action SciFi SciFi SciFi Thriller Thriller Thriller
130520,Home (2015),Adventure|Animation|Children|Comedy|Fantasy|Sci-Fi,2015,home,year_2015 decade_2010s,Adventure Adventure Adventure Animation Animation Animation Children Children Children Comedy Comedy Comedy Fantasy Fantasy Fantasy SciFi SciFi SciFi,,home year_2015 decade_2010s Adventure Adventure Adventure Animation Animation Animation Children Children Children Comedy Comedy Comedy Fantasy Fantasy Fantasy SciFi SciFi SciFi
130634,Furious 7 (2015),Action|Crime|Thriller,2015,furious 7,year_2015 decade_2010s,Action Action Action Crime Crime Crime Thriller Thriller Thriller,,furious 7 year_2015 decade_2010s Action Action Action Crime Crime Crime Thriller Thriller Thriller
131013,Get Hard (2015),Comedy|Crime,2015,get hard,year_2015 decade_2010s,Comedy Comedy Comedy Crime Crime Crime,,get hard year_2015 decade_2010s Comedy Comedy Comedy Crime Crime Crime
132046,Tomorrowland (2015),Action|Adventure|Children|Mystery|Sci-Fi,2015,tomorrowland,year_2015 decade_2010s,Action Action Action Adventure Adventure Adventure Children Children Children Mystery Mystery Mystery SciFi SciFi SciFi,,tomorrowland year_2015 decade_2010s Action Action Action Adventure Adventure Adventure Children Children Children Mystery Mystery Mystery SciFi SciFi SciFi
133419,Pitch Perfect 2 (2015),Comedy,2015,pitch perfect 2,year_2015 decade_2010s,Comedy Comedy Comedy,,pitch perfect 2 year_2015 decade_2010s Comedy Comedy Comedy
133771,The Lobster (2015),Comedy|Romance|Sci-Fi,2015,the lobster,year_2015 decade_2010s,Comedy Comedy Comedy Romance Romance Romance SciFi SciFi SciFi,,the lobster year_2015 decade_2010s Comedy Comedy Comedy Romance Romance Romance SciFi SciFi SciFi
134130,The Martian (2015),Adventure|Drama|Sci-Fi,2015,the martian,year_2015 decade_2010s,Adventure Adventure Adventure Drama Drama Drama SciFi SciFi SciFi,smart,the martian year_2015 decade_2010s Adventure Adventure Adventure Drama Drama Drama SciFi SciFi SciFi smart
134170,Kung Fury (2015),Action|Comedy|Fantasy|Sci-Fi,2015,kung fury,year_2015 decade_2010s,Action Action Action Comedy Comedy Comedy Fantasy Fantasy Fantasy SciFi SciFi SciFi,ridiculous funny silly,kung fury year_2015 decade_2010s Action Action Action Comedy Comedy Comedy Fantasy Fantasy Fantasy SciFi SciFi SciFi ridiculous funny silly
134368,Spy (2015),Action|Comedy|Crime,2015,spy,year_2015 decade_2010s,Action Action Action Comedy Comedy Comedy Crime Crime Crime,,spy year_2015 decade_2010s Action Action Action Comedy Comedy Comedy Crime Crime Crime
134393,Trainwreck (2015),Comedy|Romance,2015,trainwreck,year_2015 decade_2010s,Comedy Comedy Comedy Romance Romance Romance,,trainwreck year_2015 decade_2010s Comedy Comedy Comedy Romance Romance Romance
134853,Inside Out (2015),Adventure|Animation|Children|Comedy|Drama|Fantasy,2015,inside out,year_2015 decade_2010s,Adventure Adventure Adventure Animation Animation Animation Children Children Children Comedy Comedy Comedy Drama Drama Drama Fantasy Fantasy Fantasy,,inside out year_2015 decade_2010s Adventure Adventure Adventure Animation Animation Animation Children Children Children Comedy Comedy Comedy Drama Drama Drama Fantasy Fantasy Fantasy
135133,The Hunger Games: Mockingjay - Part 2 (2015),Adventure|Sci-Fi,2015,the hunger games mockingjay part 2,year_2015 decade_2010s,Adventure Adventure Adventure SciFi SciFi SciFi,dystopia love story politics,the hunger games mockingjay part 2 year_2015 decade_2010s Adventure Adventure Adventure SciFi SciFi SciFi dystopia love story politics
135137,Pixels (2015),Action|Comedy|Sci-Fi,2015,pixels,year_2015 decade_2010s,Action Action Action Comedy Comedy Comedy SciFi SciFi SciFi,,pixels year_2015 decade_2010s Action Action Action Comedy Comedy Comedy SciFi SciFi SciFi
135143,Fantastic Beasts and Where to Find Them (2016),Fantasy,2016,fantastic beasts and where to find them,year_2016 decade_2010s,Fantasy Fantasy Fantasy,,fantastic beasts and where to find them year_2016 decade_2010s Fantasy Fantasy Fantasy
135436,The Secret Life of Pets (2016),Animation|Comedy,2016,the secret life of pets,year_2016 decade_2010s,Animation Animation Animation Comedy Comedy Comedy,,the secret life of pets year_2016 decade_2010s Animation Animation Animation Comedy Comedy Comedy
135536,Suicide Squad (2016),Action|Crime|Sci-Fi,2016,suicide squad,year_2016 decade_2010s,Action Action Action Crime Crime Crime SciFi SciFi SciFi,jared leto will smith batman dc comics bad writing good soundtrack comic book superhero ben affleck visually appealing,suicide squad year_2016 decade_2010s Action Action Action Crime Crime Crime SciFi SciFi SciFi jared leto will smith batman dc comics bad writing good soundtrack comic book superhero ben affleck visually appealing
135569,Star Trek Beyond (2016),Action|Adventure|Sci-Fi,2016,star trek beyond,year_2016 decade_2010s,Action Action Action Adventure Adventure Adventure SciFi SciFi SciFi,,star trek beyond year_2016 decade_2010s Action Action Action Adventure Adventure Adventure SciFi SciFi SciFi
135861,Ted 2 (2015),Comedy,2015,ted 2,year_2015 decade_2010s,Comedy Comedy Comedy,,ted 2 year_2015 decade_2010s Comedy Comedy Comedy
135887,Minions (2015),Adventure|Animation|Children|Comedy,2015,minions,year_2015 decade_2010s,Adventure Adventure Adventure Animation Animation Animation Children Children Children Comedy Comedy Comedy,,minions year_2015 decade_2010s Adventure Adventure Adventure Animation Animation Animation Children Children Children Comedy Comedy Comedy
136020,Spectre (2015),Action|Adventure|Crime,2015,spectre,year_2015 decade_2010s,Action Action Action Adventure Adventure Adventure Crime Crime Crime,,spectre year_2015 decade_2010s Action Action Action Adventure Adventure Adventure Crime Crime Crime
136562,Steve Jobs (2015),Drama,2015,steve jobs,year_2015 decade_2010s,Drama Drama Drama,,steve jobs year_2015 decade_2010s Drama Drama Drama
136598,Vacation (2015),Adventure|Comedy,2015,vacation,year_2015 decade_2010s,Adventure Adventure Adventure Comedy Comedy Comedy,,vacation year_2015 decade_2010s Adventure Adventure Adventure Comedy Comedy Comedy
136864,Batman v Superman: Dawn of Justice (2016),Action|Adventure|Fantasy|Sci-Fi,2016,batman v superman dawn of justice,year_2016 decade_2010s,Action Action Action Adventure Adventure Adventure Fantasy Fantasy Fantasy SciFi SciFi SciFi,batman ben affleck dc comics dark action superhero,batman v superman dawn of justice year_2016 decade_2010s Action Action Action Adventure Adventure Adventure Fantasy Fantasy Fantasy SciFi SciFi SciFi batman ben affleck dc comics dark action superhero
137857,The Jungle Book (2016),Adventure|Drama|Fantasy,2016,the jungle book,year_2016 decade_2010s,Adventure Adventure Adventure Drama Drama Drama Fantasy Fantasy Fantasy,,the jungle book year_2016 decade_2010s Adventure Adventure Adventure Drama Drama Drama Fantasy Fantasy Fantasy
138036,The Man from U.N.C.L.E. (2015),Action|Adventure|Comedy,2015,the man from u n c l e,year_2015 decade_2010s,Action Action Action Adventure Adventure Adventure Comedy Comedy Comedy,stylish slick,the man from u n c l e year_2015 decade_2010s Action Action Action Adventure Adventure Adventure Comedy Comedy Comedy stylish slick
138210,13 Hours (2016),Drama,2016,13 hours,year_2016 decade_2010s,Drama Drama Drama,,13 hours year_2016 decade_2010s Drama Drama Drama
139385,The Revenant (2015),Adventure|Drama,2015,the revenant,year_2015 decade_2010s,Adventure Adventure Adventure Drama Drama Drama,cinematography visually appealing survival tom hardy,the revenant year_2015 decade_2010s Adventure Adventure Adventure Drama Drama Drama cinematography visually appealing survival tom hardy
139642,Southpaw (2015),Action|Drama,2015,southpaw,year_2015 decade_2010s,Action Action Action Drama Drama Drama,,southpaw year_2015 decade_2010s Action Action Action Drama Drama Drama
139644,Sicario (2015),Crime|Drama|Mystery,2015,sicario,year_2015 decade_2010s,Crime Crime Crime Drama Drama Drama Mystery Mystery Mystery,atmospheric,sicario year_2015 decade_2010s Crime Crime Crime Drama Drama Drama Mystery Mystery Mystery atmospheric
140110,The Intern (2015),Comedy,2015,the intern,year_2015 decade_2010s,Comedy Comedy Comedy,,the intern year_2015 decade_2010s Comedy Comedy Comedy
140174,Room (2015),Drama,2015,room,year_2015 decade_2010s,Drama Drama Drama,moving touching,room year_2015 decade_2010s Drama Drama Drama moving touching
140711,American Ultra (2015),Action|Comedy|Sci-Fi|Thriller,2015,american ultra,year_2015 decade_2010s,Action Action Action Comedy Comedy Comedy SciFi SciFi SciFi Thriller Thriller Thriller,,american ultra year_2015 decade_2010s Action Action Action Comedy Comedy Comedy SciFi SciFi SciFi Thriller Thriller Thriller
140715,Straight Outta Compton (2015),Drama,2015,straight outta compton,year_2015 decade_2010s,Drama Drama Drama,,straight outta compton year_2015 decade_2010s Drama Drama Drama
140928,Joy (2015),Comedy|Drama,2015,joy,year_2015 decade_2010s,Comedy Comedy Comedy Drama Drama Drama,,joy year_2015 decade_2010s Comedy Comedy Comedy Drama Drama Drama
142448,Everest (2015),Adventure|Drama|Thriller,2015,everest,year_2015 decade_2010s,Adventure Adventure Adventure Drama Drama Drama Thriller Thriller Thriller,,everest year_2015 decade_2010s Adventure Adventure Adventure Drama Drama Drama Thriller Thriller Thriller
142488,Spotlight (2015),Thriller,2015,spotlight,year_2015 decade_2010s,Thriller Thriller Thriller,,spotlight year_2015 decade_2010s Thriller Thriller Thriller
143355,Wonder Woman (2017),Action|Adventure|Fantasy,2017,wonder woman,year_2017 decade_2010s,Action Action Action Adventure Adventure Adventure Fantasy Fantasy Fantasy,,wonder woman year_2017 decade_2010s Action Action Action Adventure Adventure Adventure Fantasy Fantasy Fantasy
143385,Bridge of Spies (2015),Drama|Thriller,2015,bridge of spies,year_2015 decade_2010s,Drama Drama Drama Thriller Thriller Thriller,,bridge of spies year_2015 decade_2010s Drama Drama Drama Thriller Thriller Thriller
143859,"Hail, Caesar! (2016)",Comedy,2016,hail caesar,year_2016 decade_2010s,Comedy Comedy Comedy,,hail caesar year_2016 decade_2010s Comedy Comedy Comedy
146656,Creed (2015),Drama,2015,creed,year_2015 decade_2010s,Drama Drama Drama,,creed year_2015 decade_2010s Drama Drama Drama
148626,"Big Short, The (2015)",Drama,2015,big short the,year_2015 decade_2010s,Drama Drama Drama,witty interesting funny,big short the year_2015 decade_2010s Drama Drama Drama witty interesting funny
149352,Daddy's Home (2015),Comedy,2015,daddy s home,year_2015 decade_2010s,Comedy Comedy Comedy,,daddy s home year_2015 decade_2010s Comedy Comedy Comedy
149354,Sisters (2015),Children|Comedy,2015,sisters,year_2015 decade_2010s,Children Children Children Comedy Comedy Comedy,,sisters year_2015 decade_2010s Children Children Children Comedy Comedy Comedy
149406,Kung Fu Panda 3 (2016),Action|Adventure|Animation,2016,kung fu panda 3,year_2016 decade_2010s,Action Action Action Adventure Adventure Adventure Animation Animation Animation,,kung fu panda 3 year_2016 decade_2010s Action Action Action Adventure Adventure Adventure Animation Animation Animation
150548,Sherlock: The Abominable Bride (2016),Action|Crime|Drama|Mystery|Thriller,2016,sherlock the abominable bride,year_2016 decade_2010s,Action Action Action Crime Crime Crime Drama Drama Drama Mystery Mystery Mystery Thriller Thriller Thriller,,sherlock the abominable bride year_2016 decade_2010s Action Action Action Crime Crime Crime Drama Drama Drama Mystery Mystery Mystery Thriller Thriller Thriller
152077,10 Cloverfield Lane (2016),Thriller,2016,10 cloverfield lane,year_2016 decade_2010s,Thriller Thriller Thriller,suspense creepy,10 cloverfield lane year_2016 decade_2010s Thriller Thriller Thriller suspense creepy
152081,Zootopia (2016),Action|Adventure|Animation|Children|Comedy,2016,zootopia,year_2016 decade_2010s,Action Action Action Adventure Adventure Adventure Animation Animation Animation Children Children Children Comedy Comedy Comedy,,zootopia year_2016 decade_2010s Action Action Action Adventure Adventure Adventure Animation Animation Animation Children Children Children Comedy Comedy Comedy
156609,Neighbors 2: Sorority Rising (2016),Comedy,2016,neighbors 2 sorority rising,year_2016 decade_2010s,Comedy Comedy Comedy,,neighbors 2 sorority rising year_2016 decade_2010s Comedy Comedy Comedy
157296,Finding Dory (2016),Adventure|Animation|Comedy,2016,finding dory,year_2016 decade_2010s,Adventure Adventure Adventure Animation Animation Animation Comedy Comedy Comedy,,finding dory year_2016 decade_2010s Adventure Adventure Adventure Animation Animation Animation Comedy Comedy Comedy
157699,Snowden (2016),Drama|Thriller,2016,snowden,year_2016 decade_2010s,Drama Drama Drama Thriller Thriller Thriller,,snowden year_2016 decade_2010s Drama Drama Drama Thriller Thriller Thriller
158238,The Nice Guys (2016),Crime|Mystery|Thriller,2016,the nice guys,year_2016 decade_2010s,Crime Crime Crime Mystery Mystery Mystery Thriller Thriller Thriller,,the nice guys year_2016 decade_2010s Crime Crime Crime Mystery Mystery Mystery Thriller Thriller Thriller
158872,Sausage Party (2016),Animation|Comedy,2016,sausage party,year_2016 decade_2010s,Animation Animation Animation Comedy Comedy Comedy,crude humor satire sarcasm mindfuck,sausage party year_2016 decade_2010s Animation Animation Animation Comedy Comedy Comedy crude humor satire sarcasm mindfuck
158966,Captain Fantastic (2016),Drama,2016,captain fantastic,year_2016 decade_2010s,Drama Drama Drama,,captain fantastic year_2016 decade_2010s Drama Drama Drama
159093,Now You See Me 2 (2016),Action|Comedy|Thriller,2016,now you see me 2,year_2016 decade_2010s,Action Action Action Comedy Comedy Comedy Thriller Thriller Thriller,,now you see me 2 year_2016 decade_2010s Action Action Action Comedy Comedy Comedy Thriller Thriller Thriller
159817,Planet Earth (2006),Documentary,2006,planet earth,year_2006 decade_2000s,Documentary Documentary Documentary,,planet earth year_2006 decade_2000s Documentary Documentary Documentary
160080,Ghostbusters (2016),Action|Comedy|Horror|Sci-Fi,2016,ghostbusters,year_2016 decade_2010s,Action Action Action Comedy Comedy Comedy Horror Horror Horror SciFi SciFi SciFi,,ghostbusters year_2016 decade_2010s Action Action Action Comedy Comedy Comedy Horror Horror Horror SciFi SciFi SciFi
160438,Jason Bourne (2016),Action,2016,jason bourne,year_2016 decade_2010s,Action Action Action,,jason bourne year_2016 decade_2010s Action Action Action
160563,The Legend of Tarzan (2016),Action|Adventure,2016,the legend of tarzan,year_2016 decade_2010s,Action Action Action Adventure Adventure Adventure,,the legend of tarzan year_2016 decade_2010s Action Action Action Adventure Adventure Adventure
160980,Sully (2016),Drama,2016,sully,year_2016 decade_2010s,Drama Drama Drama,,sully year_2016 decade_2010s Drama Drama Drama
161131,War Dogs (2016),Comedy,2016,war dogs,year_2016 decade_2010s,Comedy Comedy Comedy,,war dogs year_2016 decade_2010s Comedy Comedy Comedy
161582,Hell or High Water (2016),Crime|Drama,2016,hell or high water,year_2016 decade_2010s,Crime Crime Crime Drama Drama Drama,,hell or high water year_2016 decade_2010s Crime Crime Crime Drama Drama Drama
161634,Don't Breathe (2016),Thriller,2016,don t breathe,year_2016 decade_2010s,Thriller Thriller Thriller,intense,don t breathe year_2016 decade_2010s Thriller Thriller Thriller intense
162350,The Magnificent Seven (2016),Action|Western,2016,the magnificent seven,year_2016 decade_2010s,Action Action Action Western Western Western,,the magnificent seven year_2016 decade_2010s Action Action Action Western Western Western
162578,Kubo and the Two Strings (2016),Adventure|Animation|Children|Fantasy,2016,kubo and the two strings,year_2016 decade_2010s,Adventure Adventure Adventure Animation Animation Animation Children Children Children Fantasy Fantasy Fantasy,,kubo and the two strings year_2016 decade_2010s Adventure Adventure Adventure Animation Animation Animation Children Children Children Fantasy Fantasy Fantasy
162606,The Accountant (2016),Crime|Drama|Thriller,2016,the accountant,year_2016 decade_2010s,Crime Crime Crime Drama Drama Drama Thriller Thriller Thriller,,the accountant year_2016 decade_2010s Crime Crime Crime Drama Drama Drama Thriller Thriller Thriller
163645,Hacksaw Ridge (2016),Drama|War,2016,hacksaw ridge,year_2016 decade_2010s,Drama Drama Drama War War War,,hacksaw ridge year_2016 decade_2010s Drama Drama Drama War War War
164179,Arrival (2016),Sci-Fi,2016,arrival,year_2016 decade_2010s,SciFi SciFi SciFi,cerebral thought provoking visually appealing cinematography smart,arrival year_2016 decade_2010s SciFi SciFi SciFi cerebral thought provoking visually appealing cinematography smart
164909,La La Land (2016),Comedy|Drama|Romance,2016,la la land,year_2016 decade_2010s,Comedy Comedy Comedy Drama Drama Drama Romance Romance Romance,bittersweet visually appealing,la la land year_2016 decade_2010s Comedy Comedy Comedy Drama Drama Drama Romance Romance Romance bittersweet visually appealing
165549,Manchester by the Sea (2016),Drama,2016,manchester by the sea,year_2016 decade_2010s,Drama Drama Drama,,manchester by the sea year_2016 decade_2010s Drama Drama Drama
166461,Moana (2016),Adventure|Animation|Children|Comedy|Fantasy,2016,moana,year_2016 decade_2010s,Adventure Adventure Adventure Animation Animation Animation Children Children Children Comedy Comedy Comedy Fantasy Fantasy Fantasy,,moana year_2016 decade_2010s Adventure Adventure Adventure Animation Animation Animation Children Children Children Comedy Comedy Comedy Fantasy Fantasy Fantasy
166528,Rogue One: A Star Wars Story (2016),Action|Adventure|Fantasy|Sci-Fi,2016,rogue one a star wars story,year_2016 decade_2010s,Action Action Action Adventure Adventure Adventure Fantasy Fantasy Fantasy SciFi SciFi SciFi,,rogue one a star wars story year_2016 decade_2010s Action Action Action Adventure Adventure Adventure Fantasy Fantasy Fantasy SciFi SciFi SciFi
166534,Split (2017),Drama|Horror|Thriller,2017,split,year_2017 decade_2010s,Drama Drama Drama Horror Horror Horror Thriller Thriller Thriller,,split year_2017 decade_2010s Drama Drama Drama Horror Horror Horror Thriller Thriller Thriller
166635,Passengers (2016),Adventure|Drama|Romance|Sci-Fi,2016,passengers,year_2016 decade_2010s,Adventure Adventure Adventure Drama Drama Drama Romance Romance Romance SciFi SciFi SciFi,,passengers year_2016 decade_2010s Adventure Adventure Adventure Drama Drama Drama Romance Romance Romance SciFi SciFi SciFi
166643,Hidden Figures (2016),Drama,2016,hidden figures,year_2016 decade_2010s,Drama Drama Drama,,hidden figures year_2016 decade_2010s Drama Drama Drama
167746,The Lego Batman Movie (2017),Action|Animation|Comedy,2017,the lego batman movie,year_2017 decade_2010s,Action Action Action Animation Animation Animation Comedy Comedy Comedy,funny heartwarming,the lego batman movie year_2017 decade_2010s Action Action Action Animation Animation Animation Comedy Comedy Comedy funny heartwarming
168248,John Wick: Chapter Two (2017),Action|Crime|Thriller,2017,john wick chapter two,year_2017 decade_2010s,Action Action Action Crime Crime Crime Thriller Thriller Thriller,heroic bloodshed secret society keanu reeves organized crime dark hero hitman action,john wick chapter two year_2017 decade_2010s Action Action Action Crime Crime Crime Thriller Thriller Thriller heroic bloodshed secret society keanu reeves organized crime dark hero hitman action
168250,Get Out (2017),Horror,2017,get out,year_2017 decade_2010s,Horror Horror Horror,,get out year_2017 decade_2010s Horror Horror Horror
168252,Logan (2017),Action|Sci-Fi,2017,logan,year_2017 decade_2010s,Action Action Action SciFi SciFi SciFi,gritty dark emotional heartbreaking,logan year_2017 decade_2010s Action Action Action SciFi SciFi SciFi gritty dark emotional heartbreaking
168418,The Boss Baby (2017),Animation|Children|Comedy,2017,the boss baby,year_2017 decade_2010s,Animation Animation Animation Children Children Children Comedy Comedy Comedy,,the boss baby year_2017 decade_2010s Animation Animation Animation Children Children Children Comedy Comedy Comedy
169984,Alien: Covenant (2017),Action|Horror|Sci-Fi|Thriller,2017,alien covenant,year_2017 decade_2010s,Action Action Action Horror Horror Horror SciFi SciFi SciFi Thriller Thriller Thriller,,alien covenant year_2017 decade_2010s Action Action Action Horror Horror Horror SciFi SciFi SciFi Thriller Thriller Thriller
170705,Band of Brothers (2001),Action|Drama|War,2001,band of brothers,year_2001 decade_2000s,Action Action Action Drama Drama Drama War War War,,band of brothers year_2001 decade_2000s Action Action Action Drama Drama Drama War War War
171011,Planet Earth II (2016),Documentary,2016,planet earth ii,year_2016 decade_2010s,Documentary Documentary Documentary,,planet earth ii year_2016 decade_2010s Documentary Documentary Documentary
171763,Baby Driver (2017),Action|Crime|Thriller,2017,baby driver,year_2017 decade_2010s,Action Action Action Crime Crime Crime Thriller Thriller Thriller,,baby driver year_2017 decade_2010s Action Action Action Crime Crime Crime Thriller Thriller Thriller
174055,Dunkirk (2017),Action|Drama|Thriller|War,2017,dunkirk,year_2017 decade_2010s,Action Action Action Drama Drama Drama Thriller Thriller Thriller War War War,tense inspiring,dunkirk year_2017 decade_2010s Action Action Action Drama Drama Drama Thriller Thriller Thriller War War War tense inspiring
175303,It (2017),Horror,2017,it,year_2017 decade_2010s,Horror Horror Horror,,it year_2017 decade_2010s Horror Horror Horror
175569,Wind River (2017),Action|Crime|Mystery|Thriller,2017,wind river,year_2017 decade_2010s,Action Action Action Crime Crime Crime Mystery Mystery Mystery Thriller Thriller Thriller,,wind river year_2017 decade_2010s Action Action Action Crime Crime Crime Mystery Mystery Mystery Thriller Thriller Thriller
176101,Kingsman: The Golden Circle (2017),Action|Adventure|Comedy,2017,kingsman the golden circle,year_2017 decade_2010s,Action Action Action Adventure Adventure Adventure Comedy Comedy Comedy,,kingsman the golden circle year_2017 decade_2010s Action Action Action Adventure Adventure Adventure Comedy Comedy Comedy
176371,Blade Runner 2049 (2017),Sci-Fi,2017,blade runner 2049,year_2017 decade_2010s,SciFi SciFi SciFi,cinematography atmospheric beautiful existentialism dreamlike moody philosophical dark,blade runner 2049 year_2017 decade_2010s SciFi SciFi SciFi cinematography atmospheric beautiful existentialism dreamlike moody philosophical dark
177593,"Three Billboards Outside Ebbing, Missouri (2017)",Crime|Drama,2017,three billboards outside ebbing missouri,year_2017 decade_2010s,Crime Crime Crime Drama Drama Drama,,three billboards outside ebbing missouri year_2017 decade_2010s Crime Crime Crime Drama Drama Drama
177765,Coco (2017),Adventure|Animation|Children,2017,coco,year_2017 decade_2010s,Adventure Adventure Adventure Animation Animation Animation Children Children Children,,coco year_2017 decade_2010s Adventure Adventure Adventure Animation Animation Animation Children Children Children
179401,Jumanji: Welcome to the Jungle (2017),Action|Adventure|Children,2017,jumanji welcome to the jungle,year_2017 decade_2010s,Action Action Action Adventure Adventure Adventure Children Children Children,comedy funny action,jumanji welcome to the jungle year_2017 decade_2010s Action Action Action Adventure Adventure Adventure Children Children Children comedy funny action
179819,Star Wars: The Last Jedi (2017),Action|Adventure|Fantasy|Sci-Fi,2017,star wars the last jedi,year_2017 decade_2010s,Action Action Action Adventure Adventure Adventure Fantasy Fantasy Fantasy SciFi SciFi SciFi,,star wars the last jedi year_2017 decade_2010s Action Action Action Adventure Adventure Adventure Fantasy Fantasy Fantasy SciFi SciFi SciFi
180031,The Shape of Water (2017),Adventure|Drama|Fantasy,2017,the shape of water,year_2017 decade_2010s,Adventure Adventure Adventure Drama Drama Drama Fantasy Fantasy Fantasy,atmospheric dreamlike,the shape of water year_2017 decade_2010s Adventure Adventure Adventure Drama Drama Drama Fantasy Fantasy Fantasy atmospheric dreamlike
180985,The Greatest Showman (2017),Drama,2017,the greatest showman,year_2017 decade_2010s,Drama Drama Drama,,the greatest showman year_2017 decade_2010s Drama Drama Drama
183897,Isle of Dogs (2018),Animation|Comedy,2018,isle of dogs,year_2018 decade_2010s,Animation Animation Animation Comedy Comedy Comedy,,isle of dogs year_2018 decade_2010s Animation Animation Animation Comedy Comedy Comedy
187593,Deadpool 2 (2018),Action|Comedy|Sci-Fi,2018,deadpool 2,year_2018 decade_2010s,Action Action Action Comedy Comedy Comedy SciFi SciFi SciFi,sarcasm ryan reynolds,deadpool 2 year_2018 decade_2010s Action Action Action Comedy Comedy Comedy SciFi SciFi SciFi sarcasm ryan reynolds
187595,Solo: A Star Wars Story (2018),Action|Adventure|Children|Sci-Fi,2018,solo a star wars story,year_2018 decade_2010s,Action Action Action Adventure Adventure Adventure Children Children Children SciFi SciFi SciFi,star wars,solo a star wars story year_2018 decade_2010s Action Action Action Adventure Adventure Adventure Children Children Children SciFi SciFi SciFi star wars
